gene,sig_tissues,n_sig_tissues,lymphoid_fdr,tier
A1BG,liver,1,,3_vital
A1CF,liver,1,,3_vital
A2M,"liver, lung",2,,3_vital
A2ML1,esophagus,1,,2_restricted
A3GALT2,testis,1,,1b_testis_CT
A4GALT,heart muscle,1,,3_vital
A4GNT,stomach,1,,2_restricted
AAAS,,0,,4_broad
AACS,"breast, salivary gland, skin",3,,2_restricted
AADAC,liver,1,,3_vital
AADACL2,skin,1,,2_restricted
AADACL3,"placenta, skin",2,,2_restricted
AADACL4,choroid plexus,1,,3_vital
AADAT,liver,1,,3_vital
AAGAB,,0,,4_broad
AAK1,parathyroid gland,1,,2_restricted
AAMDC,skeletal muscle,1,,3_vital
AAMP,,0,,4_broad
AANAT,retina,1,,3_vital
AAR2,,0,,4_broad
AARD,testis,1,,1b_testis_CT
AARS1,cerebral cortex,1,,3_vital
AARS2,,0,,4_broad
AARSD1,"skeletal muscle, testis, tongue",3,,3_vital
AASDH,retina,1,,3_vital
AASDHPPT,cerebral cortex,1,,3_vital
AASS,"liver, ovary",2,,3_vital
AATF,,0,,4_broad
AATK,spinal cord,1,,3_vital
ABAT,liver,1,,3_vital
ABCA1,"adrenal gland, liver",2,,3_vital
ABCA10,ovary,1,,2_restricted
ABCA12,skin,1,,2_restricted
ABCA13,bone marrow,1,8.502074827683739e-49,1a_lymphoid
ABCA2,spinal cord,1,,3_vital
ABCA3,lung,1,,3_vital
ABCA4,retina,1,,3_vital
ABCA5,skeletal muscle,1,,3_vital
ABCA6,liver,1,,3_vital
ABCA7,"pituitary gland, spleen",2,0.005114571716702175,3_vital
ABCA8,,0,,4_broad
ABCA9,adipose tissue,1,,2_restricted
ABCB1,"adrenal gland, small intestine",2,,3_vital
ABCB10,bone marrow,1,2.21161219320681e-18,1a_lymphoid
ABCB11,liver,1,,3_vital
ABCB4,liver,1,,3_vital
ABCB5,epididymis,1,,2_restricted
ABCB6,skeletal muscle,1,,3_vital
ABCB7,skeletal muscle,1,,3_vital
ABCB8,cerebellum,1,,3_vital
ABCB9,"cerebellum, cerebral cortex",2,,3_vital
ABCC1,"blood vessel, skeletal muscle",2,,3_vital
ABCC10,cerebellum,1,,3_vital
ABCC11,breast,1,,2_restricted
ABCC12,"skeletal muscle, testis",2,,3_vital
ABCC2,liver,1,,3_vital
ABCC3,"adrenal gland, liver",2,,3_vital
ABCC4,prostate,1,,2_restricted
ABCC5,"choroid plexus, retina, skeletal muscle",3,,3_vital
ABCC6,liver,1,,3_vital
ABCC8,"cerebellum, pituitary gland",2,,3_vital
ABCC9,"liver, skeletal muscle",2,,3_vital
ABCD1,"adrenal gland, endometrium",2,,3_vital
ABCD2,adipose tissue,1,,2_restricted
ABCD3,liver,1,,3_vital
ABCD4,,0,,4_broad
ABCE1,,0,,4_broad
ABCF1,skeletal muscle,1,,3_vital
ABCF2,skeletal muscle,1,,3_vital
ABCF2-H2BK1,skeletal muscle,1,,3_vital
ABCF3,"adrenal gland, skeletal muscle",2,,3_vital
ABCG1,adrenal gland,1,,3_vital
ABCG2,small intestine,1,,2_restricted
ABCG4,retina,1,,3_vital
ABCG5,"duodenum, liver, small intestine",3,,3_vital
ABCG8,"duodenum, liver, small intestine",3,,3_vital
ABHD1,testis,1,,1b_testis_CT
ABHD10,"epididymis, kidney",2,,3_vital
ABHD11,,0,,4_broad
ABHD12,epididymis,1,,2_restricted
ABHD12B,"retina, skin",2,,3_vital
ABHD13,bone marrow,1,6.028398066492555e-05,1a_lymphoid
ABHD14A,"cerebellum, choroid plexus",2,,3_vital
ABHD14A-ACY1,,0,,4_broad
ABHD14B,liver,1,,3_vital
ABHD15,"adipose tissue, liver",2,,3_vital
ABHD16A,,0,,4_broad
ABHD16B,testis,1,,1b_testis_CT
ABHD17A,hippocampal formation,1,,3_vital
ABHD17B,thymus,1,0.0022100911404533867,1a_lymphoid
ABHD17C,"colon, rectum",2,,2_restricted
ABHD18,"heart muscle, tongue",2,,3_vital
ABHD2,liver,1,,3_vital
ABHD3,"colon, rectum",2,,2_restricted
ABHD4,,0,,4_broad
ABHD5,bone marrow,1,0.0012818338221301632,1a_lymphoid
ABHD6,liver,1,,3_vital
ABHD8,cerebral cortex,1,,3_vital
ABI1,bone marrow,1,4.695573232125192e-05,1a_lymphoid
ABI2,cerebral cortex,1,,3_vital
ABI3,spleen,1,4.4414391515992215e-13,1a_lymphoid
ABI3BP,,0,,4_broad
ABITRAM,,0,,4_broad
ABL1,colon,1,,2_restricted
ABL2,gallbladder,1,,2_restricted
ABLIM1,"cerebellum, heart muscle",2,,3_vital
ABLIM2,skeletal muscle,1,,3_vital
ABLIM3,liver,1,,3_vital
ABO,"ovary, small intestine",2,,2_restricted
ABR,cerebral cortex,1,,3_vital
ABRA,skeletal muscle,1,,3_vital
ABRACL,,0,,4_broad
ABRAXAS1,"ovary, testis",2,,2_restricted
ABRAXAS2,skeletal muscle,1,,3_vital
ABT1,bone marrow,1,0.0001399147898367607,1a_lymphoid
ABTB1,"cerebellum, spleen",2,0.005176205803109465,3_vital
ABTB2,spinal cord,1,,3_vital
ABTB3,parathyroid gland,1,,2_restricted
ACAA1,liver,1,,3_vital
ACAA2,liver,1,,3_vital
ACACA,,0,,4_broad
ACACB,"adipose tissue, skeletal muscle",2,,3_vital
ACAD10,liver,1,,3_vital
ACAD11,"kidney, liver",2,,3_vital
ACAD8,tongue,1,,2_restricted
ACAD9,skin,1,,2_restricted
ACADL,"blood vessel, liver",2,,3_vital
ACADM,"liver, skeletal muscle, tongue",3,,3_vital
ACADS,"liver, skeletal muscle",2,,3_vital
ACADSB,liver,1,,3_vital
ACADVL,"skeletal muscle, tongue",2,,3_vital
ACAN,blood vessel,1,,2_restricted
ACAP1,spleen,1,1.1181867104111173e-09,1a_lymphoid
ACAP2,bone marrow,1,0.00764080479961665,1a_lymphoid
ACAP3,cerebellum,1,,3_vital
ACAT1,"kidney, liver",2,,3_vital
ACAT2,liver,1,,3_vital
ACBD3,,0,,4_broad
ACBD4,liver,1,,3_vital
ACBD5,liver,1,,3_vital
ACBD6,testis,1,,1b_testis_CT
ACBD7,"amygdala, basal ganglia, cerebral cortex",3,,3_vital
ACCS,,0,,4_broad
ACCSL,"skin, testis",2,,2_restricted
ACD,,0,,4_broad
ACE,"duodenum, small intestine",2,,2_restricted
ACE2,"duodenum, small intestine",2,,2_restricted
ACER1,skin,1,,2_restricted
ACER2,"stomach, urinary bladder",2,,2_restricted
ACER3,spinal cord,1,,3_vital
ACHE,"hypothalamus, skeletal muscle",2,,3_vital
ACIN1,,0,,4_broad
ACKR1,"adipose tissue, breast",2,,2_restricted
ACKR2,"liver, placenta",2,,3_vital
ACKR3,blood vessel,1,,2_restricted
ACKR4,duodenum,1,,2_restricted
ACLY,adipose tissue,1,,2_restricted
ACMSD,"kidney, liver",2,,3_vital
ACO1,"adipose tissue, liver",2,,3_vital
ACO2,"skeletal muscle, tongue",2,,3_vital
ACOD1,appendix,1,1.5205325891804904e-18,1a_lymphoid
ACOT1,liver,1,,3_vital
ACOT11,duodenum,1,,2_restricted
ACOT12,liver,1,,3_vital
ACOT13,liver,1,,3_vital
ACOT2,"liver, skeletal muscle",2,,3_vital
ACOT4,"kidney, liver",2,,3_vital
ACOT6,"kidney, liver, skeletal muscle",3,,3_vital
ACOT7,"cerebral cortex, hypothalamus",2,,3_vital
ACOT8,,0,,4_broad
ACOT9,heart muscle,1,,3_vital
ACOX1,liver,1,,3_vital
ACOX2,liver,1,,3_vital
ACOX3,esophagus,1,,2_restricted
ACOXL,"epididymis, lung",2,,3_vital
ACP1,,0,,4_broad
ACP2,liver,1,,3_vital
ACP3,prostate,1,,2_restricted
ACP4,testis,1,,1b_testis_CT
ACP5,lung,1,,3_vital
ACP6,,0,,4_broad
ACP7,"cerebellum, skin",2,,3_vital
ACR,testis,1,,1b_testis_CT
ACRBP,testis,1,,1b_testis_CT
ACRV1,testis,1,,1b_testis_CT
ACSBG1,"basal ganglia, spinal cord",2,,3_vital
ACSBG2,testis,1,,1b_testis_CT
ACSF2,kidney,1,,3_vital
ACSF3,thymus,1,0.0006952057598937713,1a_lymphoid
ACSL1,"liver, skeletal muscle",2,,3_vital
ACSL3,parathyroid gland,1,,2_restricted
ACSL4,urinary bladder,1,,2_restricted
ACSL5,"duodenum, small intestine",2,,2_restricted
ACSL6,retina,1,,3_vital
ACSM1,breast,1,,2_restricted
ACSM2A,"kidney, liver",2,,3_vital
ACSM2B,"kidney, liver",2,,3_vital
ACSM3,liver,1,,3_vital
ACSM4,testis,1,,1b_testis_CT
ACSM5,liver,1,,3_vital
ACSM6,"pancreas, thymus",2,9.973915225284992e-05,3_vital
ACSS1,choroid plexus,1,,3_vital
ACSS2,"skeletal muscle, tongue",2,,3_vital
ACSS3,liver,1,,3_vital
ACTA1,skeletal muscle,1,,3_vital
ACTA2,"blood vessel, smooth muscle",2,,2_restricted
ACTB,"blood vessel, colon",2,,2_restricted
ACTBL2,skin,1,,2_restricted
ACTC1,heart muscle,1,,3_vital
ACTG1,,0,,4_broad
ACTG2,"colon, smooth muscle",2,,2_restricted
ACTL10,testis,1,,1b_testis_CT
ACTL6A,testis,1,,1b_testis_CT
ACTL6B,"cerebellum, cerebral cortex",2,,3_vital
ACTL7A,testis,1,,1b_testis_CT
ACTL7B,testis,1,,1b_testis_CT
ACTL8,testis,1,,1b_testis_CT
ACTL9,testis,1,,1b_testis_CT
ACTN1,smooth muscle,1,,2_restricted
ACTN2,"skeletal muscle, tongue",2,,3_vital
ACTN3,skeletal muscle,1,,3_vital
ACTN4,blood vessel,1,,2_restricted
ACTR10,,0,,4_broad
ACTR1A,skeletal muscle,1,,3_vital
ACTR1B,,0,,4_broad
ACTR2,"lymph node, tonsil",2,0.01696987065114946,1a_lymphoid
ACTR3,"lymph node, tonsil",2,0.002722247438313451,1a_lymphoid
ACTR3B,basal ganglia,1,,3_vital
ACTR3C,parathyroid gland,1,,2_restricted
ACTR5,testis,1,,1b_testis_CT
ACTR6,breast,1,,2_restricted
ACTR8,testis,1,,1b_testis_CT
ACTRT1,testis,1,,1b_testis_CT
ACTRT2,testis,1,,1b_testis_CT
ACTRT3,testis,1,,1b_testis_CT
ACVR1,thyroid gland,1,,2_restricted
ACVR1B,parathyroid gland,1,,2_restricted
ACVR1C,adipose tissue,1,,2_restricted
ACVR2A,"skeletal muscle, skin",2,,3_vital
ACVR2B,"retina, skeletal muscle",2,,3_vital
ACVRL1,"lung, placenta",2,,3_vital
ACY1,"kidney, liver",2,,3_vital
ACY3,"duodenum, kidney, small intestine",3,,3_vital
ACYP1,,0,,4_broad
ACYP2,"skeletal muscle, tongue",2,,3_vital
ADA,"duodenum, thymus",2,0.04240467705774374,1a_lymphoid
ADA2,spleen,1,2.227908762255786e-05,1a_lymphoid
ADAD1,testis,1,,1b_testis_CT
ADAD2,testis,1,,1b_testis_CT
ADAL,tongue,1,,2_restricted
ADAM10,thymus,1,0.003366790629475621,1a_lymphoid
ADAM11,cerebellum,1,,3_vital
ADAM12,placenta,1,,2_restricted
ADAM15,skin,1,,2_restricted
ADAM17,placenta,1,,2_restricted
ADAM18,testis,1,,1b_testis_CT
ADAM19,,0,,4_broad
ADAM2,testis,1,,1b_testis_CT
ADAM20,testis,1,,1b_testis_CT
ADAM21,testis,1,,1b_testis_CT
ADAM22,cerebellum,1,,3_vital
ADAM23,parathyroid gland,1,,2_restricted
ADAM28,epididymis,1,,2_restricted
ADAM29,testis,1,,1b_testis_CT
ADAM30,testis,1,,1b_testis_CT
ADAM32,testis,1,,1b_testis_CT
ADAM33,cervix,1,,2_restricted
ADAM7,epididymis,1,,2_restricted
ADAM8,"bone marrow, spleen",2,1.502964471606863e-08,1a_lymphoid
ADAM9,,0,,4_broad
ADAMDEC1,"rectum, small intestine",2,,2_restricted
ADAMTS1,ovary,1,,2_restricted
ADAMTS10,blood vessel,1,,2_restricted
ADAMTS12,adipose tissue,1,,2_restricted
ADAMTS13,liver,1,,3_vital
ADAMTS14,"gallbladder, placenta",2,,2_restricted
ADAMTS15,adipose tissue,1,,2_restricted
ADAMTS16,ovary,1,,2_restricted
ADAMTS17,"liver, thymus",2,5.97484373152318e-07,3_vital
ADAMTS18,"cerebellum, placenta",2,,3_vital
ADAMTS19,"cervix, endometrium",2,,2_restricted
ADAMTS2,adipose tissue,1,,2_restricted
ADAMTS20,"placenta, retina",2,,3_vital
ADAMTS3,retina,1,,3_vital
ADAMTS4,"adipose tissue, ovary",2,,2_restricted
ADAMTS5,"ovary, placenta",2,,2_restricted
ADAMTS6,placenta,1,,2_restricted
ADAMTS7,heart muscle,1,,3_vital
ADAMTS8,lung,1,,3_vital
ADAMTS9,"adipose tissue, placenta",2,,2_restricted
ADAMTSL1,"endometrium, smooth muscle",2,,2_restricted
ADAMTSL2,heart muscle,1,,3_vital
ADAMTSL3,blood vessel,1,,2_restricted
ADAMTSL4,placenta,1,,2_restricted
ADAMTSL5,cervix,1,,2_restricted
ADAP1,"cerebral cortex, spinal cord",2,,3_vital
ADAP2,"placenta, spleen",2,0.001482697545894622,1a_lymphoid
ADAR,thymus,1,0.03502418985898601,1a_lymphoid
ADARB1,blood vessel,1,,2_restricted
ADARB2,spinal cord,1,,3_vital
ADAT1,testis,1,,1b_testis_CT
ADAT2,,0,,4_broad
ADAT3,skin,1,,2_restricted
ADCK1,,0,,4_broad
ADCK2,"skin, spinal cord",2,,3_vital
ADCK5,,0,,4_broad
ADCY1,"cerebral cortex, retina",2,,3_vital
ADCY10,testis,1,,1b_testis_CT
ADCY2,skeletal muscle,1,,3_vital
ADCY3,adipose tissue,1,,2_restricted
ADCY4,adipose tissue,1,,2_restricted
ADCY5,"basal ganglia, heart muscle",2,,3_vital
ADCY6,heart muscle,1,,3_vital
ADCY7,,0,,4_broad
ADCY8,epididymis,1,,2_restricted
ADCY9,skeletal muscle,1,,3_vital
ADCYAP1,"appendix, hypothalamus",2,0.0035805136157241414,3_vital
ADCYAP1R1,cerebral cortex,1,,3_vital
ADD1,retina,1,,3_vital
ADD2,bone marrow,1,4.1801218280619865e-09,1a_lymphoid
ADD3,,0,,4_broad
ADGB,testis,1,,1b_testis_CT
ADGRA1,"cerebral cortex, hypothalamus",2,,3_vital
ADGRA2,,0,,4_broad
ADGRA3,liver,1,,3_vital
ADGRB1,"basal ganglia, cerebral cortex",2,,3_vital
ADGRB2,"basal ganglia, cerebral cortex",2,,3_vital
ADGRB3,cerebral cortex,1,,3_vital
ADGRD1,heart muscle,1,,3_vital
ADGRE1,spleen,1,1.007973317823061e-08,1a_lymphoid
ADGRE2,"appendix, spleen",2,2.2028180366749215e-07,1a_lymphoid
ADGRE3,"appendix, spleen",2,0.00043013655960547087,1a_lymphoid
ADGRE5,"blood vessel, bone marrow",2,0.0009031251466165952,1a_lymphoid
ADGRF1,"kidney, urinary bladder",2,,3_vital
ADGRF3,"kidney, pancreas",2,,3_vital
ADGRF4,skin,1,,2_restricted
ADGRF5,lung,1,,3_vital
ADGRG1,thyroid gland,1,,2_restricted
ADGRG2,epididymis,1,,2_restricted
ADGRG3,bone marrow,1,5.4571673137397555e-27,1a_lymphoid
ADGRG4,duodenum,1,,2_restricted
ADGRG5,"lymph node, tonsil",2,0.0003701436593812371,1a_lymphoid
ADGRG6,"liver, placenta",2,,3_vital
ADGRG7,"duodenum, small intestine",2,,2_restricted
ADGRL1,cerebellum,1,,3_vital
ADGRL2,lung,1,,3_vital
ADGRL3,cerebral cortex,1,,3_vital
ADGRL4,"adipose tissue, breast",2,,2_restricted
ADGRV1,adrenal gland,1,,3_vital
ADH1A,liver,1,,3_vital
ADH1B,liver,1,,3_vital
ADH1C,liver,1,,3_vital
ADH4,liver,1,,3_vital
ADH5,liver,1,,3_vital
ADH6,liver,1,,3_vital
ADH7,esophagus,1,,2_restricted
ADHFE1,"liver, skeletal muscle, tongue",3,,3_vital
ADI1,liver,1,,3_vital
ADIG,testis,1,,1b_testis_CT
ADIPOQ,adipose tissue,1,,2_restricted
ADIPOR1,bone marrow,1,0.0003274070520192239,1a_lymphoid
ADIPOR2,spinal cord,1,,3_vital
ADIRF,blood vessel,1,,2_restricted
ADK,liver,1,,3_vital
ADM,adipose tissue,1,,2_restricted
ADM2,"pancreas, thyroid gland",2,,3_vital
ADM5,adipose tissue,1,,2_restricted
ADNP,,0,,4_broad
ADNP2,bone marrow,1,7.075295206096023e-14,1a_lymphoid
ADO,"spinal cord, testis",2,,3_vital
ADORA1,,0,,4_broad
ADORA2A,basal ganglia,1,,3_vital
ADORA2B,urinary bladder,1,,2_restricted
ADORA3,spinal cord,1,,3_vital
ADPGK,,0,,4_broad
ADPRH,,0,,4_broad
ADPRHL1,"heart muscle, skeletal muscle, tongue",3,,3_vital
ADPRM,retina,1,,3_vital
ADPRS,choroid plexus,1,,3_vital
ADRA1A,liver,1,,3_vital
ADRA1B,blood vessel,1,,2_restricted
ADRA1D,"blood vessel, cervix, hippocampal formation",3,,3_vital
ADRA2A,adipose tissue,1,,2_restricted
ADRA2B,heart muscle,1,,3_vital
ADRA2C,blood vessel,1,,2_restricted
ADRB1,"heart muscle, placenta",2,,3_vital
ADRB2,"breast, skin",2,,2_restricted
ADRB3,ovary,1,,2_restricted
ADRM1,skeletal muscle,1,,3_vital
ADSL,"skeletal muscle, tongue",2,,3_vital
ADSS1,skeletal muscle,1,,3_vital
ADSS2,testis,1,,1b_testis_CT
ADTRP,"choroid plexus, small intestine",2,,3_vital
AEBP1,blood vessel,1,,2_restricted
AEBP2,,0,,4_broad
AEN,pituitary gland,1,,3_vital
AFAP1,,0,,4_broad
AFAP1L1,"heart muscle, skeletal muscle",2,,3_vital
AFAP1L2,"parathyroid gland, spleen, thyroid gland",3,0.022385621471867748,1a_lymphoid
AFDN,esophagus,1,,2_restricted
AFF1,retina,1,,3_vital
AFF2,"bone marrow, epididymis, placenta",3,0.04134441538073649,1a_lymphoid
AFF3,prostate,1,,2_restricted
AFF4,"bone marrow, retina",2,0.03981194046934278,3_vital
AFG1L,testis,1,,1b_testis_CT
AFG3L2,"skeletal muscle, tongue",2,,3_vital
AFM,liver,1,,3_vital
AFMID,liver,1,,3_vital
AFP,liver,1,,3_vital
AFTPH,kidney,1,,3_vital
AGA,"choroid plexus, epididymis",2,,3_vital
AGAP1,retina,1,,3_vital
AGAP2,"cerebellum, hippocampal formation",2,,3_vital
AGAP3,"cerebral cortex, hippocampal formation",2,,3_vital
AGAP4,cerebellum,1,,3_vital
AGAP5,"pancreas, testis",2,,3_vital
AGAP6,,0,,4_broad
AGAP9,liver,1,,3_vital
AGBL1,tongue,1,,2_restricted
AGBL2,testis,1,,1b_testis_CT
AGBL3,epididymis,1,,2_restricted
AGBL4,"cerebral cortex, retina",2,,3_vital
AGBL5,testis,1,,1b_testis_CT
AGER,lung,1,,3_vital
AGFG1,bone marrow,1,2.0829321411023062e-08,1a_lymphoid
AGFG2,salivary gland,1,,2_restricted
AGGF1,"epididymis, retina",2,,3_vital
AGK,heart muscle,1,,3_vital
AGL,"skeletal muscle, tongue",2,,3_vital
AGMAT,kidney,1,,3_vital
AGMO,liver,1,,3_vital
AGO1,,0,,4_broad
AGO2,skeletal muscle,1,,3_vital
AGO3,bone marrow,1,0.0002696033455228036,1a_lymphoid
AGO4,"bone marrow, skin",2,0.0065251664485843925,1a_lymphoid
AGPAT1,,0,,4_broad
AGPAT2,"adipose tissue, liver",2,,3_vital
AGPAT3,,0,,4_broad
AGPAT4,spinal cord,1,,3_vital
AGPAT5,spinal cord,1,,3_vital
AGPS,,0,,4_broad
AGR2,"rectum, stomach",2,,2_restricted
AGR3,small intestine,1,,2_restricted
AGRN,kidney,1,,3_vital
AGRP,"epididymis, hypothalamus",2,,3_vital
AGT,liver,1,,3_vital
AGTPBP1,"bone marrow, retina",2,2.0180429264340066e-06,3_vital
AGTR1,"liver, placenta",2,,3_vital
AGTR2,"endometrium, lung, smooth muscle",3,,3_vital
AGTRAP,"bone marrow, choroid plexus",2,0.0019705506045442772,3_vital
AGXT,liver,1,,3_vital
AGXT2,"kidney, liver",2,,3_vital
AHCTF1,testis,1,,1b_testis_CT
AHCY,liver,1,,3_vital
AHCYL1,,0,,4_broad
AHCYL2,"choroid plexus, rectum",2,,3_vital
AHDC1,,0,,4_broad
AHI1,retina,1,,3_vital
AHNAK,,0,,4_broad
AHNAK2,skin,1,,2_restricted
AHR,urinary bladder,1,,2_restricted
AHRR,testis,1,,1b_testis_CT
AHSA1,,0,,4_broad
AHSG,liver,1,,3_vital
AHSP,bone marrow,1,1.2086732381270341e-79,1a_lymphoid
AICDA,"lymph node, tonsil",2,3.999752917491783e-08,1a_lymphoid
AIDA,adipose tissue,1,,2_restricted
AIF1,spleen,1,2.490591767534003e-07,1a_lymphoid
AIF1L,"kidney, spinal cord",2,,3_vital
AIFM1,"heart muscle, liver",2,,3_vital
AIFM2,"adipose tissue, breast",2,,2_restricted
AIFM3,choroid plexus,1,,3_vital
AIG1,liver,1,,3_vital
AIM2,"lymph node, tonsil",2,0.000118512309523068,1a_lymphoid
AIMP1,,0,,4_broad
AIMP2,"skeletal muscle, tongue",2,,3_vital
AIP,,0,,4_broad
AIPL1,retina,1,,3_vital
AIRE,"hypothalamus, thymus",2,0.04104491941461758,3_vital
AJAP1,"basal ganglia, cerebral cortex",2,,3_vital
AJM1,cerebellum,1,,3_vital
AJUBA,"liver, skin",2,,3_vital
AK1,"skeletal muscle, tongue",2,,3_vital
AK2,,0,,4_broad
AK3,"liver, skeletal muscle",2,,3_vital
AK4,"kidney, liver",2,,3_vital
AK5,cerebral cortex,1,,3_vital
AK6,skeletal muscle,1,,3_vital
AK7,"choroid plexus, fallopian tube",2,,3_vital
AK8,"epididymis, fallopian tube, testis",3,,2_restricted
AK9,"choroid plexus, testis",2,,3_vital
AKAIN1,cerebellum,1,,3_vital
AKAP1,skeletal muscle,1,,3_vital
AKAP10,,0,,4_broad
AKAP11,"cerebral cortex, retina",2,,3_vital
AKAP12,"adipose tissue, retina",2,,3_vital
AKAP13,skeletal muscle,1,,3_vital
AKAP14,"choroid plexus, testis",2,,3_vital
AKAP17A,,0,,4_broad
AKAP3,testis,1,,1b_testis_CT
AKAP4,testis,1,,1b_testis_CT
AKAP5,"basal ganglia, cerebral cortex",2,,3_vital
AKAP6,"heart muscle, skeletal muscle, tongue",3,,3_vital
AKAP7,"adrenal gland, pancreas",2,,3_vital
AKAP8,skeletal muscle,1,,3_vital
AKAP8L,skeletal muscle,1,,3_vital
AKAP9,retina,1,,3_vital
AKIP1,skeletal muscle,1,,3_vital
AKIRIN1,"bone marrow, testis",2,0.011226323133834811,1a_lymphoid
AKIRIN2,"bone marrow, skeletal muscle",2,0.01922778568167335,3_vital
AKNA,spleen,1,0.0006463010999126651,1a_lymphoid
AKNAD1,testis,1,,1b_testis_CT
AKR1A1,"kidney, liver",2,,3_vital
AKR1B1,adrenal gland,1,,3_vital
AKR1B10,"duodenum, stomach",2,,2_restricted
AKR1B15,breast,1,,2_restricted
AKR1C1,liver,1,,3_vital
AKR1C2,liver,1,,3_vital
AKR1C3,duodenum,1,,2_restricted
AKR1C4,liver,1,,3_vital
AKR1C8,liver,1,,3_vital
AKR1D1,liver,1,,3_vital
AKR1E2,testis,1,,1b_testis_CT
AKR7A2,choroid plexus,1,,3_vital
AKR7A3,"pancreas, stomach",2,,3_vital
AKT1,,0,,4_broad
AKT1S1,skeletal muscle,1,,3_vital
AKT2,tongue,1,,2_restricted
AKT3,blood vessel,1,,2_restricted
AKTIP,skeletal muscle,1,,3_vital
ALAD,"adrenal gland, liver",2,,3_vital
ALAS1,"adrenal gland, liver",2,,3_vital
ALAS2,bone marrow,1,7.299461573145554e-51,1a_lymphoid
ALB,liver,1,,3_vital
ALCAM,parathyroid gland,1,,2_restricted
ALDH16A1,spleen,1,0.025202378598415877,1a_lymphoid
ALDH18A1,"duodenum, salivary gland",2,,2_restricted
ALDH1A1,liver,1,,3_vital
ALDH1A2,"endometrium, fallopian tube",2,,2_restricted
ALDH1A3,"prostate, urinary bladder",2,,2_restricted
ALDH1B1,"blood vessel, liver",2,,3_vital
ALDH1L1,liver,1,,3_vital
ALDH1L2,pancreas,1,,3_vital
ALDH2,liver,1,,3_vital
ALDH3A1,esophagus,1,,2_restricted
ALDH3A2,liver,1,,3_vital
ALDH3B1,"bone marrow, lung",2,0.006314807361525318,3_vital
ALDH3B2,"esophagus, skin",2,,2_restricted
ALDH4A1,liver,1,,3_vital
ALDH5A1,liver,1,,3_vital
ALDH6A1,"kidney, liver",2,,3_vital
ALDH7A1,liver,1,,3_vital
ALDH8A1,liver,1,,3_vital
ALDH9A1,liver,1,,3_vital
ALDOA,skeletal muscle,1,,3_vital
ALDOB,"kidney, liver",2,,3_vital
ALDOC,,0,,4_broad
ALG1,choroid plexus,1,,3_vital
ALG10,,0,,4_broad
ALG10B,retina,1,,3_vital
ALG11,,0,,4_broad
ALG12,,0,,4_broad
ALG13,,0,,4_broad
ALG14,adrenal gland,1,,3_vital
ALG1L2,retina,1,,3_vital
ALG2,epididymis,1,,2_restricted
ALG3,liver,1,,3_vital
ALG5,"epididymis, pancreas",2,,3_vital
ALG6,,0,,4_broad
ALG8,"liver, testis",2,,3_vital
ALG9,pancreas,1,,3_vital
ALK,pituitary gland,1,,3_vital
ALKAL1,"gallbladder, thyroid gland",2,,2_restricted
ALKAL2,adrenal gland,1,,3_vital
ALKBH1,tongue,1,,2_restricted
ALKBH2,liver,1,,3_vital
ALKBH3,skeletal muscle,1,,3_vital
ALKBH4,cerebellum,1,,3_vital
ALKBH5,skeletal muscle,1,,3_vital
ALKBH6,,0,,4_broad
ALKBH7,testis,1,,1b_testis_CT
ALKBH8,,0,,4_broad
ALLC,testis,1,,1b_testis_CT
ALMS1,testis,1,,1b_testis_CT
ALOX12,"cervix, vagina",2,,2_restricted
ALOX12B,skin,1,,2_restricted
ALOX15,adipose tissue,1,,2_restricted
ALOX15B,"breast, prostate",2,,2_restricted
ALOX5,"lung, spleen",2,1.8459750375515031e-06,3_vital
ALOX5AP,bone marrow,1,2.660885392682568e-14,1a_lymphoid
ALOXE3,skin,1,,2_restricted
ALPG,fallopian tube,1,,2_restricted
ALPI,"duodenum, small intestine",2,,2_restricted
ALPK1,bone marrow,1,0.015783779677034857,1a_lymphoid
ALPK2,"heart muscle, skeletal muscle, tongue",3,,3_vital
ALPK3,skeletal muscle,1,,3_vital
ALPL,"adrenal gland, lung",2,,3_vital
ALPP,"cervix, placenta",2,,2_restricted
ALS2,cerebellum,1,,3_vital
ALS2CL,"esophagus, kidney, skin",3,,3_vital
ALX1,kidney,1,,3_vital
ALX3,skin,1,,2_restricted
ALX4,"breast, choroid plexus",2,,3_vital
ALYREF,bone marrow,1,9.85988115740031e-10,1a_lymphoid
AMACR,"kidney, liver",2,,3_vital
AMBN,basal ganglia,1,,3_vital
AMBP,liver,1,,3_vital
AMBRA1,,0,,4_broad
AMD1,prostate,1,,2_restricted
AMDHD1,liver,1,,3_vital
AMDHD2,spleen,1,0.032177109765195895,1a_lymphoid
AMELX,epididymis,1,,2_restricted
AMELY,thyroid gland,1,,2_restricted
AMER1,tongue,1,,2_restricted
AMER2,,0,,4_broad
AMER3,cerebellum,1,,3_vital
AMFR,skeletal muscle,1,,3_vital
AMH,testis,1,,1b_testis_CT
AMHR2,"adrenal gland, ovary",2,,3_vital
AMIGO1,retina,1,,3_vital
AMIGO2,blood vessel,1,,2_restricted
AMIGO3,pituitary gland,1,,3_vital
AMMECR1,"bone marrow, retina",2,0.003418044234642897,3_vital
AMMECR1L,pancreas,1,,3_vital
AMN,small intestine,1,,2_restricted
AMN1,testis,1,,1b_testis_CT
AMOT,epididymis,1,,2_restricted
AMOTL1,"skeletal muscle, tongue",2,,3_vital
AMOTL2,adipose tissue,1,,2_restricted
AMPD1,skeletal muscle,1,,3_vital
AMPD2,basal ganglia,1,,3_vital
AMPD3,"bone marrow, skeletal muscle",2,0.00016661467567330112,3_vital
AMPH,"cerebellum, cerebral cortex, retina",3,,3_vital
AMT,liver,1,,3_vital
AMTN,tonsil,1,1.1101917558451158e-22,1a_lymphoid
AMY1A,salivary gland,1,,2_restricted
AMY1B,salivary gland,1,,2_restricted
AMY1C,salivary gland,1,,2_restricted
AMY2A,pancreas,1,,3_vital
AMY2B,pancreas,1,,3_vital
AMZ1,"amygdala, cerebral cortex",2,,3_vital
AMZ2,testis,1,,1b_testis_CT
ANAPC1,,0,,4_broad
ANAPC10,testis,1,,1b_testis_CT
ANAPC11,skeletal muscle,1,,3_vital
ANAPC13,,0,,4_broad
ANAPC15,,0,,4_broad
ANAPC16,skeletal muscle,1,,3_vital
ANAPC2,,0,,4_broad
ANAPC4,fallopian tube,1,,2_restricted
ANAPC5,skeletal muscle,1,,3_vital
ANAPC7,esophagus,1,,2_restricted
ANG,liver,1,,3_vital
ANGEL1,"pancreas, testis",2,,3_vital
ANGEL2,basal ganglia,1,,3_vital
ANGPT1,seminal vesicle,1,,2_restricted
ANGPT2,blood vessel,1,,2_restricted
ANGPT4,"adipose tissue, breast",2,,2_restricted
ANGPTL1,placenta,1,,2_restricted
ANGPTL2,adipose tissue,1,,2_restricted
ANGPTL3,liver,1,,3_vital
ANGPTL4,"adipose tissue, breast, liver",3,,3_vital
ANGPTL5,ovary,1,,2_restricted
ANGPTL6,liver,1,,3_vital
ANGPTL7,"adipose tissue, blood vessel",2,,2_restricted
ANGPTL8,liver,1,,3_vital
ANHX,testis,1,,1b_testis_CT
ANK1,"skeletal muscle, tongue",2,,3_vital
ANK2,"retina, skeletal muscle",2,,3_vital
ANK3,,0,,4_broad
ANKAR,testis,1,,1b_testis_CT
ANKDD1A,"adrenal gland, blood vessel",2,,3_vital
ANKDD1B,fallopian tube,1,,2_restricted
ANKEF1,pancreas,1,,3_vital
ANKFN1,"cervix, fallopian tube",2,,2_restricted
ANKFY1,colon,1,,2_restricted
ANKH,,0,,4_broad
ANKHD1,,0,,4_broad
ANKHD1-EIF4EBP3,,0,,4_broad
ANKIB1,kidney,1,,3_vital
ANKK1,"pituitary gland, skin",2,,3_vital
ANKLE1,bone marrow,1,9.24032417099179e-29,1a_lymphoid
ANKLE2,testis,1,,1b_testis_CT
ANKMY1,"fallopian tube, testis",2,,2_restricted
ANKMY2,heart muscle,1,,3_vital
ANKRA2,,0,,4_broad
ANKRD1,heart muscle,1,,3_vital
ANKRD10,skeletal muscle,1,,3_vital
ANKRD11,,0,,4_broad
ANKRD12,,0,,4_broad
ANKRD13A,"testis, tonsil",2,0.005675877896887804,1a_lymphoid
ANKRD13B,cerebellum,1,,3_vital
ANKRD13C,cerebellum,1,,3_vital
ANKRD13D,hippocampal formation,1,,3_vital
ANKRD16,testis,1,,1b_testis_CT
ANKRD17,retina,1,,3_vital
ANKRD18A,bone marrow,1,5.0321504154106876e-15,1a_lymphoid
ANKRD18B,cerebellum,1,,3_vital
ANKRD2,"skeletal muscle, tongue",2,,3_vital
ANKRD20A1,testis,1,,1b_testis_CT
ANKRD22,"skin, stomach",2,,2_restricted
ANKRD23,skeletal muscle,1,,3_vital
ANKRD24,cerebral cortex,1,,3_vital
ANKRD26,retina,1,,3_vital
ANKRD27,skeletal muscle,1,,3_vital
ANKRD28,epididymis,1,,2_restricted
ANKRD29,lung,1,,3_vital
ANKRD30A,breast,1,,2_restricted
ANKRD30B,testis,1,,1b_testis_CT
ANKRD30BL,testis,1,,1b_testis_CT
ANKRD31,testis,1,,1b_testis_CT
ANKRD33,retina,1,,3_vital
ANKRD33B,retina,1,,3_vital
ANKRD34A,"cerebellum, cerebral cortex",2,,3_vital
ANKRD34B,basal ganglia,1,,3_vital
ANKRD34C,"cerebellum, hypothalamus",2,,3_vital
ANKRD35,skin,1,,2_restricted
ANKRD36,retina,1,,3_vital
ANKRD36B,bone marrow,1,4.554474017831959e-06,1a_lymphoid
ANKRD36C,"bone marrow, salivary gland",2,0.0034981231777598703,1a_lymphoid
ANKRD37,blood vessel,1,,2_restricted
ANKRD39,,0,,4_broad
ANKRD40,"midbrain, spinal cord",2,,3_vital
ANKRD40CL,"duodenum, small intestine",2,,2_restricted
ANKRD42,testis,1,,1b_testis_CT
ANKRD44,"lymph node, tonsil",2,0.0027179309726926186,1a_lymphoid
ANKRD45,"fallopian tube, parathyroid gland",2,,2_restricted
ANKRD46,skeletal muscle,1,,3_vital
ANKRD49,bone marrow,1,0.005290848066922393,1a_lymphoid
ANKRD50,,0,,4_broad
ANKRD52,skeletal muscle,1,,3_vital
ANKRD53,testis,1,,1b_testis_CT
ANKRD54,choroid plexus,1,,3_vital
ANKRD55,testis,1,,1b_testis_CT
ANKRD6,cerebellum,1,,3_vital
ANKRD60,testis,1,,1b_testis_CT
ANKRD61,"bone marrow, testis",2,1.3617185072273664e-06,1a_lymphoid
ANKRD62,"pancreas, testis",2,,3_vital
ANKRD63,basal ganglia,1,,3_vital
ANKRD65,spinal cord,1,,3_vital
ANKRD66,fallopian tube,1,,2_restricted
ANKRD7,testis,1,,1b_testis_CT
ANKRD9,"heart muscle, skeletal muscle",2,,3_vital
ANKS1A,,0,,4_broad
ANKS1B,"basal ganglia, cerebral cortex",2,,3_vital
ANKS3,,0,,4_broad
ANKS4B,"liver, small intestine",2,,3_vital
ANKS6,cerebellum,1,,3_vital
ANKUB1,"choroid plexus, fallopian tube",2,,3_vital
ANKZF1,cerebellum,1,,3_vital
ANLN,spinal cord,1,,3_vital
ANO1,"epididymis, seminal vesicle",2,,2_restricted
ANO10,"duodenum, small intestine",2,,2_restricted
ANO2,retina,1,,3_vital
ANO3,"basal ganglia, epididymis",2,,3_vital
ANO4,adrenal gland,1,,3_vital
ANO5,"skeletal muscle, tongue",2,,3_vital
ANO6,adipose tissue,1,,2_restricted
ANO7,prostate,1,,2_restricted
ANO8,cerebellum,1,,3_vital
ANO9,"duodenum, skin, small intestine",3,,2_restricted
ANOS1,lung,1,,3_vital
ANP32A,thymus,1,0.0007087562723288545,1a_lymphoid
ANP32B,"bone marrow, spinal cord",2,0.009402090602527537,3_vital
ANP32D,"ovary, testis",2,,2_restricted
ANP32E,"retina, thymus",2,0.045842473936608646,3_vital
ANPEP,"duodenum, small intestine",2,,2_restricted
ANTKMT,,0,,4_broad
ANTXR1,blood vessel,1,,2_restricted
ANTXR2,,0,,4_broad
ANTXRL,testis,1,,1b_testis_CT
ANXA1,esophagus,1,,2_restricted
ANXA10,stomach,1,,2_restricted
ANXA11,,0,,4_broad
ANXA13,"duodenum, small intestine",2,,2_restricted
ANXA2,esophagus,1,,2_restricted
ANXA2R,"lymph node, thymus",2,0.010238570979680521,1a_lymphoid
ANXA3,bone marrow,1,3.6660873514253746e-11,1a_lymphoid
ANXA4,"gallbladder, pancreas",2,,3_vital
ANXA5,,0,,4_broad
ANXA6,,0,,4_broad
ANXA7,"parathyroid gland, skeletal muscle",2,,3_vital
ANXA8,"esophagus, skin",2,,2_restricted
ANXA8L1,"esophagus, skin",2,,2_restricted
ANXA9,pancreas,1,,3_vital
AOAH,spleen,1,4.227589681501398e-06,1a_lymphoid
AOC1,placenta,1,,2_restricted
AOC2,"adipose tissue, testis",2,,2_restricted
AOC3,"adipose tissue, blood vessel",2,,2_restricted
AOPEP,skin,1,,2_restricted
AOX1,liver,1,,3_vital
AP1AR,parathyroid gland,1,,2_restricted
AP1B1,,0,,4_broad
AP1G1,bone marrow,1,4.4475410962967586e-07,1a_lymphoid
AP1G2,"cerebellum, pituitary gland",2,,3_vital
AP1M1,liver,1,,3_vital
AP1M2,,0,,4_broad
AP1S1,"basal ganglia, cerebral cortex",2,,3_vital
AP1S2,epididymis,1,,2_restricted
AP1S3,epididymis,1,,2_restricted
AP2A1,,0,,4_broad
AP2A2,cerebellum,1,,3_vital
AP2B1,parathyroid gland,1,,2_restricted
AP2M1,cerebral cortex,1,,3_vital
AP2S1,esophagus,1,,2_restricted
AP3B1,pituitary gland,1,,3_vital
AP3B2,"cerebellum, cerebral cortex",2,,3_vital
AP3D1,pancreas,1,,3_vital
AP3M1,,0,,4_broad
AP3M2,retina,1,,3_vital
AP3S1,bone marrow,1,0.028798998503174047,1a_lymphoid
AP3S2,,0,,4_broad
AP4B1,,0,,4_broad
AP4E1,skeletal muscle,1,,3_vital
AP4M1,testis,1,,1b_testis_CT
AP4S1,testis,1,,1b_testis_CT
AP5B1,bone marrow,1,2.0879396252455232e-17,1a_lymphoid
AP5M1,,0,,4_broad
AP5S1,skeletal muscle,1,,3_vital
AP5Z1,skin,1,,2_restricted
APAF1,bone marrow,1,5.685449770317115e-16,1a_lymphoid
APBA1,cerebral cortex,1,,3_vital
APBA2,"cerebellum, cerebral cortex",2,,3_vital
APBA3,skeletal muscle,1,,3_vital
APBB1,"cerebellum, cerebral cortex",2,,3_vital
APBB1IP,thymus,1,8.474887037105606e-10,1a_lymphoid
APBB2,adipose tissue,1,,2_restricted
APBB3,cerebellum,1,,3_vital
APC,"amygdala, cerebral cortex, hippocampal formation",3,,3_vital
APC2,"cerebellum, cerebral cortex",2,,3_vital
APCDD1,skin,1,,2_restricted
APCDD1L,salivary gland,1,,2_restricted
APCS,liver,1,,3_vital
APEH,"skeletal muscle, tongue",2,,3_vital
APELA,prostate,1,,2_restricted
APEX1,ovary,1,,2_restricted
APEX2,esophagus,1,,2_restricted
APH1A,,0,,4_broad
APH1B,testis,1,,1b_testis_CT
API5,,0,,4_broad
APIP,skeletal muscle,1,,3_vital
APLF,skin,1,,2_restricted
APLN,placenta,1,,2_restricted
APLNR,"placenta, spleen",2,0.0006146719758324831,1a_lymphoid
APLP1,spinal cord,1,,3_vital
APLP2,thyroid gland,1,,2_restricted
APMAP,liver,1,,3_vital
APOA1,liver,1,,3_vital
APOA2,liver,1,,3_vital
APOA4,"duodenum, small intestine",2,,2_restricted
APOA5,liver,1,,3_vital
APOB,liver,1,,3_vital
APOBEC1,"duodenum, small intestine",2,,2_restricted
APOBEC2,skeletal muscle,1,,3_vital
APOBEC3A,bone marrow,1,1.9228885781065106e-11,1a_lymphoid
APOBEC3B,bone marrow,1,1.0048360353546045e-09,1a_lymphoid
APOBEC3C,tonsil,1,0.037416803388551204,1a_lymphoid
APOBEC3D,"lymph node, spleen, tonsil",3,0.0048158193772409605,1a_lymphoid
APOBEC3F,"lymph node, tonsil",2,0.008341462196123896,1a_lymphoid
APOBEC3G,lymph node,1,0.0017531885359125842,1a_lymphoid
APOBEC3H,,0,,4_broad
APOBEC4,"fallopian tube, testis",2,,2_restricted
APOBR,"bone marrow, spleen",2,0.0004271075478444984,1a_lymphoid
APOC1,liver,1,,3_vital
APOC2,liver,1,,3_vital
APOC3,liver,1,,3_vital
APOC4,liver,1,,3_vital
APOC4-APOC2,liver,1,,3_vital
APOD,"breast, choroid plexus",2,,3_vital
APOE,liver,1,,3_vital
APOF,liver,1,,3_vital
APOH,liver,1,,3_vital
APOL1,liver,1,,3_vital
APOL2,,0,,4_broad
APOL3,spleen,1,0.005591606793864757,1a_lymphoid
APOL4,"lung, prostate",2,,3_vital
APOL5,"skeletal muscle, tongue",2,,3_vital
APOL6,liver,1,,3_vital
APOLD1,adipose tissue,1,,2_restricted
APOM,liver,1,,3_vital
APOO,choroid plexus,1,,3_vital
APOOL,"skeletal muscle, tongue",2,,3_vital
APP,cerebral cortex,1,,3_vital
APPBP2,testis,1,,1b_testis_CT
APPL1,skeletal muscle,1,,3_vital
APPL2,skin,1,,2_restricted
APRT,,0,,4_broad
APTX,liver,1,,3_vital
AQP1,"blood vessel, choroid plexus",2,,3_vital
AQP10,"duodenum, small intestine",2,,2_restricted
AQP11,"duodenum, small intestine",2,,2_restricted
AQP12A,pancreas,1,,3_vital
AQP12B,pancreas,1,,3_vital
AQP2,kidney,1,,3_vital
AQP3,esophagus,1,,2_restricted
AQP4,"amygdala, cerebral cortex",2,,3_vital
AQP5,salivary gland,1,,2_restricted
AQP6,kidney,1,,3_vital
AQP7,adipose tissue,1,,2_restricted
AQP7B,adipose tissue,1,,2_restricted
AQP8,pancreas,1,,3_vital
AQP9,liver,1,,3_vital
AQR,retina,1,,3_vital
AR,liver,1,,3_vital
ARAF,skeletal muscle,1,,3_vital
ARAP1,"bone marrow, spleen",2,0.00021063491218994914,1a_lymphoid
ARAP2,bone marrow,1,2.685626575940707e-05,1a_lymphoid
ARAP3,lung,1,,3_vital
ARC,pituitary gland,1,,3_vital
ARCN1,"epididymis, pancreas",2,,3_vital
AREG,placenta,1,,2_restricted
AREL1,,0,,4_broad
ARF1,bone marrow,1,0.0034126516897555847,1a_lymphoid
ARF3,"basal ganglia, cerebral cortex",2,,3_vital
ARF4,,0,,4_broad
ARF5,esophagus,1,,2_restricted
ARF6,esophagus,1,,2_restricted
ARFGAP1,"cerebellum, pituitary gland",2,,3_vital
ARFGAP2,skeletal muscle,1,,3_vital
ARFGAP3,"adrenal gland, pancreas",2,,3_vital
ARFGEF1,retina,1,,3_vital
ARFGEF2,parathyroid gland,1,,2_restricted
ARFGEF3,cerebellum,1,,3_vital
ARFIP1,,0,,4_broad
ARFIP2,,0,,4_broad
ARFRP1,,0,,4_broad
ARG1,liver,1,,3_vital
ARG2,parathyroid gland,1,,2_restricted
ARGFX,bone marrow,1,3.948674696331488e-06,1a_lymphoid
ARGLU1,cerebellum,1,,3_vital
ARHGAP1,blood vessel,1,,2_restricted
ARHGAP10,blood vessel,1,,2_restricted
ARHGAP11A,"bone marrow, thymus",2,0.00025052648461794744,1a_lymphoid
ARHGAP11B,bone marrow,1,3.0576580394371343e-16,1a_lymphoid
ARHGAP12,stomach,1,,2_restricted
ARHGAP15,"bone marrow, thymus",2,0.0009955400961148516,1a_lymphoid
ARHGAP17,spleen,1,0.016359645830965715,1a_lymphoid
ARHGAP18,,0,,4_broad
ARHGAP19,"bone marrow, testis, thymus",3,0.0034884752379955508,1a_lymphoid
ARHGAP20,"adipose tissue, seminal vesicle",2,,2_restricted
ARHGAP21,spinal cord,1,,3_vital
ARHGAP22,spinal cord,1,,3_vital
ARHGAP23,spinal cord,1,,3_vital
ARHGAP24,kidney,1,,3_vital
ARHGAP25,"lymph node, spleen, tonsil",3,0.002618006568014577,1a_lymphoid
ARHGAP26,bone marrow,1,6.308534031746947e-05,1a_lymphoid
ARHGAP27,esophagus,1,,2_restricted
ARHGAP28,testis,1,,1b_testis_CT
ARHGAP29,,0,,4_broad
ARHGAP30,"lymph node, spleen",2,0.021686644658228536,1a_lymphoid
ARHGAP31,lung,1,,3_vital
ARHGAP32,retina,1,,3_vital
ARHGAP33,,0,,4_broad
ARHGAP35,testis,1,,1b_testis_CT
ARHGAP36,"adrenal gland, pituitary gland",2,,3_vital
ARHGAP39,testis,1,,1b_testis_CT
ARHGAP4,"bone marrow, spleen",2,0.00010396278012179596,1a_lymphoid
ARHGAP40,"epididymis, skin",2,,2_restricted
ARHGAP42,retina,1,,3_vital
ARHGAP44,cerebellum,1,,3_vital
ARHGAP45,spleen,1,5.986077573791028e-06,1a_lymphoid
ARHGAP5,,0,,4_broad
ARHGAP6,"prostate, seminal vesicle",2,,2_restricted
ARHGAP8,"kidney, salivary gland",2,,3_vital
ARHGAP9,"bone marrow, spleen",2,2.3327472985486052e-05,1a_lymphoid
ARHGDIA,,0,,4_broad
ARHGDIB,bone marrow,1,2.44065633371167e-05,1a_lymphoid
ARHGDIG,"cerebellum, cerebral cortex",2,,3_vital
ARHGEF1,spleen,1,9.639110281757635e-06,1a_lymphoid
ARHGEF10,,0,,4_broad
ARHGEF10L,"blood vessel, cerebellum, liver",3,,3_vital
ARHGEF11,parathyroid gland,1,,2_restricted
ARHGEF12,parathyroid gland,1,,2_restricted
ARHGEF15,"adipose tissue, breast, heart muscle",3,,3_vital
ARHGEF16,"duodenum, small intestine",2,,2_restricted
ARHGEF17,blood vessel,1,,2_restricted
ARHGEF18,,0,,4_broad
ARHGEF19,skin,1,,2_restricted
ARHGEF2,spinal cord,1,,3_vital
ARHGEF25,colon,1,,2_restricted
ARHGEF26,colon,1,,2_restricted
ARHGEF28,kidney,1,,3_vital
ARHGEF3,parathyroid gland,1,,2_restricted
ARHGEF33,"cerebellum, testis",2,,3_vital
ARHGEF35,thyroid gland,1,,2_restricted
ARHGEF37,spinal cord,1,,3_vital
ARHGEF38,breast,1,,2_restricted
ARHGEF39,blood vessel,1,,2_restricted
ARHGEF4,"cerebral cortex, hippocampal formation",2,,3_vital
ARHGEF40,adrenal gland,1,,3_vital
ARHGEF5,"esophagus, skin",2,,2_restricted
ARHGEF6,skeletal muscle,1,,3_vital
ARHGEF7,cerebellum,1,,3_vital
ARHGEF9,retina,1,,3_vital
ARID1A,"bone marrow, thymus",2,1.862815315913478e-05,1a_lymphoid
ARID1B,skeletal muscle,1,,3_vital
ARID2,"testis, thymus",2,0.038880441034354785,1a_lymphoid
ARID3A,"placenta, testis",2,,2_restricted
ARID3B,"bone marrow, testis",2,0.0007047745882281085,1a_lymphoid
ARID3C,liver,1,,3_vital
ARID4A,bone marrow,1,2.591696150650722e-10,1a_lymphoid
ARID4B,bone marrow,1,5.123425671381927e-06,1a_lymphoid
ARID5A,blood vessel,1,,2_restricted
ARID5B,skeletal muscle,1,,3_vital
ARIH1,"skeletal muscle, testis",2,,3_vital
ARIH2,"skeletal muscle, tongue",2,,3_vital
ARL1,,0,,4_broad
ARL10,skin,1,,2_restricted
ARL11,lymph node,1,0.00020065344513422995,1a_lymphoid
ARL13A,testis,1,,1b_testis_CT
ARL13B,retina,1,,3_vital
ARL14,"gallbladder, stomach",2,,2_restricted
ARL14EP,,0,,4_broad
ARL14EPL,bone marrow,1,0.0028837561273301004,1a_lymphoid
ARL15,placenta,1,,2_restricted
ARL16,,0,,4_broad
ARL17A,"epididymis, retina",2,,3_vital
ARL17B,skin,1,,2_restricted
ARL2,basal ganglia,1,,3_vital
ARL2BP,,0,,4_broad
ARL3,retina,1,,3_vital
ARL4A,testis,1,,1b_testis_CT
ARL4C,"bone marrow, thymus",2,0.004751914496031597,1a_lymphoid
ARL4D,"esophagus, retina",2,,3_vital
ARL5A,,0,,4_broad
ARL5B,liver,1,,3_vital
ARL5C,thymus,1,7.084733291098065e-33,1a_lymphoid
ARL6,retina,1,,3_vital
ARL6IP1,liver,1,,3_vital
ARL6IP4,skeletal muscle,1,,3_vital
ARL6IP5,heart muscle,1,,3_vital
ARL6IP6,skeletal muscle,1,,3_vital
ARL8A,spinal cord,1,,3_vital
ARL8B,skeletal muscle,1,,3_vital
ARL9,"choroid plexus, testis",2,,3_vital
ARMC1,,0,,4_broad
ARMC10,,0,,4_broad
ARMC12,testis,1,,1b_testis_CT
ARMC2,"retina, testis",2,,3_vital
ARMC3,"choroid plexus, fallopian tube",2,,3_vital
ARMC5,liver,1,,3_vital
ARMC6,liver,1,,3_vital
ARMC7,kidney,1,,3_vital
ARMC8,bone marrow,1,4.0717611917958975e-07,1a_lymphoid
ARMC9,retina,1,,3_vital
ARMCX1,ovary,1,,2_restricted
ARMCX2,epididymis,1,,2_restricted
ARMCX3,"epididymis, parathyroid gland",2,,2_restricted
ARMCX4,ovary,1,,2_restricted
ARMCX5,,0,,4_broad
ARMCX5-GPRASP2,cerebellum,1,,3_vital
ARMCX6,,0,,4_broad
ARMH1,"fallopian tube, testis",2,,2_restricted
ARMH2,testis,1,,1b_testis_CT
ARMH3,bone marrow,1,0.0358882362984187,1a_lymphoid
ARMH4,kidney,1,,3_vital
ARMS2,testis,1,,1b_testis_CT
ARMT1,"kidney, liver",2,,3_vital
ARNT,,0,,4_broad
ARNT2,"basal ganglia, cerebral cortex",2,,3_vital
ARPC1A,,0,,4_broad
ARPC1B,spleen,1,0.0006309951160974507,1a_lymphoid
ARPC2,tonsil,1,0.017650696239738625,1a_lymphoid
ARPC3,bone marrow,1,0.00017746680474399495,1a_lymphoid
ARPC4,tonsil,1,0.04569616592879512,1a_lymphoid
ARPC4-TTLL3,bone marrow,1,3.166032589921692e-08,1a_lymphoid
ARPC5,,0,,4_broad
ARPC5L,,0,,4_broad
ARPIN,pancreas,1,,3_vital
ARPIN-AP3S2,liver,1,,3_vital
ARPP19,basal ganglia,1,,3_vital
ARPP21,basal ganglia,1,,3_vital
ARR3,retina,1,,3_vital
ARRB1,lung,1,,3_vital
ARRB2,"bone marrow, spleen",2,1.509603655151496e-08,1a_lymphoid
ARRDC1,,0,,4_broad
ARRDC2,skeletal muscle,1,,3_vital
ARRDC3,bone marrow,1,9.576025611317555e-06,1a_lymphoid
ARRDC4,spinal cord,1,,3_vital
ARRDC5,testis,1,,1b_testis_CT
ARSA,,0,,4_broad
ARSB,kidney,1,,3_vital
ARSD,,0,,4_broad
ARSF,"kidney, skin",2,,3_vital
ARSG,epididymis,1,,2_restricted
ARSH,"breast, epididymis",2,,2_restricted
ARSI,skin,1,,2_restricted
ARSJ,,0,,4_broad
ARSK,parathyroid gland,1,,2_restricted
ARSL,"liver, pancreas",2,,3_vital
ART1,"skeletal muscle, tongue",2,,3_vital
ART3,skeletal muscle,1,,3_vital
ART4,liver,1,,3_vital
ART5,testis,1,,1b_testis_CT
ARTN,prostate,1,,2_restricted
ARV1,,0,,4_broad
ARVCF,cerebellum,1,,3_vital
ARX,ovary,1,,2_restricted
AS3MT,adrenal gland,1,,3_vital
ASAH1,heart muscle,1,,3_vital
ASAH2,"duodenum, small intestine",2,,2_restricted
ASAH2B,"duodenum, small intestine",2,,2_restricted
ASAP1,bone marrow,1,0.0005395824576202916,1a_lymphoid
ASAP2,testis,1,,1b_testis_CT
ASAP3,ovary,1,,2_restricted
ASB1,,0,,4_broad
ASB10,skeletal muscle,1,,3_vital
ASB11,"skeletal muscle, tongue",2,,3_vital
ASB12,"skeletal muscle, tongue",2,,3_vital
ASB13,liver,1,,3_vital
ASB14,"skeletal muscle, tongue",2,,3_vital
ASB15,"skeletal muscle, tongue",2,,3_vital
ASB16,skeletal muscle,1,,3_vital
ASB17,testis,1,,1b_testis_CT
ASB18,"heart muscle, skeletal muscle",2,,3_vital
ASB2,skeletal muscle,1,,3_vital
ASB3,,0,,4_broad
ASB4,"adrenal gland, skeletal muscle",2,,3_vital
ASB5,skeletal muscle,1,,3_vital
ASB6,bone marrow,1,0.022574833340340668,1a_lymphoid
ASB7,bone marrow,1,2.88472603135695e-06,1a_lymphoid
ASB8,"skeletal muscle, tongue",2,,3_vital
ASB9,"liver, testis",2,,3_vital
ASCC1,spinal cord,1,,3_vital
ASCC2,bone marrow,1,0.010264675956121686,1a_lymphoid
ASCC3,,0,,4_broad
ASCL1,pituitary gland,1,,3_vital
ASCL2,"salivary gland, skin",2,,2_restricted
ASCL3,salivary gland,1,,2_restricted
ASCL4,tonsil,1,6.466003284331172e-06,1a_lymphoid
ASCL5,pancreas,1,,3_vital
ASDURF,lymph node,1,0.027267579853308577,1a_lymphoid
ASF1A,thymus,1,0.010365734002789194,1a_lymphoid
ASF1B,testis,1,,1b_testis_CT
ASGR1,liver,1,,3_vital
ASGR2,liver,1,,3_vital
ASH1L,,0,,4_broad
ASH2L,testis,1,,1b_testis_CT
ASIC1,"cerebellum, cerebral cortex",2,,3_vital
ASIC2,cerebral cortex,1,,3_vital
ASIC3,cerebellum,1,,3_vital
ASIC4,pituitary gland,1,,3_vital
ASIC5,"duodenum, small intestine",2,,2_restricted
ASIP,"heart muscle, ovary",2,,3_vital
ASL,liver,1,,3_vital
ASMT,choroid plexus,1,,3_vital
ASMTL,,0,,4_broad
ASNS,pancreas,1,,3_vital
ASNSD1,"skeletal muscle, tongue",2,,3_vital
ASPA,kidney,1,,3_vital
ASPDH,liver,1,,3_vital
ASPG,"heart muscle, liver",2,,3_vital
ASPH,"adipose tissue, skeletal muscle",2,,3_vital
ASPHD1,basal ganglia,1,,3_vital
ASPHD2,"basal ganglia, cerebellum",2,,3_vital
ASPM,"bone marrow, thymus",2,1.4552200704578755e-09,1a_lymphoid
ASPN,"blood vessel, smooth muscle",2,,2_restricted
ASPRV1,skin,1,,2_restricted
ASPSCR1,liver,1,,3_vital
ASRGL1,basal ganglia,1,,3_vital
ASS1,"kidney, liver",2,,3_vital
ASTE1,,0,,4_broad
ASTL,bone marrow,1,8.025157323813207e-11,1a_lymphoid
ASTN1,cerebral cortex,1,,3_vital
ASTN2,,0,,4_broad
ASXL1,,0,,4_broad
ASXL2,testis,1,,1b_testis_CT
ASXL3,ovary,1,,2_restricted
ASZ1,testis,1,,1b_testis_CT
ATAD1,skeletal muscle,1,,3_vital
ATAD2,"bone marrow, thymus",2,0.0007522390577254887,1a_lymphoid
ATAD2B,thymus,1,0.04691782191777823,1a_lymphoid
ATAD3A,skeletal muscle,1,,3_vital
ATAD3B,,0,,4_broad
ATAD3C,liver,1,,3_vital
ATAD5,bone marrow,1,1.170423754222454e-13,1a_lymphoid
ATAT1,,0,,4_broad
ATCAY,cerebral cortex,1,,3_vital
ATE1,,0,,4_broad
ATF1,,0,,4_broad
ATF2,,0,,4_broad
ATF3,"smooth muscle, urinary bladder",2,,2_restricted
ATF4,,0,,4_broad
ATF5,liver,1,,3_vital
ATF6,pancreas,1,,3_vital
ATF6B,,0,,4_broad
ATF7,blood vessel,1,,2_restricted
ATF7-NPFF,"bone marrow, lung",2,0.03559098964965988,3_vital
ATF7IP,,0,,4_broad
ATF7IP2,testis,1,,1b_testis_CT
ATG10,"parathyroid gland, testis",2,,2_restricted
ATG101,,0,,4_broad
ATG12,,0,,4_broad
ATG13,testis,1,,1b_testis_CT
ATG14,bone marrow,1,8.541974609430492e-12,1a_lymphoid
ATG16L1,cerebellum,1,,3_vital
ATG16L2,"bone marrow, spleen",2,3.0351999433558467e-05,1a_lymphoid
ATG2A,"bone marrow, liver",2,0.0032804911004370926,3_vital
ATG2B,,0,,4_broad
ATG3,"bone marrow, spinal cord, testis",3,0.00212885746139817,3_vital
ATG4A,,0,,4_broad
ATG4B,cerebellum,1,,3_vital
ATG4C,,0,,4_broad
ATG4D,skeletal muscle,1,,3_vital
ATG5,,0,,4_broad
ATG7,bone marrow,1,0.002602824930772957,1a_lymphoid
ATG9A,skeletal muscle,1,,3_vital
ATG9B,esophagus,1,,2_restricted
ATIC,,0,,4_broad
ATL1,cerebral cortex,1,,3_vital
ATL2,,0,,4_broad
ATL3,blood vessel,1,,2_restricted
ATM,lymph node,1,0.0014511411113698849,1a_lymphoid
ATMIN,,0,,4_broad
ATN1,,0,,4_broad
ATOH1,"colon, rectum, small intestine",3,,2_restricted
ATOH7,"cerebral cortex, liver",2,,3_vital
ATOH8,"blood vessel, skeletal muscle",2,,3_vital
ATOSA,skeletal muscle,1,,3_vital
ATOSB,bone marrow,1,0.021150539581204254,1a_lymphoid
ATOX1,choroid plexus,1,,3_vital
ATP10A,blood vessel,1,,2_restricted
ATP10B,"colon, rectum",2,,2_restricted
ATP10D,placenta,1,,2_restricted
ATP11A,lung,1,,3_vital
ATP11B,bone marrow,1,0.0005321058362066976,1a_lymphoid
ATP11C,liver,1,,3_vital
ATP12A,"esophagus, tonsil",2,7.697307507716728e-07,1a_lymphoid
ATP13A1,,0,,4_broad
ATP13A2,cerebral cortex,1,,3_vital
ATP13A3,liver,1,,3_vital
ATP13A4,"epididymis, parathyroid gland, thyroid gland",3,,2_restricted
ATP13A5,choroid plexus,1,,3_vital
ATP1A1,parathyroid gland,1,,2_restricted
ATP1A2,skeletal muscle,1,,3_vital
ATP1A3,"cerebral cortex, retina",2,,3_vital
ATP1A4,testis,1,,1b_testis_CT
ATP1B1,kidney,1,,3_vital
ATP1B2,retina,1,,3_vital
ATP1B3,"adrenal gland, choroid plexus",2,,3_vital
ATP1B4,skeletal muscle,1,,3_vital
ATP23,testis,1,,1b_testis_CT
ATP2A1,skeletal muscle,1,,3_vital
ATP2A2,"skeletal muscle, tongue",2,,3_vital
ATP2A3,salivary gland,1,,2_restricted
ATP2B1,"bone marrow, cerebral cortex",2,0.0006561004700438253,3_vital
ATP2B2,"cerebellum, cerebral cortex",2,,3_vital
ATP2B3,choroid plexus,1,,3_vital
ATP2B4,smooth muscle,1,,2_restricted
ATP2C1,"parathyroid gland, prostate",2,,2_restricted
ATP2C2,rectum,1,,2_restricted
ATP4A,stomach,1,,2_restricted
ATP4B,stomach,1,,2_restricted
ATP5F1A,"heart muscle, skeletal muscle, tongue",3,,3_vital
ATP5F1B,"skeletal muscle, tongue",2,,3_vital
ATP5F1C,"heart muscle, tongue",2,,3_vital
ATP5F1D,"heart muscle, skeletal muscle",2,,3_vital
ATP5F1E,skeletal muscle,1,,3_vital
ATP5IF1,heart muscle,1,,3_vital
ATP5MC1,"skeletal muscle, tongue",2,,3_vital
ATP5MC2,"skeletal muscle, tongue",2,,3_vital
ATP5MC3,"heart muscle, tongue",2,,3_vital
ATP5ME,"heart muscle, skeletal muscle",2,,3_vital
ATP5MF,"heart muscle, skeletal muscle, tongue",3,,3_vital
ATP5MF-PTCD1,skeletal muscle,1,,3_vital
ATP5MG,tongue,1,,2_restricted
ATP5MGL,bone marrow,1,3.5317915248788176e-08,1a_lymphoid
ATP5MJ,heart muscle,1,,3_vital
ATP5MK,"heart muscle, tongue",2,,3_vital
ATP5PB,"heart muscle, skeletal muscle, tongue",3,,3_vital
ATP5PD,"heart muscle, skeletal muscle, tongue",3,,3_vital
ATP5PF,"heart muscle, skeletal muscle, tongue",3,,3_vital
ATP5PO,"heart muscle, tongue",2,,3_vital
ATP6AP1,choroid plexus,1,,3_vital
ATP6AP2,parathyroid gland,1,,2_restricted
ATP6V0A1,"cerebellum, cerebral cortex",2,,3_vital
ATP6V0A2,,0,,4_broad
ATP6V0A4,"kidney, salivary gland",2,,3_vital
ATP6V0B,choroid plexus,1,,3_vital
ATP6V0C,cerebral cortex,1,,3_vital
ATP6V0D1,,0,,4_broad
ATP6V0D2,kidney,1,,3_vital
ATP6V0E1,"choroid plexus, epididymis",2,,3_vital
ATP6V0E2,,0,,4_broad
ATP6V1A,"cerebral cortex, kidney",2,,3_vital
ATP6V1B1,"kidney, salivary gland",2,,3_vital
ATP6V1B2,"cerebral cortex, retina",2,,3_vital
ATP6V1C1,"cerebral cortex, kidney",2,,3_vital
ATP6V1C2,"epididymis, salivary gland, skin",3,,2_restricted
ATP6V1D,,0,,4_broad
ATP6V1E1,,0,,4_broad
ATP6V1E2,testis,1,,1b_testis_CT
ATP6V1F,,0,,4_broad
ATP6V1FNB,cerebellum,1,,3_vital
ATP6V1G1,epididymis,1,,2_restricted
ATP6V1G2,cerebellum,1,,3_vital
ATP6V1G3,kidney,1,,3_vital
ATP6V1H,cerebral cortex,1,,3_vital
ATP7A,skin,1,,2_restricted
ATP7B,duodenum,1,,2_restricted
ATP8A1,"cerebral cortex, parathyroid gland, thyroid gland",3,,3_vital
ATP8A2,cerebellum,1,,3_vital
ATP8B1,"colon, rectum",2,,2_restricted
ATP8B2,,0,,4_broad
ATP8B3,testis,1,,1b_testis_CT
ATP8B4,bone marrow,1,5.4242101825445053e-45,1a_lymphoid
ATP9A,cerebral cortex,1,,3_vital
ATP9B,bone marrow,1,6.974127565948768e-07,1a_lymphoid
ATPAF1,"heart muscle, skeletal muscle, tongue",3,,3_vital
ATPAF2,tongue,1,,2_restricted
ATPSCKMT,parathyroid gland,1,,2_restricted
ATR,,0,,4_broad
ATRAID,epididymis,1,,2_restricted
ATRIP,testis,1,,1b_testis_CT
ATRN,"duodenum, liver",2,,3_vital
ATRNL1,cerebral cortex,1,,3_vital
ATRX,,0,,4_broad
ATXN1,,0,,4_broad
ATXN10,,0,,4_broad
ATXN1L,bone marrow,1,2.042385488810728e-12,1a_lymphoid
ATXN2,,0,,4_broad
ATXN2L,testis,1,,1b_testis_CT
ATXN3,skin,1,,2_restricted
ATXN3L,testis,1,,1b_testis_CT
ATXN7,"bone marrow, pancreas",2,0.0016047901554301872,3_vital
ATXN7L1,"testis, thymus",2,0.03426751423197727,1a_lymphoid
ATXN7L2,"bone marrow, testis",2,0.0005713837166644435,1a_lymphoid
ATXN7L3,cerebral cortex,1,,3_vital
ATXN7L3B,retina,1,,3_vital
AUH,kidney,1,,3_vital
AUNIP,testis,1,,1b_testis_CT
AUP1,pancreas,1,,3_vital
AURKA,testis,1,,1b_testis_CT
AURKAIP1,,0,,4_broad
AURKB,"bone marrow, thymus",2,6.584059385334621e-05,1a_lymphoid
AURKC,testis,1,,1b_testis_CT
AUTS2,salivary gland,1,,2_restricted
AVEN,"blood vessel, skeletal muscle",2,,3_vital
AVIL,"cerebellum, skeletal muscle",2,,3_vital
AVL9,retina,1,,3_vital
AVP,hypothalamus,1,,3_vital
AVPI1,"ovary, skin",2,,2_restricted
AVPR1A,adrenal gland,1,,3_vital
AVPR1B,pituitary gland,1,,3_vital
AVPR2,"adipose tissue, kidney",2,,3_vital
AWAT1,skin,1,,2_restricted
AWAT2,skin,1,,2_restricted
AXDND1,testis,1,,1b_testis_CT
AXIN1,,0,,4_broad
AXIN2,endometrium,1,,2_restricted
AXL,blood vessel,1,,2_restricted
AZGP1,"liver, salivary gland",2,,3_vital
AZI2,adipose tissue,1,,2_restricted
AZIN1,"bone marrow, pancreas",2,0.002727922651030544,3_vital
AZIN2,"spinal cord, testis",2,,3_vital
AZU1,bone marrow,1,8.343652610494168e-79,1a_lymphoid
B2M,,0,,4_broad
B3GALNT1,heart muscle,1,,3_vital
B3GALNT2,"pancreas, skeletal muscle",2,,3_vital
B3GALT1,tongue,1,,2_restricted
B3GALT2,"cerebral cortex, heart muscle",2,,3_vital
B3GALT4,testis,1,,1b_testis_CT
B3GALT5,"duodenum, rectum, small intestine",3,,2_restricted
B3GALT6,,0,,4_broad
B3GALT9,bone marrow,1,0.0007504107694088295,1a_lymphoid
B3GAT1,"hippocampal formation, spinal cord",2,,3_vital
B3GAT2,"hippocampal formation, retina",2,,3_vital
B3GAT3,,0,,4_broad
B3GLCT,heart muscle,1,,3_vital
B3GNT2,bone marrow,1,6.872682921281132e-06,1a_lymphoid
B3GNT3,"colon, stomach",2,,2_restricted
B3GNT4,"cerebellum, cerebral cortex",2,,3_vital
B3GNT5,bone marrow,1,4.521873050674395e-07,1a_lymphoid
B3GNT6,"colon, stomach",2,,2_restricted
B3GNT7,"colon, rectum",2,,2_restricted
B3GNT8,"duodenum, small intestine",2,,2_restricted
B3GNT9,,0,,4_broad
B3GNTL1,bone marrow,1,4.055598208123016e-07,1a_lymphoid
B4GALNT1,cerebellum,1,,3_vital
B4GALNT2,colon,1,,2_restricted
B4GALNT3,stomach,1,,2_restricted
B4GALNT4,"cerebellum, cerebral cortex",2,,3_vital
B4GALT1,,0,,4_broad
B4GALT2,amygdala,1,,3_vital
B4GALT3,,0,,4_broad
B4GALT4,epididymis,1,,2_restricted
B4GALT5,bone marrow,1,7.6053753530212155e-06,1a_lymphoid
B4GALT6,retina,1,,3_vital
B4GALT7,adrenal gland,1,,3_vital
B4GAT1,"cerebral cortex, hypothalamus",2,,3_vital
B9D1,choroid plexus,1,,3_vital
B9D2,choroid plexus,1,,3_vital
BAALC,"basal ganglia, midbrain",2,,3_vital
BAAT,liver,1,,3_vital
BABAM1,skeletal muscle,1,,3_vital
BABAM2,adrenal gland,1,,3_vital
BACE1,pancreas,1,,3_vital
BACE2,"salivary gland, stomach",2,,2_restricted
BACH1,bone marrow,1,5.1471553717016024e-09,1a_lymphoid
BACH2,"lymph node, thymus, tonsil",3,4.6894987716591766e-05,1a_lymphoid
BAD,,0,,4_broad
BAG1,skeletal muscle,1,,3_vital
BAG2,"colon, smooth muscle",2,,2_restricted
BAG3,skeletal muscle,1,,3_vital
BAG4,bone marrow,1,1.3015609363286326e-06,1a_lymphoid
BAG5,testis,1,,1b_testis_CT
BAG6,skeletal muscle,1,,3_vital
BAHCC1,cerebellum,1,,3_vital
BAHD1,"adrenal gland, ovary",2,,3_vital
BAIAP2,"esophagus, skin",2,,2_restricted
BAIAP2L1,stomach,1,,2_restricted
BAIAP2L2,"duodenum, small intestine",2,,2_restricted
BAIAP3,pituitary gland,1,,3_vital
BAK1,duodenum,1,,2_restricted
BAMBI,ovary,1,,2_restricted
BANF1,skeletal muscle,1,,3_vital
BANF2,testis,1,,1b_testis_CT
BANK1,"lymph node, tonsil",2,8.736365746400294e-06,1a_lymphoid
BANP,bone marrow,1,0.032500360984182484,1a_lymphoid
BAP1,"cerebral cortex, hippocampal formation",2,,3_vital
BARD1,bone marrow,1,0.00034891117057604974,1a_lymphoid
BARHL1,cerebellum,1,,3_vital
BARHL2,cerebellum,1,,3_vital
BARX1,stomach,1,,2_restricted
BARX2,"esophagus, salivary gland",2,,2_restricted
BASP1,"cerebral cortex, epididymis",2,,3_vital
BATF,"lymph node, spleen",2,0.007903522407831915,1a_lymphoid
BATF2,"salivary gland, spleen",2,0.012378075655596224,1a_lymphoid
BATF3,choroid plexus,1,,3_vital
BAX,,0,,4_broad
BAZ1A,bone marrow,1,5.764295910026492e-10,1a_lymphoid
BAZ1B,thymus,1,0.001388035864104497,1a_lymphoid
BAZ2A,bone marrow,1,0.0027455652771831035,1a_lymphoid
BAZ2B,retina,1,,3_vital
BBC3,skeletal muscle,1,,3_vital
BBIP1,testis,1,,1b_testis_CT
BBLN,"amygdala, hippocampal formation",2,,3_vital
BBOF1,testis,1,,1b_testis_CT
BBOX1,kidney,1,,3_vital
BBS1,parathyroid gland,1,,2_restricted
BBS10,,0,,4_broad
BBS12,retina,1,,3_vital
BBS2,adrenal gland,1,,3_vital
BBS4,retina,1,,3_vital
BBS5,,0,,4_broad
BBS7,retina,1,,3_vital
BBS9,retina,1,,3_vital
BBX,"parathyroid gland, testis",2,,2_restricted
BCAM,"blood vessel, kidney",2,,3_vital
BCAN,"amygdala, cerebral cortex",2,,3_vital
BCAP29,thyroid gland,1,,2_restricted
BCAP31,choroid plexus,1,,3_vital
BCAR1,skeletal muscle,1,,3_vital
BCAR3,adipose tissue,1,,2_restricted
BCAS1,spinal cord,1,,3_vital
BCAS2,bone marrow,1,0.0001648650932704341,1a_lymphoid
BCAS3,,0,,4_broad
BCAS4,"lymph node, tonsil",2,0.0006208776337906216,1a_lymphoid
BCAT1,pancreas,1,,3_vital
BCAT2,choroid plexus,1,,3_vital
BCCIP,skeletal muscle,1,,3_vital
BCDIN3D,skeletal muscle,1,,3_vital
BCHE,liver,1,,3_vital
BCKDHA,liver,1,,3_vital
BCKDHB,liver,1,,3_vital
BCKDK,,0,,4_broad
BCL10,,0,,4_broad
BCL11A,,0,,4_broad
BCL11B,thymus,1,6.894063079700198e-12,1a_lymphoid
BCL2,thyroid gland,1,,2_restricted
BCL2A1,bone marrow,1,6.955797095681628e-26,1a_lymphoid
BCL2L1,,0,,4_broad
BCL2L10,"liver, skin",2,,3_vital
BCL2L11,bone marrow,1,5.3664995371492125e-05,1a_lymphoid
BCL2L12,,0,,4_broad
BCL2L13,"retina, skeletal muscle, tongue",3,,3_vital
BCL2L14,testis,1,,1b_testis_CT
BCL2L15,"duodenum, small intestine",2,,2_restricted
BCL2L2,,0,,4_broad
BCL2L2-PABPN1,salivary gland,1,,2_restricted
BCL3,liver,1,,3_vital
BCL6,skeletal muscle,1,,3_vital
BCL6B,"adipose tissue, lung",2,,3_vital
BCL7A,thymus,1,0.003406094090107233,1a_lymphoid
BCL7B,"bone marrow, skeletal muscle",2,0.031431330873725856,3_vital
BCL7C,,0,,4_broad
BCL9,,0,,4_broad
BCL9L,,0,,4_broad
BCLAF1,bone marrow,1,2.42393670951549e-23,1a_lymphoid
BCLAF3,epididymis,1,,2_restricted
BCO1,"choroid plexus, small intestine",2,,3_vital
BCO2,"heart muscle, liver, retina",3,,3_vital
BCOR,thymus,1,0.006304027971239863,1a_lymphoid
BCORL1,placenta,1,,2_restricted
BCR,basal ganglia,1,,3_vital
BCS1L,,0,,4_broad
BDH1,liver,1,,3_vital
BDH2,kidney,1,,3_vital
BDKRB1,urinary bladder,1,,2_restricted
BDKRB2,urinary bladder,1,,2_restricted
BDNF,cerebral cortex,1,,3_vital
BDP1,retina,1,,3_vital
BEAN1,cerebral cortex,1,,3_vital
BECN1,skeletal muscle,1,,3_vital
BECN2,,0,,4_broad
BEGAIN,"cerebellum, cerebral cortex",2,,3_vital
BEND2,testis,1,,1b_testis_CT
BEND3,stomach,1,,2_restricted
BEND4,testis,1,,1b_testis_CT
BEND5,cerebral cortex,1,,3_vital
BEND6,"cerebellum, cerebral cortex",2,,3_vital
BEND7,,0,,4_broad
BEST1,spinal cord,1,,3_vital
BEST2,colon,1,,2_restricted
BEST3,"skeletal muscle, tongue",2,,3_vital
BEST4,"colon, rectum",2,,2_restricted
BET1,,0,,4_broad
BET1L,bone marrow,1,2.8995813542489853e-12,1a_lymphoid
BEX1,hypothalamus,1,,3_vital
BEX2,,0,,4_broad
BEX3,choroid plexus,1,,3_vital
BEX4,,0,,4_broad
BEX5,"cerebral cortex, hypothalamus",2,,3_vital
BFAR,"pancreas, skeletal muscle",2,,3_vital
BFSP1,spinal cord,1,,3_vital
BFSP2,"lymph node, tonsil",2,1.4356043448839085e-06,1a_lymphoid
BGLAP,colon,1,,2_restricted
BGN,blood vessel,1,,2_restricted
BHLHA15,pancreas,1,,3_vital
BHLHA9,cerebral cortex,1,,3_vital
BHLHE22,"cerebellum, hippocampal formation",2,,3_vital
BHLHE23,"testis, thymus",2,8.526545261553205e-06,1a_lymphoid
BHLHE40,esophagus,1,,2_restricted
BHLHE41,"retina, skeletal muscle",2,,3_vital
BHMT,"kidney, liver",2,,3_vital
BHMT2,"kidney, liver",2,,3_vital
BICC1,kidney,1,,3_vital
BICD1,ovary,1,,2_restricted
BICD2,"esophagus, skin",2,,2_restricted
BICDL1,kidney,1,,3_vital
BICDL2,"esophagus, pancreas",2,,3_vital
BICRA,,0,,4_broad
BICRAL,,0,,4_broad
BID,bone marrow,1,2.1598835623300421e-07,1a_lymphoid
BIK,salivary gland,1,,2_restricted
BIN1,skeletal muscle,1,,3_vital
BIN2,bone marrow,1,6.184569370231564e-08,1a_lymphoid
BIN3,"bone marrow, choroid plexus",2,7.533302014220544e-05,3_vital
BIRC2,thymus,1,0.002549214461583055,1a_lymphoid
BIRC3,"lymph node, tonsil",2,0.003762737779698185,1a_lymphoid
BIRC5,"bone marrow, thymus",2,0.00010922468623770834,1a_lymphoid
BIRC6,,0,,4_broad
BIRC7,placenta,1,,2_restricted
BIVM,cerebellum,1,,3_vital
BIVM-ERCC5,cerebral cortex,1,,3_vital
BLACAT1,cerebellum,1,,3_vital
BLCAP,"basal ganglia, skeletal muscle",2,,3_vital
BLID,"blood vessel, choroid plexus",2,,3_vital
BLK,"small intestine, spleen",2,5.9368112632083e-06,1a_lymphoid
BLM,"salivary gland, thymus",2,0.01244458165777012,1a_lymphoid
BLMH,skin,1,,2_restricted
BLNK,spleen,1,0.0045839566818055635,1a_lymphoid
BLOC1S1,,0,,4_broad
BLOC1S2,bone marrow,1,0.0003907591726283529,1a_lymphoid
BLOC1S3,"bone marrow, skin",2,0.023405960423977565,1a_lymphoid
BLOC1S4,,0,,4_broad
BLOC1S5,"kidney, thymus",2,0.03525272772268797,3_vital
BLOC1S6,bone marrow,1,0.00015955953574446873,1a_lymphoid
BLTP1,retina,1,,3_vital
BLTP2,"parathyroid gland, skeletal muscle",2,,3_vital
BLTP3A,"bone marrow, skeletal muscle",2,0.013801949986454115,3_vital
BLTP3B,bone marrow,1,1.5991042182017573e-05,1a_lymphoid
BLVRA,epididymis,1,,2_restricted
BLVRB,bone marrow,1,9.084608560808818e-11,1a_lymphoid
BLZF1,"esophagus, testis",2,,2_restricted
BMAL1,"retina, skeletal muscle",2,,3_vital
BMAL2,"esophagus, tonsil",2,0.013327755790493511,1a_lymphoid
BMERB1,cerebral cortex,1,,3_vital
BMF,thymus,1,9.04710184353781e-11,1a_lymphoid
BMI1,parathyroid gland,1,,2_restricted
BMP1,placenta,1,,2_restricted
BMP10,heart muscle,1,,3_vital
BMP15,"fallopian tube, testis",2,,2_restricted
BMP2,,0,,4_broad
BMP2K,,0,,4_broad
BMP3,"colon, urinary bladder",2,,2_restricted
BMP4,choroid plexus,1,,3_vital
BMP5,placenta,1,,2_restricted
BMP6,"ovary, placenta",2,,2_restricted
BMP7,thyroid gland,1,,2_restricted
BMP8A,thyroid gland,1,,2_restricted
BMP8B,pancreas,1,,3_vital
BMPER,,0,,4_broad
BMPR1A,,0,,4_broad
BMPR1B,"cervix, prostate",2,,2_restricted
BMPR2,,0,,4_broad
BMS1,skeletal muscle,1,,3_vital
BMT2,heart muscle,1,,3_vital
BMX,epididymis,1,,2_restricted
BNC1,testis,1,,1b_testis_CT
BNC2,"endometrium, ovary, smooth muscle",3,,2_restricted
BNIP1,bone marrow,1,3.148095963810415e-11,1a_lymphoid
BNIP2,bone marrow,1,8.4568696685147e-08,1a_lymphoid
BNIP3,pancreas,1,,3_vital
BNIP3L,bone marrow,1,0.00018466406476860895,1a_lymphoid
BNIP5,"duodenum, small intestine",2,,2_restricted
BNIPL,"esophagus, skin",2,,2_restricted
BOC,fallopian tube,1,,2_restricted
BOD1,skeletal muscle,1,,3_vital
BOD1L1,,0,,4_broad
BOD1L2,testis,1,,1b_testis_CT
BOK,"liver, spinal cord",2,,3_vital
BOLA1,,0,,4_broad
BOLA2,,0,,4_broad
BOLA2-SMG1P6,bone marrow,1,3.3824406638306753e-06,1a_lymphoid
BOLA2B,,0,,4_broad
BOLA3,tongue,1,,2_restricted
BOLL,testis,1,,1b_testis_CT
BOP1,skeletal muscle,1,,3_vital
BORA,thymus,1,0.028704386881275353,1a_lymphoid
BORCS5,,0,,4_broad
BORCS6,skeletal muscle,1,,3_vital
BORCS7,liver,1,,3_vital
BORCS8,,0,,4_broad
BORCS8-MEF2B,skin,1,,2_restricted
BPGM,bone marrow,1,2.997028712338509e-08,1a_lymphoid
BPHL,"kidney, liver",2,,3_vital
BPI,bone marrow,1,3.185817488554414e-89,1a_lymphoid
BPIFA1,"lung, pituitary gland",2,,3_vital
BPIFA2,salivary gland,1,,2_restricted
BPIFA3,testis,1,,1b_testis_CT
BPIFB1,"cervix, stomach",2,,2_restricted
BPIFB2,salivary gland,1,,2_restricted
BPIFB3,"pituitary gland, salivary gland, testis",3,,3_vital
BPIFB4,pituitary gland,1,,3_vital
BPIFB6,salivary gland,1,,2_restricted
BPIFC,skin,1,,2_restricted
BPNT1,small intestine,1,,2_restricted
BPNT2,,0,,4_broad
BPTF,cerebellum,1,,3_vital
BPY2,testis,1,,1b_testis_CT
BPY2B,testis,1,,1b_testis_CT
BPY2C,testis,1,,1b_testis_CT
BRAF,retina,1,,3_vital
BRAP,testis,1,,1b_testis_CT
BRAT1,,0,,4_broad
BRCA1,thymus,1,0.011539757239065232,1a_lymphoid
BRCA2,"bone marrow, thymus",2,2.4333527886510653e-05,1a_lymphoid
BRCC3,,0,,4_broad
BRD1,"cerebellum, testis",2,,3_vital
BRD2,"bone marrow, pancreas",2,0.00048633951945103125,3_vital
BRD3,skeletal muscle,1,,3_vital
BRD3OS,,0,,4_broad
BRD4,skeletal muscle,1,,3_vital
BRD7,,0,,4_broad
BRD8,testis,1,,1b_testis_CT
BRD9,skeletal muscle,1,,3_vital
BRDT,testis,1,,1b_testis_CT
BRF1,,0,,4_broad
BRF2,skeletal muscle,1,,3_vital
BRI3,skeletal muscle,1,,3_vital
BRI3BP,duodenum,1,,2_restricted
BRICD5,cerebellum,1,,3_vital
BRINP1,"cerebellum, cerebral cortex",2,,3_vital
BRINP2,"amygdala, cerebral cortex",2,,3_vital
BRINP3,cerebral cortex,1,,3_vital
BRIP1,"bone marrow, thymus",2,3.898469941155053e-06,1a_lymphoid
BRIX1,bone marrow,1,0.0005785036367526817,1a_lymphoid
BRK1,blood vessel,1,,2_restricted
BRME1,testis,1,,1b_testis_CT
BRMS1,bone marrow,1,0.04948293181596952,1a_lymphoid
BRMS1L,,0,,4_broad
BROX,bone marrow,1,0.0016575190020287835,1a_lymphoid
BRPF1,bone marrow,1,5.525334339642594e-07,1a_lymphoid
BRPF3,,0,,4_broad
BRS3,epididymis,1,,2_restricted
BRSK1,"cerebral cortex, hippocampal formation",2,,3_vital
BRSK2,"cerebellum, pancreas",2,,3_vital
BRWD1,cerebral cortex,1,,3_vital
BRWD3,,0,,4_broad
BSCL2,hypothalamus,1,,3_vital
BSDC1,bone marrow,1,6.292980612041057e-06,1a_lymphoid
BSG,"choroid plexus, heart muscle",2,,3_vital
BSN,"cerebellum, cerebral cortex",2,,3_vital
BSND,kidney,1,,3_vital
BSPH1,epididymis,1,,2_restricted
BSPRY,parathyroid gland,1,,2_restricted
BST1,bone marrow,1,5.100396074316306e-18,1a_lymphoid
BST2,"adrenal gland, ovary",2,,3_vital
BSX,hypothalamus,1,,3_vital
BTAF1,skin,1,,2_restricted
BTBD1,"skeletal muscle, tongue",2,,3_vital
BTBD10,"basal ganglia, cerebral cortex, testis",3,,3_vital
BTBD16,urinary bladder,1,,2_restricted
BTBD17,cerebral cortex,1,,3_vital
BTBD18,testis,1,,1b_testis_CT
BTBD19,choroid plexus,1,,3_vital
BTBD2,"amygdala, cerebral cortex, hippocampal formation",3,,3_vital
BTBD3,cerebellum,1,,3_vital
BTBD6,"skeletal muscle, tongue",2,,3_vital
BTBD7,testis,1,,1b_testis_CT
BTBD8,"cerebral cortex, retina",2,,3_vital
BTBD9,parathyroid gland,1,,2_restricted
BTC,colon,1,,2_restricted
BTD,liver,1,,3_vital
BTF3,ovary,1,,2_restricted
BTF3L4,skeletal muscle,1,,3_vital
BTG1,bone marrow,1,3.9672778314511836e-16,1a_lymphoid
BTG2,pancreas,1,,3_vital
BTG3,epididymis,1,,2_restricted
BTG4,testis,1,,1b_testis_CT
BTK,"lymph node, tonsil",2,1.6785254937203864e-06,1a_lymphoid
BTLA,"lymph node, tonsil",2,6.6917047906800705e-06,1a_lymphoid
BTN1A1,breast,1,,2_restricted
BTN2A1,cerebellum,1,,3_vital
BTN2A2,"lymph node, tonsil",2,0.004654523743978565,1a_lymphoid
BTN3A1,spleen,1,0.00018969109626895559,1a_lymphoid
BTN3A2,spleen,1,5.980111072417112e-06,1a_lymphoid
BTN3A3,spleen,1,0.0005812957115339584,1a_lymphoid
BTNL2,"lymph node, small intestine",2,0.0016171799549857331,1a_lymphoid
BTNL3,"duodenum, small intestine",2,,2_restricted
BTNL8,"duodenum, small intestine",2,,2_restricted
BTNL9,"adipose tissue, breast",2,,2_restricted
BTRC,retina,1,,3_vital
BUB1,"testis, thymus",2,0.0016547892856542598,1a_lymphoid
BUB1B,thymus,1,2.0260322555779335e-06,1a_lymphoid
BUB3,"bone marrow, lymph node, thymus",3,0.014675802563738466,1a_lymphoid
BUD13,thymus,1,0.002477926530898001,1a_lymphoid
BUD23,"skeletal muscle, testis",2,,3_vital
BUD31,bone marrow,1,0.02275529788084754,1a_lymphoid
BVES,skeletal muscle,1,,3_vital
BYSL,skeletal muscle,1,,3_vital
BZW1,"bone marrow, liver",2,0.016271482413928225,3_vital
BZW2,"heart muscle, skeletal muscle, tongue",3,,3_vital
C10orf105,"hypothalamus, midbrain",2,,3_vital
C10orf120,testis,1,,1b_testis_CT
C10orf143,skeletal muscle,1,,3_vital
C10orf53,testis,1,,1b_testis_CT
C10orf62,testis,1,,1b_testis_CT
C10orf67,testis,1,,1b_testis_CT
C10orf71,skeletal muscle,1,,3_vital
C10orf82,testis,1,,1b_testis_CT
C10orf88,testis,1,,1b_testis_CT
C10orf90,spinal cord,1,,3_vital
C10orf95,fallopian tube,1,,2_restricted
C11orf1,,0,,4_broad
C11orf16,"choroid plexus, fallopian tube",2,,3_vital
C11orf21,bone marrow,1,1.1831426535585373e-13,1a_lymphoid
C11orf24,liver,1,,3_vital
C11orf42,testis,1,,1b_testis_CT
C11orf52,kidney,1,,3_vital
C11orf54,kidney,1,,3_vital
C11orf58,skeletal muscle,1,,3_vital
C11orf65,testis,1,,1b_testis_CT
C11orf68,cerebellum,1,,3_vital
C11orf71,testis,1,,1b_testis_CT
C11orf80,skin,1,,2_restricted
C11orf86,"duodenum, small intestine",2,,2_restricted
C11orf87,cerebral cortex,1,,3_vital
C11orf91,testis,1,,1b_testis_CT
C11orf94,testis,1,,1b_testis_CT
C11orf96,blood vessel,1,,2_restricted
C11orf97,"fallopian tube, testis",2,,2_restricted
C11orf98,choroid plexus,1,,3_vital
C12orf29,"esophagus, skin",2,,2_restricted
C12orf4,,0,,4_broad
C12orf40,testis,1,,1b_testis_CT
C12orf42,testis,1,,1b_testis_CT
C12orf43,cerebral cortex,1,,3_vital
C12orf50,testis,1,,1b_testis_CT
C12orf54,testis,1,,1b_testis_CT
C12orf56,testis,1,,1b_testis_CT
C12orf57,ovary,1,,2_restricted
C12orf60,testis,1,,1b_testis_CT
C12orf71,testis,1,,1b_testis_CT
C12orf73,"skeletal muscle, tongue",2,,3_vital
C12orf75,"blood vessel, seminal vesicle",2,,2_restricted
C12orf76,cerebral cortex,1,,3_vital
C13orf42,testis,1,,1b_testis_CT
C13orf46,"pancreas, testis",2,,3_vital
C14orf119,,0,,4_broad
C14orf132,cerebellum,1,,3_vital
C14orf180,heart muscle,1,,3_vital
C14orf28,testis,1,,1b_testis_CT
C14orf39,testis,1,,1b_testis_CT
C14orf93,skin,1,,2_restricted
C15orf39,"bone marrow, testis",2,0.0012653749626483995,1a_lymphoid
C15orf40,,0,,4_broad
C15orf48,"colon, rectum",2,,2_restricted
C15orf61,skeletal muscle,1,,3_vital
C15orf62,"esophagus, skin",2,,2_restricted
C16orf46,testis,1,,1b_testis_CT
C16orf54,bone marrow,1,6.837674984512632e-08,1a_lymphoid
C16orf74,retina,1,,3_vital
C16orf78,testis,1,,1b_testis_CT
C16orf82,testis,1,,1b_testis_CT
C16orf86,testis,1,,1b_testis_CT
C16orf87,testis,1,,1b_testis_CT
C16orf89,thyroid gland,1,,2_restricted
C16orf90,testis,1,,1b_testis_CT
C16orf91,,0,,4_broad
C16orf92,retina,1,,3_vital
C16orf95,testis,1,,1b_testis_CT
C16orf96,testis,1,,1b_testis_CT
C17orf100,pituitary gland,1,,3_vital
C17orf107,pituitary gland,1,,3_vital
C17orf113,cerebellum,1,,3_vital
C17orf114,"midbrain, spinal cord",2,,3_vital
C17orf49,bone marrow,1,0.003100829832391646,1a_lymphoid
C17orf50,testis,1,,1b_testis_CT
C17orf58,"cervix, placenta",2,,2_restricted
C17orf67,thymus,1,2.258558656553359e-09,1a_lymphoid
C17orf75,"parathyroid gland, testis",2,,2_restricted
C17orf78,"duodenum, small intestine",2,,2_restricted
C17orf80,testis,1,,1b_testis_CT
C17orf97,testis,1,,1b_testis_CT
C17orf98,testis,1,,1b_testis_CT
C17orf99,bone marrow,1,2.4328990988747054e-35,1a_lymphoid
C18orf21,bone marrow,1,6.328491308708202e-13,1a_lymphoid
C18orf25,"bone marrow, esophagus",2,0.007528812168582582,1a_lymphoid
C18orf32,retina,1,,3_vital
C18orf54,testis,1,,1b_testis_CT
C18orf63,testis,1,,1b_testis_CT
C19orf12,"adipose tissue, tongue",2,,2_restricted
C19orf18,"choroid plexus, testis",2,,3_vital
C19orf25,,0,,4_broad
C19orf33,"esophagus, skin",2,,2_restricted
C19orf38,bone marrow,1,7.3877874341992905e-28,1a_lymphoid
C19orf44,testis,1,,1b_testis_CT
C19orf47,skeletal muscle,1,,3_vital
C19orf53,choroid plexus,1,,3_vital
C19orf54,"liver, skeletal muscle",2,,3_vital
C19orf67,testis,1,,1b_testis_CT
C19orf73,cerebellum,1,,3_vital
C19orf81,testis,1,,1b_testis_CT
C19orf84,testis,1,,1b_testis_CT
C19orf85,colon,1,,2_restricted
C1D,"bone marrow, skeletal muscle",2,0.0005091517042150292,3_vital
C1GALT1,parathyroid gland,1,,2_restricted
C1GALT1C1,"adrenal gland, pituitary gland",2,,3_vital
C1GALT1C1L,"epididymis, testis",2,,2_restricted
C1QA,spleen,1,5.528860081992557e-07,1a_lymphoid
C1QB,spleen,1,7.1743002528088715e-12,1a_lymphoid
C1QBP,choroid plexus,1,,3_vital
C1QC,spleen,1,7.520711412472556e-12,1a_lymphoid
C1QL1,amygdala,1,,3_vital
C1QL2,"amygdala, hippocampal formation",2,,3_vital
C1QL3,cerebral cortex,1,,3_vital
C1QL4,testis,1,,1b_testis_CT
C1QTNF1,"blood vessel, heart muscle",2,,3_vital
C1QTNF12,"duodenum, skin, small intestine",3,,2_restricted
C1QTNF2,blood vessel,1,,2_restricted
C1QTNF3,salivary gland,1,,2_restricted
C1QTNF4,basal ganglia,1,,3_vital
C1QTNF5,choroid plexus,1,,3_vital
C1QTNF6,"endometrium, placenta",2,,2_restricted
C1QTNF7,cervix,1,,2_restricted
C1QTNF8,"blood vessel, fallopian tube, pituitary gland",3,,3_vital
C1QTNF9,skeletal muscle,1,,3_vital
C1QTNF9B,skin,1,,2_restricted
C1R,liver,1,,3_vital
C1RL,liver,1,,3_vital
C1S,liver,1,,3_vital
C1orf100,testis,1,,1b_testis_CT
C1orf105,"heart muscle, testis",2,,3_vital
C1orf109,parathyroid gland,1,,2_restricted
C1orf112,"parathyroid gland, thymus",2,0.03357144651094571,1a_lymphoid
C1orf115,"duodenum, small intestine",2,,2_restricted
C1orf116,"esophagus, lung",2,,3_vital
C1orf122,spinal cord,1,,3_vital
C1orf127,skeletal muscle,1,,3_vital
C1orf131,duodenum,1,,2_restricted
C1orf141,"fallopian tube, testis",2,,2_restricted
C1orf146,testis,1,,1b_testis_CT
C1orf159,testis,1,,1b_testis_CT
C1orf162,"bone marrow, spleen",2,2.8508367062399626e-05,1a_lymphoid
C1orf167,testis,1,,1b_testis_CT
C1orf174,liver,1,,3_vital
C1orf185,testis,1,,1b_testis_CT
C1orf198,spinal cord,1,,3_vital
C1orf21,skeletal muscle,1,,3_vital
C1orf210,duodenum,1,,2_restricted
C1orf216,cerebral cortex,1,,3_vital
C1orf226,liver,1,,3_vital
C1orf232,"choroid plexus, thymus",2,4.007320585278817e-05,3_vital
C1orf35,,0,,4_broad
C1orf43,"skeletal muscle, tongue",2,,3_vital
C1orf50,skeletal muscle,1,,3_vital
C1orf52,bone marrow,1,0.00020424415199860662,1a_lymphoid
C1orf53,liver,1,,3_vital
C1orf54,,0,,4_broad
C1orf56,testis,1,,1b_testis_CT
C1orf68,skin,1,,2_restricted
C1orf74,skin,1,,2_restricted
C1orf87,fallopian tube,1,,2_restricted
C1orf94,testis,1,,1b_testis_CT
C2,liver,1,,3_vital
C20orf141,testis,1,,1b_testis_CT
C20orf144,testis,1,,1b_testis_CT
C20orf173,testis,1,,1b_testis_CT
C20orf202,placenta,1,,2_restricted
C20orf203,cerebellum,1,,3_vital
C20orf204,cerebellum,1,,3_vital
C20orf27,basal ganglia,1,,3_vital
C20orf85,fallopian tube,1,,2_restricted
C20orf96,"fallopian tube, testis",2,,2_restricted
C21orf140,retina,1,,3_vital
C21orf58,"fallopian tube, pituitary gland",2,,3_vital
C21orf62,choroid plexus,1,,3_vital
C21orf91,"spinal cord, testis",2,,3_vital
C22orf15,fallopian tube,1,,2_restricted
C22orf23,testis,1,,1b_testis_CT
C22orf31,testis,1,,1b_testis_CT
C22orf39,skeletal muscle,1,,3_vital
C22orf42,"hypothalamus, testis",2,,3_vital
C2CD2,adrenal gland,1,,3_vital
C2CD2L,"basal ganglia, cerebral cortex",2,,3_vital
C2CD3,,0,,4_broad
C2CD4A,pituitary gland,1,,3_vital
C2CD4B,pancreas,1,,3_vital
C2CD4C,"amygdala, cerebral cortex",2,,3_vital
C2CD4D,skin,1,,2_restricted
C2CD5,"cerebellum, retina",2,,3_vital
C2CD6,testis,1,,1b_testis_CT
C2orf15,,0,,4_broad
C2orf16,testis,1,,1b_testis_CT
C2orf42,testis,1,,1b_testis_CT
C2orf49,retina,1,,3_vital
C2orf50,"choroid plexus, fallopian tube",2,,3_vital
C2orf66,"adrenal gland, pituitary gland",2,,3_vital
C2orf68,,0,,4_broad
C2orf69,bone marrow,1,1.1361939891599244e-05,1a_lymphoid
C2orf72,liver,1,,3_vital
C2orf73,testis,1,,1b_testis_CT
C2orf74,,0,,4_broad
C2orf76,epididymis,1,,2_restricted
C2orf78,testis,1,,1b_testis_CT
C2orf80,"amygdala, basal ganglia, cerebral cortex",3,,3_vital
C2orf81,"fallopian tube, testis",2,,2_restricted
C2orf88,testis,1,,1b_testis_CT
C2orf92,"choroid plexus, testis",2,,3_vital
C3,liver,1,,3_vital
C3AR1,appendix,1,2.0129112011368093e-05,1a_lymphoid
C3orf14,cerebral cortex,1,,3_vital
C3orf18,cerebellum,1,,3_vital
C3orf20,testis,1,,1b_testis_CT
C3orf22,testis,1,,1b_testis_CT
C3orf33,adrenal gland,1,,3_vital
C3orf38,"bone marrow, testis",2,6.722597062998029e-07,1a_lymphoid
C3orf49,cerebral cortex,1,,3_vital
C3orf52,skin,1,,2_restricted
C3orf56,testis,1,,1b_testis_CT
C3orf62,testis,1,,1b_testis_CT
C3orf70,smooth muscle,1,,2_restricted
C3orf80,"cerebral cortex, colon",2,,3_vital
C3orf84,testis,1,,1b_testis_CT
C3orf85,"duodenum, small intestine",2,,2_restricted
C4A,liver,1,,3_vital
C4B,"adrenal gland, liver",2,,3_vital
C4BPA,liver,1,,3_vital
C4BPB,liver,1,,3_vital
C4orf17,testis,1,,1b_testis_CT
C4orf19,liver,1,,3_vital
C4orf3,spinal cord,1,,3_vital
C4orf33,colon,1,,2_restricted
C4orf36,testis,1,,1b_testis_CT
C4orf45,testis,1,,1b_testis_CT
C4orf46,"bone marrow, testis",2,0.000418368184169437,1a_lymphoid
C4orf47,choroid plexus,1,,3_vital
C4orf48,spinal cord,1,,3_vital
C4orf50,"basal ganglia, cerebral cortex",2,,3_vital
C4orf51,testis,1,,1b_testis_CT
C4orf54,skeletal muscle,1,,3_vital
C5,liver,1,,3_vital
C5AR1,bone marrow,1,1.4806372288661635e-05,1a_lymphoid
C5AR2,spleen,1,3.565609299516293e-10,1a_lymphoid
C5orf15,liver,1,,3_vital
C5orf22,"skeletal muscle, tongue",2,,3_vital
C5orf24,liver,1,,3_vital
C5orf34,"testis, thymus",2,0.01317038172539739,1a_lymphoid
C5orf46,"salivary gland, skin",2,,2_restricted
C5orf47,testis,1,,1b_testis_CT
C5orf49,"choroid plexus, fallopian tube",2,,3_vital
C5orf52,testis,1,,1b_testis_CT
C5orf58,testis,1,,1b_testis_CT
C5orf63,retina,1,,3_vital
C6,liver,1,,3_vital
C6orf118,"choroid plexus, fallopian tube",2,,3_vital
C6orf120,"liver, retina",2,,3_vital
C6orf132,esophagus,1,,2_restricted
C6orf136,,0,,4_broad
C6orf141,basal ganglia,1,,3_vital
C6orf15,"cervix, skin",2,,2_restricted
C6orf163,testis,1,,1b_testis_CT
C6orf226,,0,,4_broad
C6orf47,,0,,4_broad
C6orf52,testis,1,,1b_testis_CT
C6orf58,salivary gland,1,,2_restricted
C6orf62,,0,,4_broad
C6orf89,,0,,4_broad
C7,adrenal gland,1,,3_vital
C7orf25,,0,,4_broad
C7orf31,testis,1,,1b_testis_CT
C7orf33,retina,1,,3_vital
C7orf50,,0,,4_broad
C7orf57,"choroid plexus, fallopian tube",2,,3_vital
C8A,liver,1,,3_vital
C8B,liver,1,,3_vital
C8G,liver,1,,3_vital
C8orf33,"adrenal gland, ovary",2,,3_vital
C8orf34,"fallopian tube, parathyroid gland",2,,2_restricted
C8orf44-SGK3,epididymis,1,,2_restricted
C8orf48,"retina, testis",2,,3_vital
C8orf58,spleen,1,0.0001658315246483915,1a_lymphoid
C8orf74,testis,1,,1b_testis_CT
C8orf76,liver,1,,3_vital
C8orf82,liver,1,,3_vital
C8orf88,testis,1,,1b_testis_CT
C8orf89,testis,1,,1b_testis_CT
C8orf90,testis,1,,1b_testis_CT
C9,liver,1,,3_vital
C9orf131,testis,1,,1b_testis_CT
C9orf152,"rectum, stomach",2,,2_restricted
C9orf153,testis,1,,1b_testis_CT
C9orf24,choroid plexus,1,,3_vital
C9orf40,"small intestine, testis",2,,2_restricted
C9orf43,testis,1,,1b_testis_CT
C9orf50,testis,1,,1b_testis_CT
C9orf57,testis,1,,1b_testis_CT
C9orf64,"duodenum, liver",2,,3_vital
C9orf72,"cerebellum, retina",2,,3_vital
C9orf78,bone marrow,1,9.13445396902339e-05,1a_lymphoid
C9orf85,,0,,4_broad
CA1,"bone marrow, rectum",2,0.00015338105188901269,1a_lymphoid
CA10,cerebellum,1,,3_vital
CA11,"amygdala, cerebral cortex",2,,3_vital
CA12,kidney,1,,3_vital
CA13,"duodenum, small intestine",2,,2_restricted
CA14,choroid plexus,1,,3_vital
CA2,"choroid plexus, stomach",2,,3_vital
CA3,skeletal muscle,1,,3_vital
CA4,"colon, rectum",2,,2_restricted
CA5A,liver,1,,3_vital
CA5B,cervix,1,,2_restricted
CA6,salivary gland,1,,2_restricted
CA7,"colon, rectum",2,,2_restricted
CA8,parathyroid gland,1,,2_restricted
CA9,stomach,1,,2_restricted
CAAP1,thyroid gland,1,,2_restricted
CAB39,"skeletal muscle, tongue",2,,3_vital
CAB39L,choroid plexus,1,,3_vital
CABCOCO1,fallopian tube,1,,2_restricted
CABIN1,cerebellum,1,,3_vital
CABLES1,basal ganglia,1,,3_vital
CABLES2,testis,1,,1b_testis_CT
CABP1,cerebral cortex,1,,3_vital
CABP2,retina,1,,3_vital
CABP4,retina,1,,3_vital
CABP5,retina,1,,3_vital
CABP7,hippocampal formation,1,,3_vital
CABS1,testis,1,,1b_testis_CT
CABYR,testis,1,,1b_testis_CT
CACFD1,liver,1,,3_vital
CACHD1,ovary,1,,2_restricted
CACNA1A,cerebellum,1,,3_vital
CACNA1B,cerebellum,1,,3_vital
CACNA1C,colon,1,,2_restricted
CACNA1D,fallopian tube,1,,2_restricted
CACNA1E,basal ganglia,1,,3_vital
CACNA1F,retina,1,,3_vital
CACNA1G,cerebellum,1,,3_vital
CACNA1H,colon,1,,2_restricted
CACNA1I,"cerebellum, cerebral cortex",2,,3_vital
CACNA1S,"skeletal muscle, tongue",2,,3_vital
CACNA2D1,"skeletal muscle, tongue",2,,3_vital
CACNA2D2,lung,1,,3_vital
CACNA2D3,"basal ganglia, cerebral cortex",2,,3_vital
CACNA2D4,retina,1,,3_vital
CACNB1,"skeletal muscle, tongue",2,,3_vital
CACNB2,retina,1,,3_vital
CACNB3,"amygdala, cerebral cortex",2,,3_vital
CACNB4,"cerebellum, cerebral cortex",2,,3_vital
CACNG1,skeletal muscle,1,,3_vital
CACNG2,"cerebellum, cerebral cortex",2,,3_vital
CACNG3,"cerebral cortex, hippocampal formation",2,,3_vital
CACNG4,basal ganglia,1,,3_vital
CACNG5,retina,1,,3_vital
CACNG6,skeletal muscle,1,,3_vital
CACNG7,cerebral cortex,1,,3_vital
CACNG8,"cerebral cortex, hippocampal formation",2,,3_vital
CACTIN,,0,,4_broad
CACUL1,bone marrow,1,0.005612791539664824,1a_lymphoid
CACYBP,cerebral cortex,1,,3_vital
CAD,,0,,4_broad
CADM1,retina,1,,3_vital
CADM2,"cerebral cortex, retina",2,,3_vital
CADM3,cerebellum,1,,3_vital
CADM4,spinal cord,1,,3_vital
CADPS,retina,1,,3_vital
CADPS2,cerebellum,1,,3_vital
CAGE1,testis,1,,1b_testis_CT
CALB1,kidney,1,,3_vital
CALB2,hypothalamus,1,,3_vital
CALCA,"parathyroid gland, thyroid gland",2,,2_restricted
CALCB,thyroid gland,1,,2_restricted
CALCOCO1,skeletal muscle,1,,3_vital
CALCOCO2,,0,,4_broad
CALCR,hypothalamus,1,,3_vital
CALCRL,"adipose tissue, lung",2,,3_vital
CALD1,blood vessel,1,,2_restricted
CALHM1,cerebral cortex,1,,3_vital
CALHM2,,0,,4_broad
CALHM3,"pancreas, testis",2,,3_vital
CALHM4,placenta,1,,2_restricted
CALHM5,blood vessel,1,,2_restricted
CALHM6,spleen,1,1.8697239748995718e-10,1a_lymphoid
CALM1,cerebral cortex,1,,3_vital
CALM2,,0,,4_broad
CALM3,"basal ganglia, cerebral cortex",2,,3_vital
CALML3,esophagus,1,,2_restricted
CALML4,duodenum,1,,2_restricted
CALML5,skin,1,,2_restricted
CALML6,"skeletal muscle, tongue",2,,3_vital
CALN1,cerebellum,1,,3_vital
CALR,liver,1,,3_vital
CALR3,testis,1,,1b_testis_CT
CALU,smooth muscle,1,,2_restricted
CALY,hypothalamus,1,,3_vital
CAMK1,adrenal gland,1,,3_vital
CAMK1D,"cerebral cortex, retina",2,,3_vital
CAMK1G,"basal ganglia, cerebral cortex",2,,3_vital
CAMK2A,"amygdala, cerebral cortex, hippocampal formation",3,,3_vital
CAMK2B,"basal ganglia, skeletal muscle",2,,3_vital
CAMK2D,"heart muscle, skeletal muscle",2,,3_vital
CAMK2G,skeletal muscle,1,,3_vital
CAMK2N1,"amygdala, cerebral cortex",2,,3_vital
CAMK2N2,"cerebellum, hypothalamus",2,,3_vital
CAMK4,"cerebellum, thymus",2,8.427143031643735e-06,3_vital
CAMKK1,cerebral cortex,1,,3_vital
CAMKK2,cerebellum,1,,3_vital
CAMKMT,basal ganglia,1,,3_vital
CAMKV,basal ganglia,1,,3_vital
CAMLG,,0,,4_broad
CAMP,bone marrow,1,5.192793225342198e-45,1a_lymphoid
CAMSAP1,retina,1,,3_vital
CAMSAP2,cerebral cortex,1,,3_vital
CAMSAP3,skin,1,,2_restricted
CAMTA1,,0,,4_broad
CAMTA2,"cerebellum, cerebral cortex",2,,3_vital
CAND1,thymus,1,0.04537999712547517,1a_lymphoid
CAND2,skeletal muscle,1,,3_vital
CANT1,"colon, rectum",2,,2_restricted
CANX,,0,,4_broad
CAP1,,0,,4_broad
CAP2,"skeletal muscle, tongue",2,,3_vital
CAPG,esophagus,1,,2_restricted
CAPN1,esophagus,1,,2_restricted
CAPN10,,0,,4_broad
CAPN11,testis,1,,1b_testis_CT
CAPN12,"gallbladder, liver",2,,3_vital
CAPN13,"rectum, small intestine, stomach",3,,2_restricted
CAPN14,esophagus,1,,2_restricted
CAPN15,cerebellum,1,,3_vital
CAPN2,,0,,4_broad
CAPN3,skeletal muscle,1,,3_vital
CAPN5,,0,,4_broad
CAPN6,epididymis,1,,2_restricted
CAPN7,retina,1,,3_vital
CAPN8,stomach,1,,2_restricted
CAPN9,stomach,1,,2_restricted
CAPNS1,"esophagus, heart muscle",2,,3_vital
CAPNS2,"esophagus, skin",2,,2_restricted
CAPRIN1,testis,1,,1b_testis_CT
CAPRIN2,,0,,4_broad
CAPS,fallopian tube,1,,2_restricted
CAPS2,"fallopian tube, retina",2,,3_vital
CAPSL,"choroid plexus, fallopian tube",2,,3_vital
CAPZA1,tonsil,1,0.008287497676066192,1a_lymphoid
CAPZA2,skeletal muscle,1,,3_vital
CAPZA3,testis,1,,1b_testis_CT
CAPZB,,0,,4_broad
CARD10,"duodenum, small intestine",2,,2_restricted
CARD11,"lymph node, spleen",2,0.0001393715962629606,1a_lymphoid
CARD14,"esophagus, skin",2,,2_restricted
CARD18,skin,1,,2_restricted
CARD19,blood vessel,1,,2_restricted
CARD6,,0,,4_broad
CARD8,,0,,4_broad
CARD9,"bone marrow, spleen",2,6.281688146533537e-07,1a_lymphoid
CARF,"retina, testis",2,,3_vital
CARHSP1,testis,1,,1b_testis_CT
CARM1,"skeletal muscle, tongue",2,,3_vital
CARMIL1,"duodenum, small intestine",2,,2_restricted
CARMIL2,lymph node,1,0.019059791307254666,1a_lymphoid
CARMIL3,cerebellum,1,,3_vital
CARNMT1,,0,,4_broad
CARNS1,spinal cord,1,,3_vital
CARS1,,0,,4_broad
CARS2,skeletal muscle,1,,3_vital
CARTPT,hypothalamus,1,,3_vital
CASC3,,0,,4_broad
CASD1,,0,,4_broad
CASK,"duodenum, small intestine",2,,2_restricted
CASKIN1,cerebral cortex,1,,3_vital
CASKIN2,lung,1,,3_vital
CASP1,"duodenum, small intestine",2,,2_restricted
CASP10,,0,,4_broad
CASP14,skin,1,,2_restricted
CASP2,bone marrow,1,4.016295867674612e-05,1a_lymphoid
CASP3,duodenum,1,,2_restricted
CASP4,,0,,4_broad
CASP5,"appendix, colon, small intestine",3,0.028845262086129534,1a_lymphoid
CASP6,"colon, duodenum, small intestine",3,,2_restricted
CASP7,"colon, small intestine",2,,2_restricted
CASP8,bone marrow,1,0.0004090197795171316,1a_lymphoid
CASP8AP2,tongue,1,,2_restricted
CASP9,"adrenal gland, ovary",2,,3_vital
CASQ1,skeletal muscle,1,,3_vital
CASQ2,heart muscle,1,,3_vital
CASR,parathyroid gland,1,,2_restricted
CASS4,"appendix, lung",2,0.0020190088704153497,3_vital
CAST,esophagus,1,,2_restricted
CASTOR1,"esophagus, vagina",2,,2_restricted
CASTOR2,skeletal muscle,1,,3_vital
CASZ1,skin,1,,2_restricted
CAT,liver,1,,3_vital
CATIP,"choroid plexus, fallopian tube",2,,3_vital
CATSPER1,testis,1,,1b_testis_CT
CATSPER2,"retina, testis",2,,3_vital
CATSPER3,testis,1,,1b_testis_CT
CATSPER4,testis,1,,1b_testis_CT
CATSPERB,pancreas,1,,3_vital
CATSPERD,testis,1,,1b_testis_CT
CATSPERE,testis,1,,1b_testis_CT
CATSPERG,testis,1,,1b_testis_CT
CATSPERZ,testis,1,,1b_testis_CT
CAV1,"adipose tissue, lung",2,,3_vital
CAV2,adipose tissue,1,,2_restricted
CAV3,skeletal muscle,1,,3_vital
CAVIN1,blood vessel,1,,2_restricted
CAVIN2,adipose tissue,1,,2_restricted
CAVIN3,blood vessel,1,,2_restricted
CAVIN4,skeletal muscle,1,,3_vital
CBARP,"basal ganglia, pituitary gland",2,,3_vital
CBFA2T2,prostate,1,,2_restricted
CBFA2T3,"cerebellum, thymus",2,0.04560163776019905,3_vital
CBFB,,0,,4_broad
CBL,"testis, thymus",2,4.567801880941674e-05,1a_lymphoid
CBLB,,0,,4_broad
CBLC,duodenum,1,,2_restricted
CBLIF,stomach,1,,2_restricted
CBLL1,"bone marrow, skeletal muscle",2,8.46075712701492e-05,3_vital
CBLL2,testis,1,,1b_testis_CT
CBLN1,cerebellum,1,,3_vital
CBLN2,cerebral cortex,1,,3_vital
CBLN3,cerebellum,1,,3_vital
CBLN4,"adrenal gland, cerebral cortex",2,,3_vital
CBR1,duodenum,1,,2_restricted
CBR3,"esophagus, salivary gland",2,,2_restricted
CBR4,liver,1,,3_vital
CBS,"liver, pancreas",2,,3_vital
CBX1,,0,,4_broad
CBX2,testis,1,,1b_testis_CT
CBX3,"bone marrow, thymus",2,0.0027061170753087454,1a_lymphoid
CBX4,bone marrow,1,2.5602996185362087e-22,1a_lymphoid
CBX5,choroid plexus,1,,3_vital
CBX6,"amygdala, cerebral cortex, hippocampal formation",3,,3_vital
CBX7,,0,,4_broad
CBX8,"epididymis, testis",2,,2_restricted
CBY1,,0,,4_broad
CBY2,testis,1,,1b_testis_CT
CBY3,testis,1,,1b_testis_CT
CC2D1A,,0,,4_broad
CC2D1B,"skeletal muscle, spinal cord",2,,3_vital
CC2D2A,retina,1,,3_vital
CC2D2B,testis,1,,1b_testis_CT
CCAR1,,0,,4_broad
CCAR2,bone marrow,1,1.0566255565916523e-07,1a_lymphoid
CCBE1,ovary,1,,2_restricted
CCDC102A,blood vessel,1,,2_restricted
CCDC102B,placenta,1,,2_restricted
CCDC103,"fallopian tube, testis",2,,2_restricted
CCDC105,testis,1,,1b_testis_CT
CCDC106,basal ganglia,1,,3_vital
CCDC107,blood vessel,1,,2_restricted
CCDC110,testis,1,,1b_testis_CT
CCDC112,testis,1,,1b_testis_CT
CCDC113,fallopian tube,1,,2_restricted
CCDC115,,0,,4_broad
CCDC116,testis,1,,1b_testis_CT
CCDC117,testis,1,,1b_testis_CT
CCDC12,,0,,4_broad
CCDC120,"esophagus, skin",2,,2_restricted
CCDC121,testis,1,,1b_testis_CT
CCDC122,,0,,4_broad
CCDC124,skeletal muscle,1,,3_vital
CCDC125,"bone marrow, liver",2,0.01319886366045539,3_vital
CCDC126,testis,1,,1b_testis_CT
CCDC127,"choroid plexus, retina",2,,3_vital
CCDC13,"fallopian tube, retina, testis",3,,3_vital
CCDC134,"adrenal gland, bone marrow, epididymis",3,0.001819201224967857,3_vital
CCDC136,testis,1,,1b_testis_CT
CCDC137,"esophagus, skin",2,,2_restricted
CCDC138,testis,1,,1b_testis_CT
CCDC14,retina,1,,3_vital
CCDC141,heart muscle,1,,3_vital
CCDC142,liver,1,,3_vital
CCDC144A,"retina, testis",2,,3_vital
CCDC146,"fallopian tube, testis",2,,2_restricted
CCDC148,testis,1,,1b_testis_CT
CCDC149,pancreas,1,,3_vital
CCDC15,testis,1,,1b_testis_CT
CCDC150,"kidney, testis",2,,3_vital
CCDC152,liver,1,,3_vital
CCDC153,"choroid plexus, fallopian tube",2,,3_vital
CCDC154,testis,1,,1b_testis_CT
CCDC157,testis,1,,1b_testis_CT
CCDC158,testis,1,,1b_testis_CT
CCDC159,,0,,4_broad
CCDC160,salivary gland,1,,2_restricted
CCDC163,pancreas,1,,3_vital
CCDC166,testis,1,,1b_testis_CT
CCDC167,thymus,1,0.0010993294545714378,1a_lymphoid
CCDC168,testis,1,,1b_testis_CT
CCDC169,testis,1,,1b_testis_CT
CCDC169-SOHLH2,testis,1,,1b_testis_CT
CCDC17,fallopian tube,1,,2_restricted
CCDC170,fallopian tube,1,,2_restricted
CCDC171,testis,1,,1b_testis_CT
CCDC172,testis,1,,1b_testis_CT
CCDC174,bone marrow,1,0.002834419328019925,1a_lymphoid
CCDC175,"cerebellum, choroid plexus",2,,3_vital
CCDC177,"cerebellum, retina",2,,3_vital
CCDC178,testis,1,,1b_testis_CT
CCDC179,testis,1,,1b_testis_CT
CCDC18,"bone marrow, testis",2,0.03282577757519862,1a_lymphoid
CCDC180,"choroid plexus, testis",2,,3_vital
CCDC181,"choroid plexus, retina",2,,3_vital
CCDC182,testis,1,,1b_testis_CT
CCDC183,testis,1,,1b_testis_CT
CCDC184,"cerebral cortex, hypothalamus",2,,3_vital
CCDC185,testis,1,,1b_testis_CT
CCDC186,bone marrow,1,0.00011052055440228565,1a_lymphoid
CCDC187,testis,1,,1b_testis_CT
CCDC188,testis,1,,1b_testis_CT
CCDC190,"blood vessel, esophagus",2,,2_restricted
CCDC191,choroid plexus,1,,3_vital
CCDC192,testis,1,,1b_testis_CT
CCDC194,ovary,1,,2_restricted
CCDC195,tongue,1,,2_restricted
CCDC196,testis,1,,1b_testis_CT
CCDC197,testis,1,,1b_testis_CT
CCDC198,kidney,1,,3_vital
CCDC200,testis,1,,1b_testis_CT
CCDC201,"breast, placenta",2,,2_restricted
CCDC22,,0,,4_broad
CCDC24,testis,1,,1b_testis_CT
CCDC25,duodenum,1,,2_restricted
CCDC27,testis,1,,1b_testis_CT
CCDC28A,choroid plexus,1,,3_vital
CCDC28B,skeletal muscle,1,,3_vital
CCDC3,blood vessel,1,,2_restricted
CCDC30,choroid plexus,1,,3_vital
CCDC32,,0,,4_broad
CCDC33,"fallopian tube, testis",2,,2_restricted
CCDC34,testis,1,,1b_testis_CT
CCDC38,testis,1,,1b_testis_CT
CCDC39,"lymph node, retina, skin",3,0.012885895402899528,3_vital
CCDC40,"choroid plexus, fallopian tube",2,,3_vital
CCDC42,testis,1,,1b_testis_CT
CCDC43,skeletal muscle,1,,3_vital
CCDC47,,0,,4_broad
CCDC50,,0,,4_broad
CCDC51,choroid plexus,1,,3_vital
CCDC54,testis,1,,1b_testis_CT
CCDC57,,0,,4_broad
CCDC59,bone marrow,1,2.8590555148799864e-12,1a_lymphoid
CCDC6,,0,,4_broad
CCDC60,"choroid plexus, fallopian tube",2,,3_vital
CCDC61,testis,1,,1b_testis_CT
CCDC62,testis,1,,1b_testis_CT
CCDC63,testis,1,,1b_testis_CT
CCDC65,"fallopian tube, testis",2,,2_restricted
CCDC66,retina,1,,3_vital
CCDC68,placenta,1,,2_restricted
CCDC69,skeletal muscle,1,,3_vital
CCDC7,testis,1,,1b_testis_CT
CCDC70,testis,1,,1b_testis_CT
CCDC71,,0,,4_broad
CCDC71L,"adipose tissue, urinary bladder",2,,2_restricted
CCDC73,testis,1,,1b_testis_CT
CCDC74A,"choroid plexus, testis",2,,3_vital
CCDC74B,testis,1,,1b_testis_CT
CCDC77,"testis, thymus",2,0.04233581726228244,1a_lymphoid
CCDC78,fallopian tube,1,,2_restricted
CCDC8,ovary,1,,2_restricted
CCDC80,smooth muscle,1,,2_restricted
CCDC81,"choroid plexus, fallopian tube",2,,3_vital
CCDC82,retina,1,,3_vital
CCDC83,testis,1,,1b_testis_CT
CCDC85A,"adipose tissue, cerebral cortex",2,,3_vital
CCDC85B,"amygdala, hippocampal formation",2,,3_vital
CCDC85C,cerebellum,1,,3_vital
CCDC86,parathyroid gland,1,,2_restricted
CCDC87,testis,1,,1b_testis_CT
CCDC88A,spinal cord,1,,3_vital
CCDC88B,"cerebellum, spleen",2,0.00010751016065021415,3_vital
CCDC88C,spleen,1,0.011992567038439095,1a_lymphoid
CCDC89,testis,1,,1b_testis_CT
CCDC9,pancreas,1,,3_vital
CCDC90B,testis,1,,1b_testis_CT
CCDC91,skeletal muscle,1,,3_vital
CCDC92,,0,,4_broad
CCDC93,retina,1,,3_vital
CCDC96,testis,1,,1b_testis_CT
CCDC97,"skeletal muscle, testis",2,,3_vital
CCDC9B,skeletal muscle,1,,3_vital
CCER1,testis,1,,1b_testis_CT
CCER2,,0,,4_broad
CCHCR1,testis,1,,1b_testis_CT
CCIN,testis,1,,1b_testis_CT
CCK,"amygdala, cerebral cortex",2,,3_vital
CCKAR,"gallbladder, stomach",2,,2_restricted
CCKBR,"pancreas, stomach",2,,3_vital
CCL1,"rectum, thymus",2,0.03467855266468867,1a_lymphoid
CCL11,colon,1,,2_restricted
CCL13,colon,1,,2_restricted
CCL14,spleen,1,2.623953914614885e-06,1a_lymphoid
CCL15,"colon, rectum, small intestine",3,,2_restricted
CCL16,liver,1,,3_vital
CCL17,thymus,1,3.8611472983832354e-11,1a_lymphoid
CCL18,lung,1,,3_vital
CCL19,"appendix, lymph node, tonsil",3,0.005285821983792786,1a_lymphoid
CCL2,urinary bladder,1,,2_restricted
CCL20,"gallbladder, tonsil, urinary bladder",3,0.003052622497803201,1a_lymphoid
CCL21,lymph node,1,1.6086405682124284e-17,1a_lymphoid
CCL22,"appendix, thymus, tonsil",3,0.0026246337032876307,1a_lymphoid
CCL23,lung,1,,3_vital
CCL24,"rectum, small intestine, spleen",3,9.147506723855554e-05,1a_lymphoid
CCL25,"duodenum, small intestine, thymus",3,9.706051951336757e-07,1a_lymphoid
CCL26,choroid plexus,1,,3_vital
CCL27,skin,1,,2_restricted
CCL28,salivary gland,1,,2_restricted
CCL3,"bone marrow, spleen",2,6.754163396162581e-08,1a_lymphoid
CCL3L1,bone marrow,1,1.708411360227704e-11,1a_lymphoid
CCL4,bone marrow,1,1.5148786579103314e-10,1a_lymphoid
CCL4L2,"bone marrow, spleen",2,4.459207386746374e-09,1a_lymphoid
CCL5,"bone marrow, lymph node, spleen",3,0.004718130698850787,1a_lymphoid
CCL7,bone marrow,1,1.1861930640189929e-38,1a_lymphoid
CCL8,,0,,4_broad
CCM2,"basal ganglia, cerebral cortex",2,,3_vital
CCM2L,spleen,1,6.09403909494343e-30,1a_lymphoid
CCN1,"adipose tissue, blood vessel",2,,2_restricted
CCN2,blood vessel,1,,2_restricted
CCN3,"adrenal gland, blood vessel",2,,3_vital
CCN4,ovary,1,,2_restricted
CCN5,blood vessel,1,,2_restricted
CCN6,epididymis,1,,2_restricted
CCNA1,testis,1,,1b_testis_CT
CCNA2,"bone marrow, thymus",2,0.0003036373964889379,1a_lymphoid
CCNB1,"thymus, tonsil",2,0.0024005708678969374,1a_lymphoid
CCNB1IP1,ovary,1,,2_restricted
CCNB2,"bone marrow, testis, thymus",3,0.0027175664368247906,1a_lymphoid
CCNB3,"epididymis, testis",2,,2_restricted
CCNC,,0,,4_broad
CCND1,skin,1,,2_restricted
CCND2,heart muscle,1,,3_vital
CCND3,"bone marrow, thymus",2,0.00044544441047713663,1a_lymphoid
CCNDBP1,bone marrow,1,1.0886644350274764e-21,1a_lymphoid
CCNE1,"bone marrow, placenta",2,2.749042488432985e-07,1a_lymphoid
CCNE2,bone marrow,1,4.708976466363834e-09,1a_lymphoid
CCNF,thymus,1,9.630272947913355e-07,1a_lymphoid
CCNG1,skeletal muscle,1,,3_vital
CCNG2,esophagus,1,,2_restricted
CCNH,testis,1,,1b_testis_CT
CCNI,,0,,4_broad
CCNI2,cerebellum,1,,3_vital
CCNJ,bone marrow,1,3.872709534540139e-09,1a_lymphoid
CCNJL,cerebellum,1,,3_vital
CCNK,bone marrow,1,5.1509469693487685e-14,1a_lymphoid
CCNL1,adipose tissue,1,,2_restricted
CCNL2,,0,,4_broad
CCNO,"choroid plexus, pancreas, testis",3,,3_vital
CCNP,"cerebellum, kidney",2,,3_vital
CCNQ,,0,,4_broad
CCNT1,bone marrow,1,6.079929451384077e-10,1a_lymphoid
CCNT2,,0,,4_broad
CCNY,testis,1,,1b_testis_CT
CCNYL1,,0,,4_broad
CCP110,testis,1,,1b_testis_CT
CCPG1,,0,,4_broad
CCR1,appendix,1,0.0004817455861433392,1a_lymphoid
CCR10,pituitary gland,1,,3_vital
CCR2,"appendix, spleen",2,1.212196098453651e-07,1a_lymphoid
CCR3,small intestine,1,,2_restricted
CCR4,thymus,1,2.3742637429655538e-05,1a_lymphoid
CCR5,"appendix, lymph node",2,0.0024519756005633923,1a_lymphoid
CCR6,tonsil,1,1.523472960809203e-11,1a_lymphoid
CCR7,"appendix, lymph node, tonsil",3,0.0016926165521169267,1a_lymphoid
CCR8,thymus,1,9.879280049426259e-29,1a_lymphoid
CCR9,thymus,1,2.530726829664014e-61,1a_lymphoid
CCRL2,,0,,4_broad
CCS,liver,1,,3_vital
CCSAP,"cerebellum, cerebral cortex",2,,3_vital
CCSER1,"retina, testis",2,,3_vital
CCSER2,"skeletal muscle, testis, tongue",3,,3_vital
CCT2,testis,1,,1b_testis_CT
CCT3,,0,,4_broad
CCT4,ovary,1,,2_restricted
CCT5,parathyroid gland,1,,2_restricted
CCT6A,skeletal muscle,1,,3_vital
CCT6B,testis,1,,1b_testis_CT
CCT7,"skeletal muscle, tongue",2,,3_vital
CCT8,,0,,4_broad
CCT8L2,testis,1,,1b_testis_CT
CCZ1,"bone marrow, parathyroid gland",2,0.018408032633990976,1a_lymphoid
CCZ1B,parathyroid gland,1,,2_restricted
CD101,"lung, small intestine",2,,3_vital
CD109,parathyroid gland,1,,2_restricted
CD14,liver,1,,3_vital
CD151,blood vessel,1,,2_restricted
CD160,"cerebellum, spleen",2,0.0007344379253155324,3_vital
CD163,spleen,1,0.0005793468535817465,1a_lymphoid
CD163L1,"rectum, spleen",2,1.0139831236113254e-05,1a_lymphoid
CD164,,0,,4_broad
CD164L2,"esophagus, fallopian tube",2,,2_restricted
CD177,bone marrow,1,8.2276313959004e-09,1a_lymphoid
CD180,"lymph node, tonsil",2,9.153335284329444e-05,1a_lymphoid
CD19,"lymph node, spleen, tonsil",3,0.0013712810941654459,1a_lymphoid
CD1A,thymus,1,5.697401621553802e-50,1a_lymphoid
CD1B,thymus,1,5.860480603138574e-98,1a_lymphoid
CD1C,thymus,1,1.314369133706206e-19,1a_lymphoid
CD1D,spleen,1,0.0005993521266871399,1a_lymphoid
CD1E,thymus,1,4.188725564035051e-81,1a_lymphoid
CD2,thymus,1,1.1303291096696054e-12,1a_lymphoid
CD200,hypothalamus,1,,3_vital
CD200R1,spleen,1,0.0001860456906059684,1a_lymphoid
CD200R1L,testis,1,,1b_testis_CT
CD207,skin,1,,2_restricted
CD209,adipose tissue,1,,2_restricted
CD22,"lymph node, tonsil",2,0.0005754665054380383,1a_lymphoid
CD226,parathyroid gland,1,,2_restricted
CD24,thyroid gland,1,,2_restricted
CD244,"bone marrow, spleen",2,2.5119929240013787e-10,1a_lymphoid
CD247,thymus,1,7.133815833408225e-16,1a_lymphoid
CD248,"adipose tissue, breast",2,,2_restricted
CD27,"lymph node, tonsil",2,3.3044349880715874e-06,1a_lymphoid
CD274,lung,1,,3_vital
CD276,,0,,4_broad
CD28,"lymph node, thymus",2,0.00016900042259360013,1a_lymphoid
CD2AP,"duodenum, small intestine",2,,2_restricted
CD2BP2,,0,,4_broad
CD300A,spleen,1,6.112703909315387e-16,1a_lymphoid
CD300C,"bone marrow, lung",2,0.0012986098549618288,3_vital
CD300E,"appendix, bone marrow",2,8.240965676025137e-07,1a_lymphoid
CD300LB,"appendix, bone marrow",2,1.969148210655129e-05,1a_lymphoid
CD300LD,bone marrow,1,1.3507972380998071e-05,1a_lymphoid
CD300LF,"bone marrow, spleen",2,3.3640083105145876e-05,1a_lymphoid
CD300LG,"adipose tissue, breast",2,,2_restricted
CD302,liver,1,,3_vital
CD320,,0,,4_broad
CD33,"bone marrow, spleen",2,3.592269137735779e-07,1a_lymphoid
CD34,"adipose tissue, placenta",2,,2_restricted
CD36,adipose tissue,1,,2_restricted
CD37,"lymph node, spleen",2,0.0001274723837754708,1a_lymphoid
CD38,thymus,1,1.7409646363855555e-10,1a_lymphoid
CD3D,thymus,1,3.813912518526274e-26,1a_lymphoid
CD3E,thymus,1,4.639819433321107e-19,1a_lymphoid
CD3G,thymus,1,2.2726801888004696e-20,1a_lymphoid
CD4,thymus,1,0.0014604101370473636,1a_lymphoid
CD40,"lymph node, tonsil",2,0.0015846325937504961,1a_lymphoid
CD40LG,"lymph node, thymus, tonsil",3,0.000920909070229401,1a_lymphoid
CD44,salivary gland,1,,2_restricted
CD46,parathyroid gland,1,,2_restricted
CD47,"bone marrow, retina",2,0.021983889893629253,3_vital
CD48,"lymph node, tonsil",2,0.0002726912877110837,1a_lymphoid
CD5,"lymph node, thymus",2,1.4099280373007847e-05,1a_lymphoid
CD52,epididymis,1,,2_restricted
CD53,"lymph node, tonsil",2,0.0002303052131088714,1a_lymphoid
CD55,lung,1,,3_vital
CD58,bone marrow,1,0.0005679897389899273,1a_lymphoid
CD59,choroid plexus,1,,3_vital
CD5L,spleen,1,1.2899738767723445e-35,1a_lymphoid
CD6,"lymph node, thymus",2,0.0003284230253675719,1a_lymphoid
CD63,choroid plexus,1,,3_vital
CD68,"lung, spleen",2,0.030981032506512664,3_vital
CD69,bone marrow,1,2.5280746034008825e-09,1a_lymphoid
CD7,"spleen, thymus",2,0.0010181989453733368,1a_lymphoid
CD70,lymph node,1,0.03738564413925566,1a_lymphoid
CD72,"lymph node, spleen, tonsil",3,4.225276532055693e-05,1a_lymphoid
CD74,"lymph node, spleen, tonsil",3,0.015430111671997598,1a_lymphoid
CD79A,"lymph node, tonsil",2,2.876809549845498e-05,1a_lymphoid
CD79B,"lymph node, tonsil",2,1.6845279812792431e-06,1a_lymphoid
CD80,"appendix, lymph node, tonsil",3,0.0005480867887377303,1a_lymphoid
CD81,seminal vesicle,1,,2_restricted
CD82,"bone marrow, esophagus",2,0.02825999214195183,1a_lymphoid
CD83,bone marrow,1,3.442982351003272e-17,1a_lymphoid
CD84,"appendix, lymph node",2,0.00017583793582093472,1a_lymphoid
CD86,"appendix, lymph node",2,0.0020751516785422657,1a_lymphoid
CD8A,thymus,1,6.314959541363022e-18,1a_lymphoid
CD8B,thymus,1,6.074649755693345e-48,1a_lymphoid
CD8B2,"thymus, tonsil",2,6.686263413777381e-07,1a_lymphoid
CD9,"esophagus, parathyroid gland",2,,2_restricted
CD93,placenta,1,,2_restricted
CD96,thymus,1,1.1371326492980707e-11,1a_lymphoid
CD99,,0,,4_broad
CD99L2,skeletal muscle,1,,3_vital
CDA,"bone marrow, esophagus",2,3.0844096631327363e-09,1a_lymphoid
CDADC1,"kidney, thyroid gland",2,,3_vital
CDAN1,ovary,1,,2_restricted
CDC123,tonsil,1,0.028669304835372257,1a_lymphoid
CDC14A,testis,1,,1b_testis_CT
CDC14B,liver,1,,3_vital
CDC14C,"retina, testis",2,,3_vital
CDC16,choroid plexus,1,,3_vital
CDC20,"bone marrow, thymus",2,0.023863879413990523,1a_lymphoid
CDC20B,"fallopian tube, testis",2,,2_restricted
CDC23,placenta,1,,2_restricted
CDC25A,"bone marrow, testis",2,1.7724325279888367e-05,1a_lymphoid
CDC25B,"cerebellum, lung",2,,3_vital
CDC25C,testis,1,,1b_testis_CT
CDC26,,0,,4_broad
CDC27,thyroid gland,1,,2_restricted
CDC34,skeletal muscle,1,,3_vital
CDC37,skeletal muscle,1,,3_vital
CDC37L1,skeletal muscle,1,,3_vital
CDC40,bone marrow,1,1.8800053077535404e-09,1a_lymphoid
CDC42,bone marrow,1,1.4184748365055513e-05,1a_lymphoid
CDC42BPA,,0,,4_broad
CDC42BPB,,0,,4_broad
CDC42BPG,"cerebellum, skin",2,,3_vital
CDC42EP1,pancreas,1,,3_vital
CDC42EP2,adipose tissue,1,,2_restricted
CDC42EP3,,0,,4_broad
CDC42EP4,,0,,4_broad
CDC42EP5,colon,1,,2_restricted
CDC42SE1,spleen,1,0.005953072371884016,1a_lymphoid
CDC42SE2,"bone marrow, lymph node",2,0.029693585041382017,1a_lymphoid
CDC45,"bone marrow, testis",2,0.002386730665161756,1a_lymphoid
CDC5L,tongue,1,,2_restricted
CDC6,bone marrow,1,0.00013000597538531328,1a_lymphoid
CDC7,testis,1,,1b_testis_CT
CDC73,,0,,4_broad
CDCA2,"testis, thymus",2,0.04166244656364283,1a_lymphoid
CDCA3,retina,1,,3_vital
CDCA4,bone marrow,1,2.9979987692445363e-12,1a_lymphoid
CDCA5,"bone marrow, testis",2,8.931594178096772e-07,1a_lymphoid
CDCA7,thymus,1,0.004907280295249574,1a_lymphoid
CDCA7L,"bone marrow, thymus",2,0.005135797822679523,1a_lymphoid
CDCA8,"bone marrow, thymus",2,0.0003940144730249786,1a_lymphoid
CDCP1,esophagus,1,,2_restricted
CDCP2,,0,,4_broad
CDH1,parathyroid gland,1,,2_restricted
CDH10,"cerebellum, cerebral cortex",2,,3_vital
CDH11,"ovary, placenta",2,,2_restricted
CDH12,retina,1,,3_vital
CDH13,blood vessel,1,,2_restricted
CDH15,"cerebellum, skeletal muscle",2,,3_vital
CDH16,kidney,1,,3_vital
CDH17,"colon, duodenum, rectum, small intestine",4,,2_restricted
CDH18,"cerebellum, cerebral cortex",2,,3_vital
CDH19,heart muscle,1,,3_vital
CDH2,heart muscle,1,,3_vital
CDH20,tongue,1,,2_restricted
CDH22,cerebellum,1,,3_vital
CDH23,ovary,1,,2_restricted
CDH24,"cerebellum, endometrium",2,,3_vital
CDH26,prostate,1,,2_restricted
CDH3,choroid plexus,1,,3_vital
CDH4,"amygdala, basal ganglia",2,,3_vital
CDH5,placenta,1,,2_restricted
CDH6,"blood vessel, kidney",2,,3_vital
CDH7,"cerebellum, retina",2,,3_vital
CDH8,cerebral cortex,1,,3_vital
CDH9,"cerebral cortex, kidney",2,,3_vital
CDHR1,"retina, skin",2,,3_vital
CDHR2,"duodenum, small intestine",2,,2_restricted
CDHR3,fallopian tube,1,,2_restricted
CDHR4,fallopian tube,1,,2_restricted
CDHR5,"duodenum, small intestine",2,,2_restricted
CDIN1,heart muscle,1,,3_vital
CDIP1,cerebral cortex,1,,3_vital
CDIPT,,0,,4_broad
CDK1,"bone marrow, thymus",2,7.195193222226301e-05,1a_lymphoid
CDK10,,0,,4_broad
CDK11A,spleen,1,0.03192621255224317,1a_lymphoid
CDK11B,skeletal muscle,1,,3_vital
CDK12,bone marrow,1,7.602396437335332e-07,1a_lymphoid
CDK13,bone marrow,1,0.0009588917605433716,1a_lymphoid
CDK14,cerebral cortex,1,,3_vital
CDK15,epididymis,1,,2_restricted
CDK16,"skeletal muscle, tongue",2,,3_vital
CDK17,bone marrow,1,0.008808315175619707,1a_lymphoid
CDK18,spinal cord,1,,3_vital
CDK19,,0,,4_broad
CDK2,placenta,1,,2_restricted
CDK20,,0,,4_broad
CDK2AP1,"midbrain, spinal cord",2,,3_vital
CDK2AP2,liver,1,,3_vital
CDK3,liver,1,,3_vital
CDK4,ovary,1,,2_restricted
CDK5,"basal ganglia, cerebral cortex",2,,3_vital
CDK5R1,"cerebellum, cerebral cortex",2,,3_vital
CDK5R2,cerebral cortex,1,,3_vital
CDK5RAP1,"skeletal muscle, tongue",2,,3_vital
CDK5RAP2,"skeletal muscle, tongue",2,,3_vital
CDK5RAP3,pancreas,1,,3_vital
CDK6,thymus,1,2.864417239183749e-12,1a_lymphoid
CDK7,esophagus,1,,2_restricted
CDK8,colon,1,,2_restricted
CDK9,,0,,4_broad
CDKAL1,skeletal muscle,1,,3_vital
CDKL1,,0,,4_broad
CDKL2,testis,1,,1b_testis_CT
CDKL3,testis,1,,1b_testis_CT
CDKL4,testis,1,,1b_testis_CT
CDKL5,"cerebral cortex, retina",2,,3_vital
CDKN1A,,0,,4_broad
CDKN1B,cerebellum,1,,3_vital
CDKN1C,"ovary, spinal cord",2,,3_vital
CDKN2A,"choroid plexus, pituitary gland",2,,3_vital
CDKN2AIP,bone marrow,1,2.2075087237902263e-06,1a_lymphoid
CDKN2AIPNL,skeletal muscle,1,,3_vital
CDKN2B,esophagus,1,,2_restricted
CDKN2C,"adipose tissue, thymus",2,0.0003747471788380018,1a_lymphoid
CDKN2D,bone marrow,1,6.160483035994121e-09,1a_lymphoid
CDKN3,testis,1,,1b_testis_CT
CDNF,"skeletal muscle, tongue",2,,3_vital
CDO1,"choroid plexus, liver",2,,3_vital
CDON,"ovary, smooth muscle, thyroid gland",3,,2_restricted
CDPF1,,0,,4_broad
CDR2,"retina, testis",2,,3_vital
CDR2L,"cerebellum, spinal cord",2,,3_vital
CDRT15,testis,1,,1b_testis_CT
CDRT15L2,testis,1,,1b_testis_CT
CDRT4,pituitary gland,1,,3_vital
CDS1,,0,,4_broad
CDS2,,0,,4_broad
CDSN,skin,1,,2_restricted
CDT1,bone marrow,1,4.832124923536238e-22,1a_lymphoid
CDV3,skeletal muscle,1,,3_vital
CDX1,"colon, rectum, small intestine",3,,2_restricted
CDX2,"colon, small intestine",2,,2_restricted
CDX4,skin,1,,2_restricted
CDY1,testis,1,,1b_testis_CT
CDY1B,testis,1,,1b_testis_CT
CDY2A,"epididymis, testis",2,,2_restricted
CDY2B,testis,1,,1b_testis_CT
CDYL,,0,,4_broad
CDYL2,cerebellum,1,,3_vital
CEACAM1,colon,1,,2_restricted
CEACAM16,pancreas,1,,3_vital
CEACAM18,"duodenum, small intestine",2,,2_restricted
CEACAM19,skeletal muscle,1,,3_vital
CEACAM20,"duodenum, small intestine",2,,2_restricted
CEACAM21,"bone marrow, spleen",2,1.8990630423837113e-09,1a_lymphoid
CEACAM3,bone marrow,1,9.729963273440991e-36,1a_lymphoid
CEACAM4,spleen,1,3.240733772256134e-27,1a_lymphoid
CEACAM5,"colon, rectum",2,,2_restricted
CEACAM6,lung,1,,3_vital
CEACAM7,"colon, rectum",2,,2_restricted
CEACAM8,bone marrow,1,3.0555972789181622e-74,1a_lymphoid
CEBPA,liver,1,,3_vital
CEBPB,"liver, skeletal muscle",2,,3_vital
CEBPD,,0,,4_broad
CEBPE,bone marrow,1,2.089160602778184e-43,1a_lymphoid
CEBPG,skeletal muscle,1,,3_vital
CEBPZ,,0,,4_broad
CEBPZOS,skeletal muscle,1,,3_vital
CECR2,"retina, skeletal muscle",2,,3_vital
CEL,pancreas,1,,3_vital
CELA1,pancreas,1,,3_vital
CELA2A,pancreas,1,,3_vital
CELA2B,pancreas,1,,3_vital
CELA3A,pancreas,1,,3_vital
CELA3B,pancreas,1,,3_vital
CELF1,skeletal muscle,1,,3_vital
CELF2,bone marrow,1,0.0005987579196921039,1a_lymphoid
CELF3,"cerebellum, pituitary gland",2,,3_vital
CELF4,"cerebellum, cerebral cortex",2,,3_vital
CELF5,"basal ganglia, cerebellum, cerebral cortex",3,,3_vital
CELF6,hypothalamus,1,,3_vital
CELSR1,"esophagus, skin",2,,2_restricted
CELSR2,"cerebral cortex, skin",2,,3_vital
CELSR3,cerebellum,1,,3_vital
CEMIP,endometrium,1,,2_restricted
CEMIP2,"parathyroid gland, placenta",2,,2_restricted
CEMP1,,0,,4_broad
CENATAC,,0,,4_broad
CEND1,"cerebellum, cerebral cortex",2,,3_vital
CENPA,thymus,1,3.905277308875968e-06,1a_lymphoid
CENPB,"midbrain, spinal cord",2,,3_vital
CENPC,ovary,1,,2_restricted
CENPE,"bone marrow, thymus",2,0.00012765620615843833,1a_lymphoid
CENPF,"bone marrow, thymus",2,1.0747048449191062e-06,1a_lymphoid
CENPH,"bone marrow, testis",2,0.00011042756327659951,1a_lymphoid
CENPI,bone marrow,1,0.02898357800957533,1a_lymphoid
CENPJ,testis,1,,1b_testis_CT
CENPK,"bone marrow, thymus",2,0.0018320708077579088,1a_lymphoid
CENPL,"bone marrow, testis, thymus",3,0.008199087014401692,1a_lymphoid
CENPM,"bone marrow, lymph node",2,0.00233024046350773,1a_lymphoid
CENPN,bone marrow,1,3.1830135461715695e-08,1a_lymphoid
CENPO,thymus,1,0.0005458750333645529,1a_lymphoid
CENPP,skin,1,,2_restricted
CENPQ,spinal cord,1,,3_vital
CENPS,testis,1,,1b_testis_CT
CENPS-CORT,testis,1,,1b_testis_CT
CENPT,"skin, testis",2,,2_restricted
CENPU,bone marrow,1,1.2730791297479187e-12,1a_lymphoid
CENPV,,0,,4_broad
CENPVL1,"basal ganglia, hypothalamus",2,,3_vital
CENPVL2,"basal ganglia, hypothalamus",2,,3_vital
CENPVL3,"basal ganglia, hypothalamus, testis",3,,3_vital
CENPW,"bone marrow, testis",2,9.730359098908131e-05,1a_lymphoid
CENPX,liver,1,,3_vital
CEP104,parathyroid gland,1,,2_restricted
CEP112,testis,1,,1b_testis_CT
CEP120,,0,,4_broad
CEP126,choroid plexus,1,,3_vital
CEP128,thymus,1,4.34152542812577e-21,1a_lymphoid
CEP131,testis,1,,1b_testis_CT
CEP135,,0,,4_broad
CEP152,bone marrow,1,4.102148757165131e-10,1a_lymphoid
CEP162,testis,1,,1b_testis_CT
CEP164,"pancreas, retina, testis",3,,3_vital
CEP170,"bone marrow, testis",2,0.02884859270668444,1a_lymphoid
CEP170B,cerebellum,1,,3_vital
CEP19,testis,1,,1b_testis_CT
CEP192,"bone marrow, thymus",2,0.021111159116281277,1a_lymphoid
CEP20,skeletal muscle,1,,3_vital
CEP250,cerebellum,1,,3_vital
CEP290,parathyroid gland,1,,2_restricted
CEP295,"bone marrow, cerebellum",2,0.01964919221461785,3_vital
CEP295NL,testis,1,,1b_testis_CT
CEP350,"skeletal muscle, testis",2,,3_vital
CEP41,testis,1,,1b_testis_CT
CEP43,testis,1,,1b_testis_CT
CEP44,,0,,4_broad
CEP55,"testis, thymus",2,9.599392347409725e-05,1a_lymphoid
CEP57,liver,1,,3_vital
CEP57L1,testis,1,,1b_testis_CT
CEP63,skeletal muscle,1,,3_vital
CEP68,"skeletal muscle, tongue",2,,3_vital
CEP70,"duodenum, testis",2,,2_restricted
CEP72,testis,1,,1b_testis_CT
CEP76,"testis, thymus",2,0.02193004621402021,1a_lymphoid
CEP78,"bone marrow, testis",2,0.02992144414851465,1a_lymphoid
CEP83,"heart muscle, testis",2,,3_vital
CEP85,skeletal muscle,1,,3_vital
CEP85L,testis,1,,1b_testis_CT
CEP89,prostate,1,,2_restricted
CEP95,"bone marrow, retina",2,0.0005724699177925925,3_vital
CEP97,,0,,4_broad
CEPT1,liver,1,,3_vital
CER1,epididymis,1,,2_restricted
CERCAM,"hippocampal formation, spinal cord",2,,3_vital
CERK,pituitary gland,1,,3_vital
CERKL,retina,1,,3_vital
CERS1,,0,,4_broad
CERS2,liver,1,,3_vital
CERS3,"esophagus, skin",2,,2_restricted
CERS4,pancreas,1,,3_vital
CERS5,,0,,4_broad
CERS6,,0,,4_broad
CERT1,thyroid gland,1,,2_restricted
CES1,liver,1,,3_vital
CES2,"duodenum, small intestine",2,,2_restricted
CES3,liver,1,,3_vital
CES4A,"fallopian tube, skin",2,,2_restricted
CES5A,epididymis,1,,2_restricted
CETN1,testis,1,,1b_testis_CT
CETN2,"choroid plexus, fallopian tube",2,,3_vital
CETN3,testis,1,,1b_testis_CT
CETP,spleen,1,0.00015952830635571787,1a_lymphoid
CFAP100,"fallopian tube, testis",2,,2_restricted
CFAP107,"choroid plexus, testis",2,,3_vital
CFAP119,"choroid plexus, testis",2,,3_vital
CFAP126,"choroid plexus, fallopian tube",2,,3_vital
CFAP141,"fallopian tube, testis",2,,2_restricted
CFAP157,"choroid plexus, fallopian tube",2,,3_vital
CFAP161,"choroid plexus, fallopian tube",2,,3_vital
CFAP20,,0,,4_broad
CFAP206,testis,1,,1b_testis_CT
CFAP20DC,testis,1,,1b_testis_CT
CFAP210,"choroid plexus, testis",2,,3_vital
CFAP221,"fallopian tube, testis",2,,2_restricted
CFAP251,"choroid plexus, fallopian tube, testis",3,,3_vital
CFAP276,"choroid plexus, fallopian tube, testis",3,,3_vital
CFAP298,choroid plexus,1,,3_vital
CFAP298-TCP10L,"fallopian tube, testis",2,,2_restricted
CFAP299,"fallopian tube, testis",2,,2_restricted
CFAP300,"choroid plexus, fallopian tube, testis",3,,3_vital
CFAP36,choroid plexus,1,,3_vital
CFAP410,,0,,4_broad
CFAP418,retina,1,,3_vital
CFAP43,"choroid plexus, testis",2,,3_vital
CFAP44,retina,1,,3_vital
CFAP45,"choroid plexus, fallopian tube",2,,3_vital
CFAP46,"skeletal muscle, testis",2,,3_vital
CFAP47,fallopian tube,1,,2_restricted
CFAP52,"choroid plexus, fallopian tube",2,,3_vital
CFAP53,testis,1,,1b_testis_CT
CFAP54,"choroid plexus, retina",2,,3_vital
CFAP57,"fallopian tube, testis",2,,2_restricted
CFAP58,"fallopian tube, testis",2,,2_restricted
CFAP61,skeletal muscle,1,,3_vital
CFAP65,fallopian tube,1,,2_restricted
CFAP69,choroid plexus,1,,3_vital
CFAP70,choroid plexus,1,,3_vital
CFAP73,"choroid plexus, fallopian tube",2,,3_vital
CFAP74,"fallopian tube, testis",2,,2_restricted
CFAP77,"choroid plexus, fallopian tube, testis",3,,3_vital
CFAP91,"choroid plexus, fallopian tube",2,,3_vital
CFAP92,testis,1,,1b_testis_CT
CFAP95,"choroid plexus, fallopian tube",2,,3_vital
CFAP97,testis,1,,1b_testis_CT
CFAP97D1,testis,1,,1b_testis_CT
CFAP97D2,fallopian tube,1,,2_restricted
CFAP99,testis,1,,1b_testis_CT
CFB,liver,1,,3_vital
CFC1,"hypothalamus, pituitary gland",2,,3_vital
CFC1B,pituitary gland,1,,3_vital
CFD,adipose tissue,1,,2_restricted
CFDP1,ovary,1,,2_restricted
CFH,liver,1,,3_vital
CFHR1,liver,1,,3_vital
CFHR2,liver,1,,3_vital
CFHR3,liver,1,,3_vital
CFHR4,liver,1,,3_vital
CFHR5,liver,1,,3_vital
CFI,liver,1,,3_vital
CFL1,,0,,4_broad
CFL2,"skeletal muscle, tongue",2,,3_vital
CFLAR,"bone marrow, skeletal muscle",2,0.0018402952543425904,3_vital
CFP,"bone marrow, spleen",2,2.8385439280191786e-11,1a_lymphoid
CFTR,pancreas,1,,3_vital
CGA,pituitary gland,1,,3_vital
CGAS,bone marrow,1,1.557674287394658e-08,1a_lymphoid
CGB1,pancreas,1,,3_vital
CGB2,testis,1,,1b_testis_CT
CGB3,placenta,1,,2_restricted
CGB5,placenta,1,,2_restricted
CGB7,"pancreas, skin",2,,3_vital
CGB8,placenta,1,,2_restricted
CGGBP1,thymus,1,0.00467457703315481,1a_lymphoid
CGN,"duodenum, small intestine",2,,2_restricted
CGNL1,kidney,1,,3_vital
CGREF1,basal ganglia,1,,3_vital
CGRRF1,,0,,4_broad
CH25H,thymus,1,1.9128339412664475e-05,1a_lymphoid
CHAC1,"pancreas, skeletal muscle",2,,3_vital
CHAC2,,0,,4_broad
CHAD,"cerebellum, liver",2,,3_vital
CHADL,spinal cord,1,,3_vital
CHAF1A,bone marrow,1,1.9736307402020628e-08,1a_lymphoid
CHAF1B,skeletal muscle,1,,3_vital
CHAMP1,,0,,4_broad
CHAT,"basal ganglia, placenta",2,,3_vital
CHCHD1,,0,,4_broad
CHCHD10,"heart muscle, skeletal muscle",2,,3_vital
CHCHD2,"adrenal gland, skeletal muscle",2,,3_vital
CHCHD3,"skeletal muscle, tongue",2,,3_vital
CHCHD4,skeletal muscle,1,,3_vital
CHCHD5,pancreas,1,,3_vital
CHCHD6,hippocampal formation,1,,3_vital
CHCHD7,,0,,4_broad
CHCT1,testis,1,,1b_testis_CT
CHD1,testis,1,,1b_testis_CT
CHD1L,liver,1,,3_vital
CHD2,bone marrow,1,2.166530857212446e-10,1a_lymphoid
CHD3,,0,,4_broad
CHD4,thymus,1,2.2877920914619397e-06,1a_lymphoid
CHD5,cerebral cortex,1,,3_vital
CHD6,,0,,4_broad
CHD7,cerebellum,1,,3_vital
CHD8,bone marrow,1,2.0339247670747846e-05,1a_lymphoid
CHD9,"bone marrow, retina",2,0.019040633765203065,3_vital
CHDH,"kidney, liver",2,,3_vital
CHEK1,"bone marrow, seminal vesicle",2,0.012159553808097858,1a_lymphoid
CHEK2,bone marrow,1,0.025638387866608242,1a_lymphoid
CHERP,,0,,4_broad
CHFR,,0,,4_broad
CHGA,parathyroid gland,1,,2_restricted
CHGB,adrenal gland,1,,3_vital
CHI3L1,"choroid plexus, liver",2,,3_vital
CHI3L2,"salivary gland, thymus",2,5.977907972929942e-05,1a_lymphoid
CHIA,stomach,1,,2_restricted
CHIC1,,0,,4_broad
CHIC2,testis,1,,1b_testis_CT
CHID1,"choroid plexus, pancreas",2,,3_vital
CHIT1,"bone marrow, lung",2,1.494281684420905e-07,3_vital
CHKA,testis,1,,1b_testis_CT
CHKB,,0,,4_broad
CHL1,cerebral cortex,1,,3_vital
CHM,,0,,4_broad
CHML,placenta,1,,2_restricted
CHMP1A,esophagus,1,,2_restricted
CHMP1B,skeletal muscle,1,,3_vital
CHMP2A,,0,,4_broad
CHMP2B,spinal cord,1,,3_vital
CHMP3,,0,,4_broad
CHMP4A,,0,,4_broad
CHMP4B,skeletal muscle,1,,3_vital
CHMP4C,duodenum,1,,2_restricted
CHMP5,,0,,4_broad
CHMP6,"liver, skeletal muscle",2,,3_vital
CHMP7,"lymph node, thymus, tonsil",3,0.001621128538136625,1a_lymphoid
CHN1,cerebral cortex,1,,3_vital
CHN2,cerebellum,1,,3_vital
CHODL,testis,1,,1b_testis_CT
CHORDC1,,0,,4_broad
CHP1,liver,1,,3_vital
CHP2,"duodenum, small intestine",2,,2_restricted
CHPF,blood vessel,1,,2_restricted
CHPF2,pituitary gland,1,,3_vital
CHPT1,liver,1,,3_vital
CHRAC1,,0,,4_broad
CHRD,"cerebellum, liver",2,,3_vital
CHRDL1,"adipose tissue, seminal vesicle",2,,2_restricted
CHRDL2,"endometrium, smooth muscle",2,,2_restricted
CHRFAM7A,"bone marrow, parathyroid gland",2,0.004295218127835807,1a_lymphoid
CHRM1,"basal ganglia, cerebral cortex",2,,3_vital
CHRM2,"colon, heart muscle",2,,3_vital
CHRM3,salivary gland,1,,2_restricted
CHRM4,spleen,1,8.459049908882028e-13,1a_lymphoid
CHRM5,spinal cord,1,,3_vital
CHRNA1,skeletal muscle,1,,3_vital
CHRNA10,skeletal muscle,1,,3_vital
CHRNA2,prostate,1,,2_restricted
CHRNA3,"retina, thymus",2,1.187942090983633e-06,3_vital
CHRNA4,liver,1,,3_vital
CHRNA5,,0,,4_broad
CHRNA6,retina,1,,3_vital
CHRNA7,"adrenal gland, small intestine",2,,3_vital
CHRNA9,"fallopian tube, skin",2,,2_restricted
CHRNB1,skeletal muscle,1,,3_vital
CHRNB2,cerebral cortex,1,,3_vital
CHRNB3,"midbrain, retina",2,,3_vital
CHRNB4,testis,1,,1b_testis_CT
CHRND,skeletal muscle,1,,3_vital
CHRNE,heart muscle,1,,3_vital
CHRNG,skeletal muscle,1,,3_vital
CHST1,cerebral cortex,1,,3_vital
CHST10,"basal ganglia, cerebral cortex",2,,3_vital
CHST11,"bone marrow, choroid plexus",2,0.00029695636964060217,3_vital
CHST12,,0,,4_broad
CHST13,liver,1,,3_vital
CHST14,,0,,4_broad
CHST15,"ovary, spleen",2,0.0026397911397043096,1a_lymphoid
CHST2,spinal cord,1,,3_vital
CHST3,blood vessel,1,,2_restricted
CHST4,gallbladder,1,,2_restricted
CHST5,"duodenum, small intestine",2,,2_restricted
CHST6,cervix,1,,2_restricted
CHST7,ovary,1,,2_restricted
CHST8,pituitary gland,1,,3_vital
CHST9,salivary gland,1,,2_restricted
CHSY1,placenta,1,,2_restricted
CHSY3,blood vessel,1,,2_restricted
CHTF18,testis,1,,1b_testis_CT
CHTF8,"kidney, liver",2,,3_vital
CHTOP,skeletal muscle,1,,3_vital
CHUK,kidney,1,,3_vital
CHURC1,skeletal muscle,1,,3_vital
CHURC1-FNTB,testis,1,,1b_testis_CT
CIAO1,,0,,4_broad
CIAO2A,liver,1,,3_vital
CIAO2B,skeletal muscle,1,,3_vital
CIAO3,,0,,4_broad
CIAPIN1,testis,1,,1b_testis_CT
CIART,skeletal muscle,1,,3_vital
CIB1,,0,,4_broad
CIB2,"heart muscle, thymus",2,0.00047007781308868764,3_vital
CIB3,"bone marrow, testis",2,6.171875583444089e-13,1a_lymphoid
CIB4,testis,1,,1b_testis_CT
CIBAR1,testis,1,,1b_testis_CT
CIBAR2,fallopian tube,1,,2_restricted
CIC,cerebellum,1,,3_vital
CIDEA,"adipose tissue, breast",2,,2_restricted
CIDEB,liver,1,,3_vital
CIDEC,"adipose tissue, breast",2,,2_restricted
CIITA,"lymph node, spleen, tonsil",3,0.0055452070284998465,1a_lymphoid
CILK1,salivary gland,1,,2_restricted
CILP,,0,,4_broad
CILP2,testis,1,,1b_testis_CT
CINP,pancreas,1,,3_vital
CIP2A,"bone marrow, lymph node",2,0.008958675060355359,1a_lymphoid
CIPC,skeletal muscle,1,,3_vital
CIR1,"bone marrow, choroid plexus",2,0.0001361876369318805,3_vital
CIRBP,ovary,1,,2_restricted
CIROP,choroid plexus,1,,3_vital
CISD1,parathyroid gland,1,,2_restricted
CISD2,liver,1,,3_vital
CISD3,,0,,4_broad
CISH,liver,1,,3_vital
CIT,"basal ganglia, cerebral cortex",2,,3_vital
CITED1,epididymis,1,,2_restricted
CITED2,bone marrow,1,0.005349750629047039,1a_lymphoid
CITED4,skin,1,,2_restricted
CIZ1,skeletal muscle,1,,3_vital
CKAP2,bone marrow,1,2.7628981980749337e-10,1a_lymphoid
CKAP2L,"bone marrow, thymus",2,1.2817518138209442e-05,1a_lymphoid
CKAP4,bone marrow,1,0.0027496384172195866,1a_lymphoid
CKAP5,retina,1,,3_vital
CKB,"basal ganglia, cerebral cortex",2,,3_vital
CKLF,thymus,1,0.00913689072731719,1a_lymphoid
CKLF-CMTM1,testis,1,,1b_testis_CT
CKM,skeletal muscle,1,,3_vital
CKMT1A,,0,,4_broad
CKMT1B,cerebellum,1,,3_vital
CKMT2,"skeletal muscle, tongue",2,,3_vital
CKS1B,bone marrow,1,0.0017947215023137932,1a_lymphoid
CKS2,"bone marrow, testis",2,0.0022182690247419565,1a_lymphoid
CLASP1,"retina, skeletal muscle",2,,3_vital
CLASP2,"cerebral cortex, retina",2,,3_vital
CLASRP,,0,,4_broad
CLBA1,testis,1,,1b_testis_CT
CLC,bone marrow,1,2.059061138997257e-40,1a_lymphoid
CLCA1,"rectum, small intestine",2,,2_restricted
CLCA2,"esophagus, skin",2,,2_restricted
CLCA4,"colon, esophagus",2,,2_restricted
CLCC1,,0,,4_broad
CLCF1,,0,,4_broad
CLCN1,skeletal muscle,1,,3_vital
CLCN2,colon,1,,2_restricted
CLCN3,"retina, salivary gland",2,,3_vital
CLCN4,skeletal muscle,1,,3_vital
CLCN5,kidney,1,,3_vital
CLCN6,,0,,4_broad
CLCN7,adrenal gland,1,,3_vital
CLCNKA,kidney,1,,3_vital
CLCNKB,kidney,1,,3_vital
CLDN1,"liver, skin",2,,3_vital
CLDN10,"pancreas, salivary gland",2,,3_vital
CLDN11,spinal cord,1,,3_vital
CLDN12,liver,1,,3_vital
CLDN14,liver,1,,3_vital
CLDN15,"duodenum, small intestine",2,,2_restricted
CLDN16,kidney,1,,3_vital
CLDN17,"cervix, esophagus, salivary gland, vagina",4,,2_restricted
CLDN18,stomach,1,,2_restricted
CLDN19,kidney,1,,3_vital
CLDN2,"choroid plexus, kidney",2,,3_vital
CLDN20,retina,1,,3_vital
CLDN22,salivary gland,1,,2_restricted
CLDN23,"colon, stomach",2,,2_restricted
CLDN24,kidney,1,,3_vital
CLDN25,pituitary gland,1,,3_vital
CLDN3,"colon, small intestine",2,,2_restricted
CLDN34,testis,1,,1b_testis_CT
CLDN4,esophagus,1,,2_restricted
CLDN5,"adipose tissue, breast, choroid plexus",3,,3_vital
CLDN6,"basal ganglia, pancreas",2,,3_vital
CLDN7,"colon, esophagus",2,,2_restricted
CLDN8,"breast, kidney",2,,3_vital
CLDN9,"cerebellum, pituitary gland",2,,3_vital
CLDND1,spinal cord,1,,3_vital
CLDND2,testis,1,,1b_testis_CT
CLEC10A,,0,,4_broad
CLEC11A,bone marrow,1,3.2311192061746415e-11,1a_lymphoid
CLEC12A,bone marrow,1,1.6461751699388057e-20,1a_lymphoid
CLEC12B,testis,1,,1b_testis_CT
CLEC14A,"adipose tissue, heart muscle",2,,3_vital
CLEC16A,testis,1,,1b_testis_CT
CLEC17A,"lymph node, tonsil",2,2.7158129989147386e-05,1a_lymphoid
CLEC18A,"choroid plexus, kidney",2,,3_vital
CLEC18B,kidney,1,,3_vital
CLEC18C,kidney,1,,3_vital
CLEC19A,cerebral cortex,1,,3_vital
CLEC1A,"placenta, thymus",2,7.161211758520673e-05,1a_lymphoid
CLEC1B,liver,1,,3_vital
CLEC20A,testis,1,,1b_testis_CT
CLEC2A,skin,1,,2_restricted
CLEC2B,"bone marrow, skin",2,1.281121679582051e-06,1a_lymphoid
CLEC2D,"lymph node, tonsil",2,2.8809753051391266e-05,1a_lymphoid
CLEC2L,cerebral cortex,1,,3_vital
CLEC3A,"breast, urinary bladder",2,,2_restricted
CLEC3B,adipose tissue,1,,2_restricted
CLEC4A,"appendix, bone marrow",2,9.089645890568655e-06,1a_lymphoid
CLEC4C,"lymph node, tonsil",2,0.0002760231970022952,1a_lymphoid
CLEC4D,bone marrow,1,2.509748967401533e-37,1a_lymphoid
CLEC4E,"bone marrow, spleen",2,2.657807179457203e-07,1a_lymphoid
CLEC4F,retina,1,,3_vital
CLEC4G,liver,1,,3_vital
CLEC4M,liver,1,,3_vital
CLEC5A,bone marrow,1,2.2912201467625397e-31,1a_lymphoid
CLEC6A,"appendix, lung",2,2.0414155817882588e-05,3_vital
CLEC7A,bone marrow,1,1.7959438146191281e-10,1a_lymphoid
CLEC9A,lymph node,1,9.980292080110495e-05,1a_lymphoid
CLGN,"heart muscle, testis",2,,3_vital
CLHC1,testis,1,,1b_testis_CT
CLIC1,,0,,4_broad
CLIC2,spleen,1,0.0004335501449104073,1a_lymphoid
CLIC3,esophagus,1,,2_restricted
CLIC4,blood vessel,1,,2_restricted
CLIC5,skeletal muscle,1,,3_vital
CLIC6,choroid plexus,1,,3_vital
CLINT1,parathyroid gland,1,,2_restricted
CLIP1,skeletal muscle,1,,3_vital
CLIP2,spinal cord,1,,3_vital
CLIP3,"cerebellum, cerebral cortex",2,,3_vital
CLIP4,"skeletal muscle, tongue",2,,3_vital
CLK1,,0,,4_broad
CLK2,,0,,4_broad
CLK3,bone marrow,1,3.1390969895401063e-13,1a_lymphoid
CLK4,cerebellum,1,,3_vital
CLMN,testis,1,,1b_testis_CT
CLMP,adipose tissue,1,,2_restricted
CLN3,,0,,4_broad
CLN5,thyroid gland,1,,2_restricted
CLN6,bone marrow,1,0.0012886782149477427,1a_lymphoid
CLN8,spinal cord,1,,3_vital
CLNK,kidney,1,,3_vital
CLNS1A,,0,,4_broad
CLOCK,testis,1,,1b_testis_CT
CLP1,bone marrow,1,1.097073796930539e-07,1a_lymphoid
CLPB,testis,1,,1b_testis_CT
CLPP,skeletal muscle,1,,3_vital
CLPS,pancreas,1,,3_vital
CLPSL1,epididymis,1,,2_restricted
CLPSL2,epididymis,1,,2_restricted
CLPTM1,,0,,4_broad
CLPTM1L,liver,1,,3_vital
CLPX,"liver, skeletal muscle",2,,3_vital
CLRN1,retina,1,,3_vital
CLRN2,"kidney, salivary gland, testis",3,,3_vital
CLRN3,"liver, small intestine",2,,3_vital
CLSPN,bone marrow,1,4.7037503187785266e-05,1a_lymphoid
CLSTN1,"cerebellum, cerebral cortex",2,,3_vital
CLSTN2,ovary,1,,2_restricted
CLSTN3,cerebellum,1,,3_vital
CLTA,,0,,4_broad
CLTB,"esophagus, skin",2,,2_restricted
CLTC,parathyroid gland,1,,2_restricted
CLTCL1,skeletal muscle,1,,3_vital
CLTRN,kidney,1,,3_vital
CLU,,0,,4_broad
CLUAP1,testis,1,,1b_testis_CT
CLUH,"liver, skeletal muscle",2,,3_vital
CLUL1,retina,1,,3_vital
CLVS1,"basal ganglia, cerebellum",2,,3_vital
CLVS2,cerebellum,1,,3_vital
CLXN,"choroid plexus, fallopian tube",2,,3_vital
CLYBL,liver,1,,3_vital
CMA1,breast,1,,2_restricted
CMAS,,0,,4_broad
CMBL,"kidney, liver, skeletal muscle",3,,3_vital
CMC1,heart muscle,1,,3_vital
CMC2,,0,,4_broad
CMC4,heart muscle,1,,3_vital
CMIP,,0,,4_broad
CMKLR1,spleen,1,5.5171531683523296e-05,1a_lymphoid
CMKLR2,choroid plexus,1,,3_vital
CMPK1,liver,1,,3_vital
CMPK2,"bone marrow, salivary gland",2,0.003767410400170246,1a_lymphoid
CMSS1,skeletal muscle,1,,3_vital
CMTM1,testis,1,,1b_testis_CT
CMTM2,testis,1,,1b_testis_CT
CMTM3,testis,1,,1b_testis_CT
CMTM4,,0,,4_broad
CMTM5,spinal cord,1,,3_vital
CMTM6,fallopian tube,1,,2_restricted
CMTM7,spleen,1,0.04834499688681437,1a_lymphoid
CMTM8,"liver, pancreas",2,,3_vital
CMTR1,testis,1,,1b_testis_CT
CMTR2,,0,,4_broad
CMYA5,"skeletal muscle, tongue",2,,3_vital
CNBD1,testis,1,,1b_testis_CT
CNBD2,"skeletal muscle, testis",2,,3_vital
CNBP,"skeletal muscle, tongue",2,,3_vital
CNDP1,spinal cord,1,,3_vital
CNDP2,kidney,1,,3_vital
CNEP1R1,bone marrow,1,0.0002534735269132643,1a_lymphoid
CNFN,esophagus,1,,2_restricted
CNGA1,retina,1,,3_vital
CNGA2,testis,1,,1b_testis_CT
CNGA3,pituitary gland,1,,3_vital
CNGA4,fallopian tube,1,,2_restricted
CNGB1,retina,1,,3_vital
CNGB3,retina,1,,3_vital
CNIH1,liver,1,,3_vital
CNIH2,hippocampal formation,1,,3_vital
CNIH3,"cerebral cortex, hippocampal formation",2,,3_vital
CNIH4,,0,,4_broad
CNKSR1,skeletal muscle,1,,3_vital
CNKSR2,"cerebellum, cerebral cortex",2,,3_vital
CNKSR3,pancreas,1,,3_vital
CNMD,choroid plexus,1,,3_vital
CNN1,colon,1,,2_restricted
CNN2,,0,,4_broad
CNN3,,0,,4_broad
CNNM1,"basal ganglia, cerebellum, cerebral cortex",3,,3_vital
CNNM2,"choroid plexus, parathyroid gland",2,,3_vital
CNNM3,skeletal muscle,1,,3_vital
CNNM4,"colon, rectum, retina",3,,3_vital
CNOT1,testis,1,,1b_testis_CT
CNOT10,testis,1,,1b_testis_CT
CNOT11,,0,,4_broad
CNOT2,bone marrow,1,7.955693728050273e-05,1a_lymphoid
CNOT3,,0,,4_broad
CNOT4,"skeletal muscle, tongue",2,,3_vital
CNOT6,thymus,1,0.010791206373525307,1a_lymphoid
CNOT6L,thymus,1,0.0008397149230004265,1a_lymphoid
CNOT7,,0,,4_broad
CNOT8,bone marrow,1,2.3837695863001347e-07,1a_lymphoid
CNOT9,bone marrow,1,0.002836808599477353,1a_lymphoid
CNP,spinal cord,1,,3_vital
CNPPD1,,0,,4_broad
CNPY1,cerebellum,1,,3_vital
CNPY2,epididymis,1,,2_restricted
CNPY3,bone marrow,1,0.014944190076069357,1a_lymphoid
CNPY4,ovary,1,,2_restricted
CNR1,,0,,4_broad
CNR2,"lymph node, spleen, tonsil",3,9.91794349742291e-05,1a_lymphoid
CNRIP1,cerebral cortex,1,,3_vital
CNST,"skeletal muscle, tongue",2,,3_vital
CNTD1,testis,1,,1b_testis_CT
CNTF,spinal cord,1,,3_vital
CNTFR,"basal ganglia, skeletal muscle",2,,3_vital
CNTLN,liver,1,,3_vital
CNTN1,cerebral cortex,1,,3_vital
CNTN2,spinal cord,1,,3_vital
CNTN3,cerebral cortex,1,,3_vital
CNTN4,"parathyroid gland, retina",2,,3_vital
CNTN5,placenta,1,,2_restricted
CNTN6,"cerebellum, thyroid gland",2,,3_vital
CNTNAP1,"cerebellum, cerebral cortex",2,,3_vital
CNTNAP2,"cerebral cortex, spinal cord",2,,3_vital
CNTNAP3,"esophagus, skin",2,,2_restricted
CNTNAP3B,,0,,4_broad
CNTNAP3C,bone marrow,1,2.559292116227105e-36,1a_lymphoid
CNTNAP4,spinal cord,1,,3_vital
CNTNAP5,"cerebral cortex, retina",2,,3_vital
CNTRL,testis,1,,1b_testis_CT
CNTROB,testis,1,,1b_testis_CT
COA1,"skeletal muscle, tongue",2,,3_vital
COA3,kidney,1,,3_vital
COA4,"adrenal gland, liver",2,,3_vital
COA5,,0,,4_broad
COA6,skeletal muscle,1,,3_vital
COA7,"skeletal muscle, tongue",2,,3_vital
COA8,skeletal muscle,1,,3_vital
COASY,liver,1,,3_vital
COBL,skeletal muscle,1,,3_vital
COBLL1,liver,1,,3_vital
COCH,pancreas,1,,3_vital
COG1,skeletal muscle,1,,3_vital
COG2,parathyroid gland,1,,2_restricted
COG3,liver,1,,3_vital
COG4,"skeletal muscle, tongue",2,,3_vital
COG5,,0,,4_broad
COG6,,0,,4_broad
COG7,pituitary gland,1,,3_vital
COG8,,0,,4_broad
COIL,testis,1,,1b_testis_CT
COL10A1,"gallbladder, ovary",2,,2_restricted
COL11A1,placenta,1,,2_restricted
COL11A2,"cerebellum, pituitary gland",2,,3_vital
COL12A1,ovary,1,,2_restricted
COL13A1,"cerebellum, epididymis",2,,3_vital
COL14A1,blood vessel,1,,2_restricted
COL15A1,placenta,1,,2_restricted
COL16A1,ovary,1,,2_restricted
COL17A1,skin,1,,2_restricted
COL18A1,"blood vessel, liver",2,,3_vital
COL19A1,"cerebellum, tonsil",2,0.018471380186265526,3_vital
COL1A1,"cervix, gallbladder, ovary",3,,2_restricted
COL1A2,cervix,1,,2_restricted
COL20A1,"amygdala, cerebral cortex",2,,3_vital
COL21A1,"blood vessel, cervix, placenta",3,,2_restricted
COL22A1,pituitary gland,1,,3_vital
COL23A1,thyroid gland,1,,2_restricted
COL24A1,"cervix, colon",2,,2_restricted
COL25A1,"retina, testis",2,,3_vital
COL26A1,cerebral cortex,1,,3_vital
COL27A1,"cerebellum, cervix",2,,3_vital
COL28A1,"epididymis, salivary gland",2,,2_restricted
COL2A1,"epididymis, stomach",2,,2_restricted
COL3A1,"cervix, gallbladder, smooth muscle",3,,2_restricted
COL4A1,placenta,1,,2_restricted
COL4A2,placenta,1,,2_restricted
COL4A3,retina,1,,3_vital
COL4A4,kidney,1,,3_vital
COL4A5,,0,,4_broad
COL4A6,"endometrium, urinary bladder",2,,2_restricted
COL5A1,cervix,1,,2_restricted
COL5A2,placenta,1,,2_restricted
COL5A3,,0,,4_broad
COL6A1,colon,1,,2_restricted
COL6A2,"blood vessel, colon",2,,2_restricted
COL6A3,smooth muscle,1,,2_restricted
COL6A5,"lung, skin",2,,3_vital
COL6A6,parathyroid gland,1,,2_restricted
COL7A1,skin,1,,2_restricted
COL8A1,blood vessel,1,,2_restricted
COL8A2,blood vessel,1,,2_restricted
COL9A1,choroid plexus,1,,3_vital
COL9A2,"midbrain, spinal cord",2,,3_vital
COL9A3,spinal cord,1,,3_vital
COLEC10,liver,1,,3_vital
COLEC11,liver,1,,3_vital
COLEC12,cervix,1,,2_restricted
COLGALT1,,0,,4_broad
COLGALT2,"cerebral cortex, spinal cord",2,,3_vital
COLQ,"choroid plexus, heart muscle",2,,3_vital
COMMD1,heart muscle,1,,3_vital
COMMD10,,0,,4_broad
COMMD2,,0,,4_broad
COMMD3,"heart muscle, skeletal muscle",2,,3_vital
COMMD3-BMI1,retina,1,,3_vital
COMMD4,"adrenal gland, testis",2,,3_vital
COMMD5,,0,,4_broad
COMMD6,ovary,1,,2_restricted
COMMD7,,0,,4_broad
COMMD8,kidney,1,,3_vital
COMMD9,"skeletal muscle, tongue",2,,3_vital
COMP,blood vessel,1,,2_restricted
COMT,liver,1,,3_vital
COMTD1,pancreas,1,,3_vital
COP1,,0,,4_broad
COPA,,0,,4_broad
COPB1,,0,,4_broad
COPB2,,0,,4_broad
COPE,,0,,4_broad
COPG1,,0,,4_broad
COPG2,ovary,1,,2_restricted
COPRS,testis,1,,1b_testis_CT
COPS2,"bone marrow, tongue",2,0.0020785582092185937,1a_lymphoid
COPS3,"bone marrow, skeletal muscle",2,0.011619243077282728,3_vital
COPS4,"skeletal muscle, tongue",2,,3_vital
COPS5,"skeletal muscle, tongue",2,,3_vital
COPS6,"skeletal muscle, tongue",2,,3_vital
COPS7A,,0,,4_broad
COPS7B,,0,,4_broad
COPS8,skeletal muscle,1,,3_vital
COPS9,amygdala,1,,3_vital
COPZ1,pancreas,1,,3_vital
COPZ2,"blood vessel, skeletal muscle",2,,3_vital
COQ10A,"skeletal muscle, tongue",2,,3_vital
COQ10B,bone marrow,1,0.0018143093162385881,1a_lymphoid
COQ2,"skeletal muscle, tongue",2,,3_vital
COQ3,"skeletal muscle, tongue",2,,3_vital
COQ4,,0,,4_broad
COQ5,"skeletal muscle, tongue",2,,3_vital
COQ6,tongue,1,,2_restricted
COQ7,"skeletal muscle, tongue",2,,3_vital
COQ8A,skeletal muscle,1,,3_vital
COQ8B,pituitary gland,1,,3_vital
COQ9,"skeletal muscle, tongue",2,,3_vital
CORIN,heart muscle,1,,3_vital
CORO1A,"bone marrow, lymph node",2,0.0008488473783301822,1a_lymphoid
CORO1B,,0,,4_broad
CORO1C,smooth muscle,1,,2_restricted
CORO2A,"duodenum, small intestine",2,,2_restricted
CORO2B,"cerebellum, spinal cord",2,,3_vital
CORO6,"skeletal muscle, tongue",2,,3_vital
CORO7,"bone marrow, spleen",2,4.765461933657507e-05,1a_lymphoid
CORO7-PAM16,spinal cord,1,,3_vital
CORT,basal ganglia,1,,3_vital
COTL1,"lymph node, spleen",2,0.006201672964695703,1a_lymphoid
COX10,"skeletal muscle, tongue",2,,3_vital
COX11,duodenum,1,,2_restricted
COX14,heart muscle,1,,3_vital
COX15,"skeletal muscle, tongue",2,,3_vital
COX16,skeletal muscle,1,,3_vital
COX17,skeletal muscle,1,,3_vital
COX18,,0,,4_broad
COX19,adrenal gland,1,,3_vital
COX20,,0,,4_broad
COX4I1,"heart muscle, tongue",2,,3_vital
COX4I2,placenta,1,,2_restricted
COX5A,"heart muscle, skeletal muscle, tongue",3,,3_vital
COX5B,"heart muscle, skeletal muscle",2,,3_vital
COX6A1,amygdala,1,,3_vital
COX6A2,"heart muscle, skeletal muscle",2,,3_vital
COX6B1,tongue,1,,2_restricted
COX6B2,testis,1,,1b_testis_CT
COX6C,"heart muscle, skeletal muscle",2,,3_vital
COX7A1,"heart muscle, skeletal muscle, tongue",3,,3_vital
COX7A2,,0,,4_broad
COX7A2L,choroid plexus,1,,3_vital
COX7B,"heart muscle, skeletal muscle",2,,3_vital
COX7B2,testis,1,,1b_testis_CT
COX7C,"heart muscle, skeletal muscle",2,,3_vital
COX8A,"heart muscle, skeletal muscle",2,,3_vital
COX8C,testis,1,,1b_testis_CT
CP,liver,1,,3_vital
CPA1,pancreas,1,,3_vital
CPA2,pancreas,1,,3_vital
CPA3,"gallbladder, lung",2,,3_vital
CPA4,skin,1,,2_restricted
CPA5,testis,1,,1b_testis_CT
CPA6,"prostate, rectum, retina",3,,3_vital
CPAMD8,seminal vesicle,1,,2_restricted
CPB1,pancreas,1,,3_vital
CPB2,liver,1,,3_vital
CPD,thyroid gland,1,,2_restricted
CPE,"amygdala, basal ganglia",2,,3_vital
CPEB1,"spinal cord, testis",2,,3_vital
CPEB2,testis,1,,1b_testis_CT
CPEB3,liver,1,,3_vital
CPEB4,,0,,4_broad
CPED1,ovary,1,,2_restricted
CPHXL,testis,1,,1b_testis_CT
CPHXL2,"bone marrow, cerebellum, retina, skin",4,0.00921219486219206,3_vital
CPLANE1,,0,,4_broad
CPLANE2,,0,,4_broad
CPLX1,"basal ganglia, cerebral cortex",2,,3_vital
CPLX2,"amygdala, cerebellum, hippocampal formation",3,,3_vital
CPLX3,"prostate, spleen",2,0.0017609469345272832,1a_lymphoid
CPLX4,retina,1,,3_vital
CPM,adipose tissue,1,,2_restricted
CPN1,liver,1,,3_vital
CPN2,liver,1,,3_vital
CPNE1,,0,,4_broad
CPNE2,bone marrow,1,0.010308207325981731,1a_lymphoid
CPNE3,bone marrow,1,0.03795723923750888,1a_lymphoid
CPNE4,prostate,1,,2_restricted
CPNE5,"basal ganglia, heart muscle",2,,3_vital
CPNE6,cerebral cortex,1,,3_vital
CPNE7,"cerebral cortex, epididymis",2,,3_vital
CPNE8,,0,,4_broad
CPNE9,"cerebellum, cerebral cortex",2,,3_vital
CPO,small intestine,1,,2_restricted
CPOX,"bone marrow, liver, spinal cord",3,0.0002699213303774311,3_vital
CPPED1,liver,1,,3_vital
CPQ,thyroid gland,1,,2_restricted
CPS1,liver,1,,3_vital
CPSF1,testis,1,,1b_testis_CT
CPSF2,,0,,4_broad
CPSF3,testis,1,,1b_testis_CT
CPSF4,,0,,4_broad
CPSF4L,ovary,1,,2_restricted
CPSF6,bone marrow,1,1.8332151428823718e-05,1a_lymphoid
CPSF7,pituitary gland,1,,3_vital
CPT1A,"duodenum, small intestine",2,,2_restricted
CPT1B,"heart muscle, tongue",2,,3_vital
CPT1C,,0,,4_broad
CPT2,liver,1,,3_vital
CPTP,heart muscle,1,,3_vital
CPVL,"choroid plexus, spleen",2,0.000397389512532796,3_vital
CPXCR1,testis,1,,1b_testis_CT
CPXM1,ovary,1,,2_restricted
CPXM2,"blood vessel, choroid plexus",2,,3_vital
CPZ,ovary,1,,2_restricted
CR1,"appendix, spleen",2,0.0015808556256907123,1a_lymphoid
CR1L,bone marrow,1,2.2800657539447681e-41,1a_lymphoid
CR2,"lymph node, tonsil",2,8.550582726337498e-06,1a_lymphoid
CRABP1,retina,1,,3_vital
CRABP2,esophagus,1,,2_restricted
CRACD,"small intestine, testis",2,,2_restricted
CRACDL,"cerebral cortex, epididymis",2,,3_vital
CRACR2A,salivary gland,1,,2_restricted
CRACR2B,"pancreas, salivary gland",2,,3_vital
CRADD,"heart muscle, liver",2,,3_vital
CRAMP1,"cerebellum, testis",2,,3_vital
CRAT,"skeletal muscle, tongue",2,,3_vital
CRB1,retina,1,,3_vital
CRB2,,0,,4_broad
CRB3,esophagus,1,,2_restricted
CRBN,testis,1,,1b_testis_CT
CRCP,"bone marrow, liver",2,7.36227331881743e-05,3_vital
CRCT1,esophagus,1,,2_restricted
CREB1,testis,1,,1b_testis_CT
CREB3,,0,,4_broad
CREB3L1,pancreas,1,,3_vital
CREB3L2,"parathyroid gland, thyroid gland",2,,2_restricted
CREB3L3,"duodenum, liver, small intestine",3,,3_vital
CREB3L4,prostate,1,,2_restricted
CREB5,,0,,4_broad
CREBBP,bone marrow,1,0.00016806836503615878,1a_lymphoid
CREBL2,adrenal gland,1,,3_vital
CREBRF,bone marrow,1,6.033571724190597e-20,1a_lymphoid
CREBZF,,0,,4_broad
CREG1,liver,1,,3_vital
CREG2,cerebral cortex,1,,3_vital
CRELD1,heart muscle,1,,3_vital
CRELD2,"liver, pancreas",2,,3_vital
CREM,"adrenal gland, testis",2,,3_vital
CRH,hypothalamus,1,,3_vital
CRHBP,liver,1,,3_vital
CRHR1,"cerebellum, pituitary gland",2,,3_vital
CRHR2,choroid plexus,1,,3_vital
CRIM1,"blood vessel, placenta",2,,2_restricted
CRIP1,blood vessel,1,,2_restricted
CRIP2,heart muscle,1,,3_vital
CRIP3,"heart muscle, testis",2,,3_vital
CRIPT,retina,1,,3_vital
CRISP1,epididymis,1,,2_restricted
CRISP2,testis,1,,1b_testis_CT
CRISP3,"fallopian tube, salivary gland",2,,2_restricted
CRISPLD1,blood vessel,1,,2_restricted
CRISPLD2,,0,,4_broad
CRK,,0,,4_broad
CRKL,"bone marrow, skeletal muscle",2,0.0029618443664237745,3_vital
CRLF1,blood vessel,1,,2_restricted
CRLF2,"appendix, bone marrow",2,5.8097890858792954e-05,1a_lymphoid
CRLF3,"lymph node, thymus, tonsil",3,0.007431149716998552,1a_lymphoid
CRLS1,liver,1,,3_vital
CRMP1,cerebellum,1,,3_vital
CRNKL1,bone marrow,1,0.001164437301380155,1a_lymphoid
CRNN,esophagus,1,,2_restricted
CROCC,cerebellum,1,,3_vital
CROCC2,"choroid plexus, fallopian tube",2,,3_vital
CROT,thyroid gland,1,,2_restricted
CRP,liver,1,,3_vital
CRPPA,choroid plexus,1,,3_vital
CRTAC1,"blood vessel, urinary bladder",2,,2_restricted
CRTAM,cerebellum,1,,3_vital
CRTAP,blood vessel,1,,2_restricted
CRTC1,cerebellum,1,,3_vital
CRTC2,spleen,1,0.004330115340202769,1a_lymphoid
CRTC3,"blood vessel, ovary",2,,2_restricted
CRX,retina,1,,3_vital
CRY1,testis,1,,1b_testis_CT
CRY2,skeletal muscle,1,,3_vital
CRYAA,"kidney, retina",2,,3_vital
CRYAB,"heart muscle, skeletal muscle, tongue",3,,3_vital
CRYBA1,retina,1,,3_vital
CRYBA2,"pancreas, pituitary gland",2,,3_vital
CRYBA4,"epididymis, testis",2,,2_restricted
CRYBB1,epididymis,1,,2_restricted
CRYBB2,basal ganglia,1,,3_vital
CRYBB3,"kidney, liver",2,,3_vital
CRYBG1,"esophagus, placenta",2,,2_restricted
CRYBG2,esophagus,1,,2_restricted
CRYBG3,thyroid gland,1,,2_restricted
CRYGA,"basal ganglia, cerebral cortex",2,,3_vital
CRYGB,testis,1,,1b_testis_CT
CRYGC,testis,1,,1b_testis_CT
CRYGD,ovary,1,,2_restricted
CRYGN,thyroid gland,1,,2_restricted
CRYGS,"cerebellum, retina",2,,3_vital
CRYL1,"kidney, liver",2,,3_vital
CRYM,basal ganglia,1,,3_vital
CRYZ,"kidney, liver",2,,3_vital
CRYZL1,blood vessel,1,,2_restricted
CS,"skeletal muscle, tongue",2,,3_vital
CSAD,liver,1,,3_vital
CSAG1,basal ganglia,1,,3_vital
CSAG2,"lymph node, testis",2,8.419526379933442e-05,1a_lymphoid
CSAG3,"spleen, testis",2,0.04781097774580738,1a_lymphoid
CSDC2,heart muscle,1,,3_vital
CSDE1,"skeletal muscle, tongue",2,,3_vital
CSE1L,testis,1,,1b_testis_CT
CSF1,adipose tissue,1,,2_restricted
CSF1R,"placenta, spleen",2,0.000623073717022649,1a_lymphoid
CSF2,lung,1,,3_vital
CSF2RA,placenta,1,,2_restricted
CSF2RB,"appendix, bone marrow, tonsil",3,0.0023058134644354613,1a_lymphoid
CSF3,lung,1,,3_vital
CSF3R,spleen,1,2.2139561662312278e-12,1a_lymphoid
CSGALNACT1,thyroid gland,1,,2_restricted
CSGALNACT2,bone marrow,1,5.742773578768368e-23,1a_lymphoid
CSH1,placenta,1,,2_restricted
CSH2,placenta,1,,2_restricted
CSHL1,placenta,1,,2_restricted
CSK,"lymph node, spleen",2,0.00013205842155543024,1a_lymphoid
CSKMT,skeletal muscle,1,,3_vital
CSMD1,cerebral cortex,1,,3_vital
CSMD2,basal ganglia,1,,3_vital
CSMD3,cerebral cortex,1,,3_vital
CSN1S1,breast,1,,2_restricted
CSN2,breast,1,,2_restricted
CSN3,breast,1,,2_restricted
CSNK1A1,bone marrow,1,9.560903610754612e-07,1a_lymphoid
CSNK1A1L,testis,1,,1b_testis_CT
CSNK1D,skeletal muscle,1,,3_vital
CSNK1E,,0,,4_broad
CSNK1G1,testis,1,,1b_testis_CT
CSNK1G2,testis,1,,1b_testis_CT
CSNK1G3,,0,,4_broad
CSNK2A1,"skeletal muscle, tongue",2,,3_vital
CSNK2A2,testis,1,,1b_testis_CT
CSNK2A3,skeletal muscle,1,,3_vital
CSNK2B,skin,1,,2_restricted
CSNKA2IP,testis,1,,1b_testis_CT
CSPG4,blood vessel,1,,2_restricted
CSPG5,"amygdala, cerebral cortex",2,,3_vital
CSPP1,fallopian tube,1,,2_restricted
CSRNP1,bone marrow,1,9.124271884831239e-08,1a_lymphoid
CSRNP2,testis,1,,1b_testis_CT
CSRNP3,cerebral cortex,1,,3_vital
CSRP1,"blood vessel, colon",2,,2_restricted
CSRP2,blood vessel,1,,2_restricted
CSRP3,"heart muscle, skeletal muscle",2,,3_vital
CST1,salivary gland,1,,2_restricted
CST11,epididymis,1,,2_restricted
CST2,salivary gland,1,,2_restricted
CST3,basal ganglia,1,,3_vital
CST4,salivary gland,1,,2_restricted
CST5,salivary gland,1,,2_restricted
CST6,skin,1,,2_restricted
CST7,bone marrow,1,1.8131309057339026e-38,1a_lymphoid
CST8,testis,1,,1b_testis_CT
CST9,breast,1,,2_restricted
CST9L,testis,1,,1b_testis_CT
CSTA,esophagus,1,,2_restricted
CSTB,esophagus,1,,2_restricted
CSTF1,,0,,4_broad
CSTF2,"esophagus, tonsil",2,0.000710064439771491,1a_lymphoid
CSTF2T,,0,,4_broad
CSTF3,"epididymis, pituitary gland",2,,3_vital
CSTL1,testis,1,,1b_testis_CT
CSTPP1,cerebral cortex,1,,3_vital
CT45A1,testis,1,,1b_testis_CT
CT45A10,testis,1,,1b_testis_CT
CT45A2,testis,1,,1b_testis_CT
CT45A3,testis,1,,1b_testis_CT
CT45A5,"basal ganglia, testis",2,,3_vital
CT45A6,basal ganglia,1,,3_vital
CT45A7,testis,1,,1b_testis_CT
CT45A8,testis,1,,1b_testis_CT
CT45A9,testis,1,,1b_testis_CT
CT47A1,testis,1,,1b_testis_CT
CT47A10,testis,1,,1b_testis_CT
CT47A11,testis,1,,1b_testis_CT
CT47A12,testis,1,,1b_testis_CT
CT47A2,testis,1,,1b_testis_CT
CT47A3,testis,1,,1b_testis_CT
CT47A4,testis,1,,1b_testis_CT
CT47A5,testis,1,,1b_testis_CT
CT47A6,testis,1,,1b_testis_CT
CT47A7,testis,1,,1b_testis_CT
CT47A8,testis,1,,1b_testis_CT
CT47A9,testis,1,,1b_testis_CT
CT47B1,testis,1,,1b_testis_CT
CT55,testis,1,,1b_testis_CT
CT83,testis,1,,1b_testis_CT
CTAG1A,testis,1,,1b_testis_CT
CTAG1B,testis,1,,1b_testis_CT
CTAG2,testis,1,,1b_testis_CT
CTAGE1,testis,1,,1b_testis_CT
CTAGE15,testis,1,,1b_testis_CT
CTAGE6,testis,1,,1b_testis_CT
CTAGE9,testis,1,,1b_testis_CT
CTBP1,cerebellum,1,,3_vital
CTBP2,,0,,4_broad
CTBS,liver,1,,3_vital
CTC1,spleen,1,0.005739479840774381,1a_lymphoid
CTCF,thymus,1,7.080644115949993e-09,1a_lymphoid
CTCFL,testis,1,,1b_testis_CT
CTDNEP1,skeletal muscle,1,,3_vital
CTDP1,"skin, testis",2,,2_restricted
CTDSP1,,0,,4_broad
CTDSP2,,0,,4_broad
CTDSPL,skin,1,,2_restricted
CTDSPL2,,0,,4_broad
CTF1,,0,,4_broad
CTH,liver,1,,3_vital
CTHRC1,"gallbladder, placenta, urinary bladder",3,,2_restricted
CTIF,,0,,4_broad
CTLA4,lymph node,1,3.8874292184833846e-10,1a_lymphoid
CTNNA1,,0,,4_broad
CTNNA2,"amygdala, cerebral cortex",2,,3_vital
CTNNA3,"heart muscle, tongue",2,,3_vital
CTNNAL1,adrenal gland,1,,3_vital
CTNNB1,,0,,4_broad
CTNNBIP1,skin,1,,2_restricted
CTNNBL1,spleen,1,0.020952648696692115,1a_lymphoid
CTNND1,,0,,4_broad
CTNND2,"amygdala, cerebral cortex",2,,3_vital
CTNS,"pancreas, testis",2,,3_vital
CTPS1,liver,1,,3_vital
CTPS2,,0,,4_broad
CTR9,epididymis,1,,2_restricted
CTRB1,pancreas,1,,3_vital
CTRB2,pancreas,1,,3_vital
CTRC,pancreas,1,,3_vital
CTRL,pancreas,1,,3_vital
CTSA,adrenal gland,1,,3_vital
CTSB,thyroid gland,1,,2_restricted
CTSC,,0,,4_broad
CTSD,choroid plexus,1,,3_vital
CTSE,stomach,1,,2_restricted
CTSF,choroid plexus,1,,3_vital
CTSG,bone marrow,1,6.012474136105256e-92,1a_lymphoid
CTSH,lung,1,,3_vital
CTSK,cervix,1,,2_restricted
CTSL,placenta,1,,2_restricted
CTSO,liver,1,,3_vital
CTSS,"bone marrow, spleen",2,0.006859135557177498,1a_lymphoid
CTSV,thymus,1,1.0401650689687111e-39,1a_lymphoid
CTSW,bone marrow,1,6.081987652419492e-17,1a_lymphoid
CTSZ,,0,,4_broad
CTTN,,0,,4_broad
CTTNBP2,,0,,4_broad
CTTNBP2NL,,0,,4_broad
CTU1,,0,,4_broad
CTU2,,0,,4_broad
CTXN1,"basal ganglia, hippocampal formation",2,,3_vital
CTXN2,"cerebral cortex, hypothalamus",2,,3_vital
CTXN3,kidney,1,,3_vital
CTXND1,"amygdala, hippocampal formation",2,,3_vital
CTXND2,choroid plexus,1,,3_vital
CUBN,kidney,1,,3_vital
CUEDC1,skeletal muscle,1,,3_vital
CUEDC2,,0,,4_broad
CUL1,"skeletal muscle, testis",2,,3_vital
CUL2,"skeletal muscle, testis",2,,3_vital
CUL3,testis,1,,1b_testis_CT
CUL4A,"skeletal muscle, tongue",2,,3_vital
CUL4B,,0,,4_broad
CUL5,"skeletal muscle, tongue",2,,3_vital
CUL7,,0,,4_broad
CUL9,skin,1,,2_restricted
CUTA,choroid plexus,1,,3_vital
CUTC,"skeletal muscle, tongue",2,,3_vital
CUX1,heart muscle,1,,3_vital
CUX2,"cerebral cortex, liver",2,,3_vital
CUZD1,pancreas,1,,3_vital
CWC15,"skeletal muscle, tongue",2,,3_vital
CWC22,,0,,4_broad
CWC25,bone marrow,1,5.058975468707021e-16,1a_lymphoid
CWC27,tongue,1,,2_restricted
CWF19L1,bone marrow,1,0.021342869006738683,1a_lymphoid
CWF19L2,choroid plexus,1,,3_vital
CWH43,prostate,1,,2_restricted
CX3CL1,"breast, lung",2,,3_vital
CX3CR1,cerebral cortex,1,,3_vital
CXADR,skin,1,,2_restricted
CXCL1,spleen,1,1.9689371768602085e-08,1a_lymphoid
CXCL10,"appendix, lymph node",2,6.230511975625351e-06,1a_lymphoid
CXCL11,"appendix, lymph node",2,0.014894961691243509,1a_lymphoid
CXCL12,,0,,4_broad
CXCL13,"lymph node, tonsil",2,2.680675864867656e-06,1a_lymphoid
CXCL14,skin,1,,2_restricted
CXCL16,"lung, testis",2,,3_vital
CXCL17,stomach,1,,2_restricted
CXCL2,liver,1,,3_vital
CXCL3,"adipose tissue, cervix",2,,2_restricted
CXCL5,"appendix, salivary gland",2,0.01070035206767745,1a_lymphoid
CXCL6,spleen,1,3.311093834236198e-17,1a_lymphoid
CXCL8,bone marrow,1,1.8300336789475463e-38,1a_lymphoid
CXCL9,lymph node,1,2.191507852170207e-26,1a_lymphoid
CXCR1,"appendix, spleen",2,1.910221004497502e-09,1a_lymphoid
CXCR2,"appendix, spleen",2,8.350224683245128e-05,1a_lymphoid
CXCR3,lymph node,1,1.6013454311450642e-07,1a_lymphoid
CXCR4,bone marrow,1,4.33194183414623e-10,1a_lymphoid
CXCR5,"lymph node, spleen",2,1.3044579182831851e-05,1a_lymphoid
CXCR6,lymph node,1,0.0046718332022785735,1a_lymphoid
CXXC1,cerebellum,1,,3_vital
CXXC4,"hypothalamus, retina",2,,3_vital
CXXC5,cerebellum,1,,3_vital
CXorf38,lymph node,1,0.033795762118710465,1a_lymphoid
CXorf49,testis,1,,1b_testis_CT
CXorf49B,testis,1,,1b_testis_CT
CXorf51A,testis,1,,1b_testis_CT
CXorf51B,testis,1,,1b_testis_CT
CXorf58,testis,1,,1b_testis_CT
CXorf65,testis,1,,1b_testis_CT
CXorf66,testis,1,,1b_testis_CT
CYB561,"adrenal gland, pancreas",2,,3_vital
CYB561A3,adrenal gland,1,,3_vital
CYB561D1,skin,1,,2_restricted
CYB561D2,liver,1,,3_vital
CYB5A,liver,1,,3_vital
CYB5B,adrenal gland,1,,3_vital
CYB5D1,"fallopian tube, retina",2,,3_vital
CYB5D2,,0,,4_broad
CYB5R1,skeletal muscle,1,,3_vital
CYB5R2,"retina, testis",2,,3_vital
CYB5R3,blood vessel,1,,2_restricted
CYB5R4,bone marrow,1,0.00037230572061383696,1a_lymphoid
CYB5RL,,0,,4_broad
CYBA,"bone marrow, spleen",2,0.00023263615886497848,1a_lymphoid
CYBB,"appendix, bone marrow",2,0.001006685975401138,1a_lymphoid
CYBC1,spleen,1,3.947943906783549e-08,1a_lymphoid
CYBRD1,,0,,4_broad
CYC1,"heart muscle, skeletal muscle, tongue",3,,3_vital
CYCS,tongue,1,,2_restricted
CYFIP1,,0,,4_broad
CYFIP2,kidney,1,,3_vital
CYGB,"adipose tissue, heart muscle",2,,3_vital
CYLC1,testis,1,,1b_testis_CT
CYLC2,testis,1,,1b_testis_CT
CYLD,bone marrow,1,2.580219363489308e-08,1a_lymphoid
CYP11A1,adrenal gland,1,,3_vital
CYP11B1,adrenal gland,1,,3_vital
CYP11B2,adrenal gland,1,,3_vital
CYP17A1,adrenal gland,1,,3_vital
CYP19A1,placenta,1,,2_restricted
CYP1A1,"liver, urinary bladder",2,,3_vital
CYP1A2,liver,1,,3_vital
CYP1B1,,0,,4_broad
CYP20A1,thyroid gland,1,,2_restricted
CYP21A2,adrenal gland,1,,3_vital
CYP24A1,"kidney, urinary bladder",2,,3_vital
CYP26A1,liver,1,,3_vital
CYP26B1,"cerebellum, skin",2,,3_vital
CYP26C1,"adrenal gland, spleen, testis",3,0.0006146719758324831,3_vital
CYP27A1,liver,1,,3_vital
CYP27B1,kidney,1,,3_vital
CYP27C1,skin,1,,2_restricted
CYP2A13,liver,1,,3_vital
CYP2A6,liver,1,,3_vital
CYP2A7,liver,1,,3_vital
CYP2B6,liver,1,,3_vital
CYP2C18,liver,1,,3_vital
CYP2C19,liver,1,,3_vital
CYP2C8,liver,1,,3_vital
CYP2C9,liver,1,,3_vital
CYP2D6,liver,1,,3_vital
CYP2E1,liver,1,,3_vital
CYP2F1,"lung, testis",2,,3_vital
CYP2J2,"heart muscle, liver",2,,3_vital
CYP2R1,skin,1,,2_restricted
CYP2S1,"duodenum, stomach",2,,2_restricted
CYP2U1,thymus,1,2.483233219940885e-32,1a_lymphoid
CYP2W1,"adrenal gland, skin",2,,3_vital
CYP39A1,liver,1,,3_vital
CYP3A4,liver,1,,3_vital
CYP3A43,liver,1,,3_vital
CYP3A5,liver,1,,3_vital
CYP3A7,liver,1,,3_vital
CYP3A7-CYP3A51P,liver,1,,3_vital
CYP46A1,basal ganglia,1,,3_vital
CYP4A11,liver,1,,3_vital
CYP4A22,liver,1,,3_vital
CYP4B1,lung,1,,3_vital
CYP4F11,liver,1,,3_vital
CYP4F12,"duodenum, liver, small intestine",3,,3_vital
CYP4F2,liver,1,,3_vital
CYP4F22,skin,1,,2_restricted
CYP4F3,liver,1,,3_vital
CYP4F8,seminal vesicle,1,,2_restricted
CYP4V2,liver,1,,3_vital
CYP4X1,"cervix, salivary gland",2,,2_restricted
CYP4Z1,breast,1,,2_restricted
CYP51A1,liver,1,,3_vital
CYP7A1,liver,1,,3_vital
CYP7B1,liver,1,,3_vital
CYP8B1,liver,1,,3_vital
CYREN,,0,,4_broad
CYRIA,cerebral cortex,1,,3_vital
CYRIB,bone marrow,1,9.454458098012109e-07,1a_lymphoid
CYS1,kidney,1,,3_vital
CYSLTR1,tonsil,1,0.02635519599691381,1a_lymphoid
CYSLTR2,"placenta, seminal vesicle",2,,2_restricted
CYSRT1,esophagus,1,,2_restricted
CYSTM1,stomach,1,,2_restricted
CYTH1,retina,1,,3_vital
CYTH2,thyroid gland,1,,2_restricted
CYTH3,blood vessel,1,,2_restricted
CYTH4,"appendix, spleen",2,0.013662651691818874,1a_lymphoid
CYTIP,"bone marrow, tonsil",2,0.002366792422294672,1a_lymphoid
CYTL1,blood vessel,1,,2_restricted
CYYR1,adrenal gland,1,,3_vital
CZIB,,0,,4_broad
D2HGDH,"skeletal muscle, skin",2,,3_vital
DAAM1,skin,1,,2_restricted
DAAM2,"midbrain, spinal cord",2,,3_vital
DAB1,"cerebellum, small intestine",2,,3_vital
DAB2,"kidney, placenta",2,,3_vital
DAB2IP,cerebellum,1,,3_vital
DACH1,retina,1,,3_vital
DACH2,"basal ganglia, hypothalamus",2,,3_vital
DACT1,ovary,1,,2_restricted
DACT2,"basal ganglia, placenta",2,,3_vital
DACT3,blood vessel,1,,2_restricted
DAD1,"choroid plexus, epididymis",2,,3_vital
DAG1,"skeletal muscle, tongue",2,,3_vital
DAGLA,cerebral cortex,1,,3_vital
DAGLB,adrenal gland,1,,3_vital
DALRD3,"pancreas, testis",2,,3_vital
DAND5,"choroid plexus, heart muscle",2,,3_vital
DAO,"kidney, liver",2,,3_vital
DAOA,,0,,4_broad
DAP,pancreas,1,,3_vital
DAP3,skeletal muscle,1,,3_vital
DAPK1,ovary,1,,2_restricted
DAPK2,"skeletal muscle, thyroid gland",2,,3_vital
DAPK3,skeletal muscle,1,,3_vital
DAPL1,"esophagus, skin",2,,2_restricted
DAPP1,"lymph node, tonsil",2,0.002201564213026528,1a_lymphoid
DARS1,"retina, skeletal muscle",2,,3_vital
DARS2,kidney,1,,3_vital
DAW1,"choroid plexus, testis",2,,3_vital
DAXX,,0,,4_broad
DAZ1,testis,1,,1b_testis_CT
DAZ2,"stomach, testis",2,,2_restricted
DAZ3,testis,1,,1b_testis_CT
DAZ4,stomach,1,,2_restricted
DAZAP1,,0,,4_broad
DAZAP2,bone marrow,1,3.1338440345136506e-10,1a_lymphoid
DAZL,testis,1,,1b_testis_CT
DBF4,testis,1,,1b_testis_CT
DBF4B,testis,1,,1b_testis_CT
DBH,adrenal gland,1,,3_vital
DBI,liver,1,,3_vital
DBN1,,0,,4_broad
DBNDD1,cerebral cortex,1,,3_vital
DBNDD2,spinal cord,1,,3_vital
DBNL,esophagus,1,,2_restricted
DBP,cerebellum,1,,3_vital
DBR1,,0,,4_broad
DBT,liver,1,,3_vital
DBX1,testis,1,,1b_testis_CT
DBX2,midbrain,1,,3_vital
DCAF1,testis,1,,1b_testis_CT
DCAF10,parathyroid gland,1,,2_restricted
DCAF11,liver,1,,3_vital
DCAF12,testis,1,,1b_testis_CT
DCAF12L1,"epididymis, testis",2,,2_restricted
DCAF12L2,epididymis,1,,2_restricted
DCAF13,,0,,4_broad
DCAF15,testis,1,,1b_testis_CT
DCAF16,ovary,1,,2_restricted
DCAF17,retina,1,,3_vital
DCAF4,,0,,4_broad
DCAF4L1,testis,1,,1b_testis_CT
DCAF4L2,testis,1,,1b_testis_CT
DCAF5,"skeletal muscle, testis",2,,3_vital
DCAF6,"skeletal muscle, tongue",2,,3_vital
DCAF7,,0,,4_broad
DCAF8,skeletal muscle,1,,3_vital
DCAF8L1,testis,1,,1b_testis_CT
DCAF8L2,testis,1,,1b_testis_CT
DCAKD,,0,,4_broad
DCANP1,"lymph node, spleen",2,2.863058425649643e-05,1a_lymphoid
DCBLD1,,0,,4_broad
DCBLD2,heart muscle,1,,3_vital
DCC,testis,1,,1b_testis_CT
DCD,skin,1,,2_restricted
DCDC1,,0,,4_broad
DCDC2,"choroid plexus, kidney, pancreas",3,,3_vital
DCDC2B,fallopian tube,1,,2_restricted
DCDC2C,testis,1,,1b_testis_CT
DCHS1,endometrium,1,,2_restricted
DCHS2,basal ganglia,1,,3_vital
DCK,"lymph node, thymus, tonsil",3,7.782795705635332e-05,1a_lymphoid
DCLK1,cerebral cortex,1,,3_vital
DCLK2,cerebral cortex,1,,3_vital
DCLK3,basal ganglia,1,,3_vital
DCLRE1A,liver,1,,3_vital
DCLRE1B,bone marrow,1,0.022355316048925166,1a_lymphoid
DCLRE1C,lymph node,1,0.01890223293364218,1a_lymphoid
DCN,ovary,1,,2_restricted
DCP1A,bone marrow,1,1.237300697121558e-10,1a_lymphoid
DCP1B,colon,1,,2_restricted
DCP2,thymus,1,0.001062243104056629,1a_lymphoid
DCPS,liver,1,,3_vital
DCST1,testis,1,,1b_testis_CT
DCST2,retina,1,,3_vital
DCSTAMP,lung,1,,3_vital
DCT,skin,1,,2_restricted
DCTD,thyroid gland,1,,2_restricted
DCTN1,cerebral cortex,1,,3_vital
DCTN2,skeletal muscle,1,,3_vital
DCTN3,,0,,4_broad
DCTN4,"bone marrow, retina",2,0.01208692540551414,3_vital
DCTN5,bone marrow,1,0.0002283616432568159,1a_lymphoid
DCTN6,,0,,4_broad
DCTPP1,"colon, rectum",2,,2_restricted
DCUN1D1,testis,1,,1b_testis_CT
DCUN1D2,"heart muscle, skeletal muscle",2,,3_vital
DCUN1D3,"adipose tissue, skeletal muscle",2,,3_vital
DCUN1D4,liver,1,,3_vital
DCUN1D5,,0,,4_broad
DCX,cerebral cortex,1,,3_vital
DCXR,liver,1,,3_vital
DDA1,,0,,4_broad
DDAH1,kidney,1,,3_vital
DDAH2,,0,,4_broad
DDB1,parathyroid gland,1,,2_restricted
DDB2,skin,1,,2_restricted
DDC,kidney,1,,3_vital
DDHD1,testis,1,,1b_testis_CT
DDHD2,spinal cord,1,,3_vital
DDI1,testis,1,,1b_testis_CT
DDI2,"liver, skeletal muscle",2,,3_vital
DDIAS,"bone marrow, testis",2,0.045356478966159804,1a_lymphoid
DDIT3,bone marrow,1,0.013438852506433112,1a_lymphoid
DDIT4,ovary,1,,2_restricted
DDIT4L,skeletal muscle,1,,3_vital
DDN,"cerebral cortex, skeletal muscle",2,,3_vital
DDO,heart muscle,1,,3_vital
DDOST,pancreas,1,,3_vital
DDR1,,0,,4_broad
DDR2,adipose tissue,1,,2_restricted
DDRGK1,,0,,4_broad
DDT,liver,1,,3_vital
DDTL,liver,1,,3_vital
DDX1,"skeletal muscle, tongue",2,,3_vital
DDX10,testis,1,,1b_testis_CT
DDX11,"bone marrow, thymus",2,0.0004255582753832208,1a_lymphoid
DDX17,,0,,4_broad
DDX18,,0,,4_broad
DDX19A,skeletal muscle,1,,3_vital
DDX19B,testis,1,,1b_testis_CT
DDX20,testis,1,,1b_testis_CT
DDX21,"bone marrow, urinary bladder",2,0.0006858858584978825,1a_lymphoid
DDX23,,0,,4_broad
DDX24,,0,,4_broad
DDX25,testis,1,,1b_testis_CT
DDX27,bone marrow,1,0.005897999220475796,1a_lymphoid
DDX28,"bone marrow, skeletal muscle",2,0.0003047376935248197,3_vital
DDX31,thyroid gland,1,,2_restricted
DDX39A,testis,1,,1b_testis_CT
DDX39B,,0,,4_broad
DDX3X,,0,,4_broad
DDX3Y,"bone marrow, testis",2,4.456217045839002e-06,1a_lymphoid
DDX4,testis,1,,1b_testis_CT
DDX41,skeletal muscle,1,,3_vital
DDX42,skeletal muscle,1,,3_vital
DDX43,testis,1,,1b_testis_CT
DDX46,skeletal muscle,1,,3_vital
DDX47,,0,,4_broad
DDX49,skeletal muscle,1,,3_vital
DDX5,,0,,4_broad
DDX50,,0,,4_broad
DDX51,cerebellum,1,,3_vital
DDX52,bone marrow,1,0.017495009077181354,1a_lymphoid
DDX53,testis,1,,1b_testis_CT
DDX54,skeletal muscle,1,,3_vital
DDX55,bone marrow,1,0.016477143777167295,1a_lymphoid
DDX56,,0,,4_broad
DDX59,"bone marrow, skeletal muscle",2,0.011015023638636375,3_vital
DDX6,bone marrow,1,0.0035394783208822283,1a_lymphoid
DDX60,stomach,1,,2_restricted
DDX60L,bone marrow,1,2.6808693135541855e-11,1a_lymphoid
DEAF1,"amygdala, cerebral cortex, hippocampal formation",3,,3_vital
DECR1,liver,1,,3_vital
DECR2,liver,1,,3_vital
DEDD,skeletal muscle,1,,3_vital
DEDD2,,0,,4_broad
DEF6,spleen,1,9.062600933928696e-05,1a_lymphoid
DEF8,cerebellum,1,,3_vital
DEFA1,bone marrow,1,6.292650857424976e-116,1a_lymphoid
DEFA1B,spleen,1,6.200460068869395e-24,1a_lymphoid
DEFA3,bone marrow,1,9.891443572301196e-85,1a_lymphoid
DEFA4,bone marrow,1,9.34237497932525e-83,1a_lymphoid
DEFA5,"duodenum, small intestine",2,,2_restricted
DEFA6,"duodenum, small intestine",2,,2_restricted
DEFB1,"kidney, salivary gland",2,,3_vital
DEFB103A,"salivary gland, vagina",2,,2_restricted
DEFB103B,tonsil,1,3.902316519785546e-11,1a_lymphoid
DEFB104A,epididymis,1,,2_restricted
DEFB104B,esophagus,1,,2_restricted
DEFB105A,epididymis,1,,2_restricted
DEFB105B,epididymis,1,,2_restricted
DEFB106A,epididymis,1,,2_restricted
DEFB106B,epididymis,1,,2_restricted
DEFB107A,epididymis,1,,2_restricted
DEFB107B,epididymis,1,,2_restricted
DEFB108B,epididymis,1,,2_restricted
DEFB110,epididymis,1,,2_restricted
DEFB112,epididymis,1,,2_restricted
DEFB113,epididymis,1,,2_restricted
DEFB114,epididymis,1,,2_restricted
DEFB115,epididymis,1,,2_restricted
DEFB116,epididymis,1,,2_restricted
DEFB118,epididymis,1,,2_restricted
DEFB119,epididymis,1,,2_restricted
DEFB121,epididymis,1,,2_restricted
DEFB123,"epididymis, testis",2,,2_restricted
DEFB124,"fallopian tube, testis",2,,2_restricted
DEFB125,"epididymis, seminal vesicle",2,,2_restricted
DEFB126,epididymis,1,,2_restricted
DEFB127,epididymis,1,,2_restricted
DEFB128,epididymis,1,,2_restricted
DEFB129,epididymis,1,,2_restricted
DEFB130A,epididymis,1,,2_restricted
DEFB130B,epididymis,1,,2_restricted
DEFB131A,epididymis,1,,2_restricted
DEFB131B,epididymis,1,,2_restricted
DEFB132,epididymis,1,,2_restricted
DEFB134,epididymis,1,,2_restricted
DEFB135,epididymis,1,,2_restricted
DEFB136,epididymis,1,,2_restricted
DEFB4A,esophagus,1,,2_restricted
DEFB4B,esophagus,1,,2_restricted
DEGS1,skin,1,,2_restricted
DEGS2,skin,1,,2_restricted
DEK,bone marrow,1,0.010331359324359983,1a_lymphoid
DELE1,heart muscle,1,,3_vital
DENND10,"bone marrow, liver",2,0.013691599609138464,3_vital
DENND11,,0,,4_broad
DENND1A,bone marrow,1,0.0005163551419374949,1a_lymphoid
DENND1B,,0,,4_broad
DENND1C,"lymph node, spleen",2,0.0006277021181423589,1a_lymphoid
DENND2A,,0,,4_broad
DENND2B,endometrium,1,,2_restricted
DENND2C,skeletal muscle,1,,3_vital
DENND2D,"lymph node, tonsil",2,7.440400746095285e-05,1a_lymphoid
DENND3,bone marrow,1,2.159968813309183e-07,1a_lymphoid
DENND4A,retina,1,,3_vital
DENND4B,skeletal muscle,1,,3_vital
DENND4C,skin,1,,2_restricted
DENND5A,,0,,4_broad
DENND5B,ovary,1,,2_restricted
DENND6A,,0,,4_broad
DENND6B,cerebellum,1,,3_vital
DENR,"parathyroid gland, skeletal muscle",2,,3_vital
DEPDC1,"testis, thymus",2,0.006601517725400699,1a_lymphoid
DEPDC1B,"gallbladder, thymus",2,0.0023688889229346415,1a_lymphoid
DEPDC4,testis,1,,1b_testis_CT
DEPDC5,tonsil,1,0.0002935128752881507,1a_lymphoid
DEPDC7,liver,1,,3_vital
DEPP1,"adipose tissue, blood vessel, breast",3,,2_restricted
DEPTOR,"skeletal muscle, tongue",2,,3_vital
DERA,"kidney, liver",2,,3_vital
DERL1,bone marrow,1,0.000639280930207415,1a_lymphoid
DERL2,bone marrow,1,0.034950155388367106,1a_lymphoid
DERL3,"pancreas, spleen",2,0.0067332719102121885,3_vital
DERPC,epididymis,1,,2_restricted
DES,skeletal muscle,1,,3_vital
DESI1,liver,1,,3_vital
DESI2,testis,1,,1b_testis_CT
DET1,tongue,1,,2_restricted
DEUP1,testis,1,,1b_testis_CT
DEXI,skeletal muscle,1,,3_vital
DFFA,placenta,1,,2_restricted
DFFB,duodenum,1,,2_restricted
DGAT1,"duodenum, small intestine",2,,2_restricted
DGAT2,"adipose tissue, liver",2,,3_vital
DGAT2L6,skin,1,,2_restricted
DGCR2,,0,,4_broad
DGCR6,skeletal muscle,1,,3_vital
DGCR6L,"liver, testis",2,,3_vital
DGCR8,skeletal muscle,1,,3_vital
DGKA,thymus,1,1.8673127244570974e-06,1a_lymphoid
DGKB,"basal ganglia, cerebral cortex",2,,3_vital
DGKD,"cerebellum, skeletal muscle",2,,3_vital
DGKE,retina,1,,3_vital
DGKG,cerebellum,1,,3_vital
DGKH,,0,,4_broad
DGKI,"choroid plexus, thyroid gland",2,,3_vital
DGKK,"basal ganglia, pituitary gland",2,,3_vital
DGKQ,cerebellum,1,,3_vital
DGKZ,"cerebral cortex, hippocampal formation",2,,3_vital
DGLUCY,"heart muscle, skeletal muscle, tongue",3,,3_vital
DGUOK,,0,,4_broad
DHCR24,adrenal gland,1,,3_vital
DHCR7,liver,1,,3_vital
DHDDS,cerebellum,1,,3_vital
DHDH,"kidney, small intestine",2,,3_vital
DHFR,"liver, thymus",2,0.016423716257321155,3_vital
DHFR2,,0,,4_broad
DHH,testis,1,,1b_testis_CT
DHODH,liver,1,,3_vital
DHPS,skeletal muscle,1,,3_vital
DHRS1,"esophagus, liver",2,,3_vital
DHRS11,"duodenum, small intestine",2,,2_restricted
DHRS12,pancreas,1,,3_vital
DHRS13,bone marrow,1,2.910064719482546e-06,1a_lymphoid
DHRS2,"breast, urinary bladder",2,,2_restricted
DHRS3,liver,1,,3_vital
DHRS4,"kidney, liver",2,,3_vital
DHRS4L2,"kidney, liver",2,,3_vital
DHRS7,skeletal muscle,1,,3_vital
DHRS7B,skeletal muscle,1,,3_vital
DHRS7C,"skeletal muscle, tongue",2,,3_vital
DHRS9,"colon, heart muscle",2,,3_vital
DHRSX,liver,1,,3_vital
DHTKD1,liver,1,,3_vital
DHX15,,0,,4_broad
DHX16,,0,,4_broad
DHX29,skeletal muscle,1,,3_vital
DHX30,testis,1,,1b_testis_CT
DHX32,,0,,4_broad
DHX33,,0,,4_broad
DHX34,testis,1,,1b_testis_CT
DHX35,colon,1,,2_restricted
DHX36,skeletal muscle,1,,3_vital
DHX37,skeletal muscle,1,,3_vital
DHX38,skeletal muscle,1,,3_vital
DHX40,parathyroid gland,1,,2_restricted
DHX57,testis,1,,1b_testis_CT
DHX58,,0,,4_broad
DHX8,bone marrow,1,3.907925305962858e-09,1a_lymphoid
DHX9,bone marrow,1,5.481402371591291e-06,1a_lymphoid
DIABLO,,0,,4_broad
DIAPH1,"liver, skeletal muscle",2,,3_vital
DIAPH2,bone marrow,1,0.017735982681743652,1a_lymphoid
DIAPH3,testis,1,,1b_testis_CT
DICER1,,0,,4_broad
DIDO1,,0,,4_broad
DIMT1,,0,,4_broad
DIO1,"liver, thyroid gland",2,,3_vital
DIO2,thyroid gland,1,,2_restricted
DIO3,"cervix, placenta",2,,2_restricted
DIP2A,,0,,4_broad
DIP2B,"cerebellum, spinal cord",2,,3_vital
DIP2C,skeletal muscle,1,,3_vital
DIPK1A,liver,1,,3_vital
DIPK1B,cerebellum,1,,3_vital
DIPK1C,basal ganglia,1,,3_vital
DIPK2A,"bone marrow, placenta",2,0.02843721174056672,1a_lymphoid
DIPK2B,"adipose tissue, placenta",2,,2_restricted
DIRAS1,"cerebral cortex, heart muscle",2,,3_vital
DIRAS2,"cerebellum, cerebral cortex",2,,3_vital
DIRAS3,hypothalamus,1,,3_vital
DIS3,testis,1,,1b_testis_CT
DIS3L,tongue,1,,2_restricted
DIS3L2,,0,,4_broad
DISC1,retina,1,,3_vital
DISP1,lung,1,,3_vital
DISP2,cerebellum,1,,3_vital
DISP3,basal ganglia,1,,3_vital
DIXDC1,cerebellum,1,,3_vital
DKC1,,0,,4_broad
DKK1,"cervix, placenta",2,,2_restricted
DKK2,cervix,1,,2_restricted
DKK3,heart muscle,1,,3_vital
DKK4,esophagus,1,,2_restricted
DKKL1,testis,1,,1b_testis_CT
DLAT,"heart muscle, skeletal muscle, tongue",3,,3_vital
DLC1,"adipose tissue, lung",2,,3_vital
DLD,"skeletal muscle, tongue",2,,3_vital
DLEC1,"choroid plexus, fallopian tube",2,,3_vital
DLEU7,cerebral cortex,1,,3_vital
DLG1,,0,,4_broad
DLG2,"cerebral cortex, hippocampal formation",2,,3_vital
DLG3,parathyroid gland,1,,2_restricted
DLG4,cerebral cortex,1,,3_vital
DLG5,adrenal gland,1,,3_vital
DLGAP1,"cerebellum, cerebral cortex",2,,3_vital
DLGAP2,testis,1,,1b_testis_CT
DLGAP3,"basal ganglia, cerebral cortex, hippocampal formation",3,,3_vital
DLGAP4,skeletal muscle,1,,3_vital
DLGAP5,"bone marrow, thymus",2,2.217983244081405e-06,1a_lymphoid
DLK1,"adrenal gland, placenta",2,,3_vital
DLK2,,0,,4_broad
DLL1,spleen,1,3.952418691140904e-05,1a_lymphoid
DLL3,cerebral cortex,1,,3_vital
DLL4,adipose tissue,1,,2_restricted
DLST,tongue,1,,2_restricted
DLX1,"cerebral cortex, hypothalamus",2,,3_vital
DLX2,"cerebral cortex, hypothalamus",2,,3_vital
DLX3,skin,1,,2_restricted
DLX4,"placenta, skin",2,,2_restricted
DLX5,skin,1,,2_restricted
DLX6,basal ganglia,1,,3_vital
DMAC1,skeletal muscle,1,,3_vital
DMAC2,heart muscle,1,,3_vital
DMAC2L,"skeletal muscle, testis",2,,3_vital
DMAP1,adrenal gland,1,,3_vital
DMBT1,duodenum,1,,2_restricted
DMBX1,testis,1,,1b_testis_CT
DMC1,testis,1,,1b_testis_CT
DMD,"retina, tongue",2,,3_vital
DMGDH,"kidney, liver",2,,3_vital
DMKN,skin,1,,2_restricted
DMP1,"blood vessel, testis",2,,2_restricted
DMPK,"heart muscle, skeletal muscle",2,,3_vital
DMRT1,testis,1,,1b_testis_CT
DMRT2,"kidney, parathyroid gland",2,,3_vital
DMRT3,parathyroid gland,1,,2_restricted
DMRTA1,liver,1,,3_vital
DMRTA2,"esophagus, pituitary gland, testis",3,,3_vital
DMRTB1,testis,1,,1b_testis_CT
DMRTC1,"basal ganglia, hypothalamus, pituitary gland",3,,3_vital
DMRTC1B,"basal ganglia, hypothalamus",2,,3_vital
DMRTC2,testis,1,,1b_testis_CT
DMTF1,testis,1,,1b_testis_CT
DMTN,"basal ganglia, cerebral cortex",2,,3_vital
DMWD,,0,,4_broad
DMXL1,"bone marrow, prostate",2,0.0014488013612651324,1a_lymphoid
DMXL2,"bone marrow, retina",2,0.014595342940194425,3_vital
DNA2,thymus,1,0.0001049630957815044,1a_lymphoid
DNAAF1,testis,1,,1b_testis_CT
DNAAF10,epididymis,1,,2_restricted
DNAAF11,choroid plexus,1,,3_vital
DNAAF2,liver,1,,3_vital
DNAAF3,"fallopian tube, testis",2,,2_restricted
DNAAF4,retina,1,,3_vital
DNAAF5,skeletal muscle,1,,3_vital
DNAAF6,"fallopian tube, testis",2,,2_restricted
DNAAF8,testis,1,,1b_testis_CT
DNAAF9,skeletal muscle,1,,3_vital
DNAH1,bone marrow,1,7.607825645268953e-06,1a_lymphoid
DNAH10,"fallopian tube, testis",2,,2_restricted
DNAH11,parathyroid gland,1,,2_restricted
DNAH12,"choroid plexus, fallopian tube, testis",3,,3_vital
DNAH14,testis,1,,1b_testis_CT
DNAH17,testis,1,,1b_testis_CT
DNAH2,"fallopian tube, retina",2,,3_vital
DNAH3,"fallopian tube, testis",2,,2_restricted
DNAH5,"choroid plexus, fallopian tube",2,,3_vital
DNAH6,"choroid plexus, fallopian tube",2,,3_vital
DNAH7,choroid plexus,1,,3_vital
DNAH8,testis,1,,1b_testis_CT
DNAH9,fallopian tube,1,,2_restricted
DNAI1,choroid plexus,1,,3_vital
DNAI2,"fallopian tube, testis",2,,2_restricted
DNAI3,choroid plexus,1,,3_vital
DNAI4,"fallopian tube, testis",2,,2_restricted
DNAI7,"choroid plexus, testis",2,,3_vital
DNAJA1,liver,1,,3_vital
DNAJA2,,0,,4_broad
DNAJA3,"liver, skeletal muscle",2,,3_vital
DNAJA4,tongue,1,,2_restricted
DNAJB1,esophagus,1,,2_restricted
DNAJB11,liver,1,,3_vital
DNAJB12,skeletal muscle,1,,3_vital
DNAJB13,fallopian tube,1,,2_restricted
DNAJB14,cerebral cortex,1,,3_vital
DNAJB2,spinal cord,1,,3_vital
DNAJB4,tongue,1,,2_restricted
DNAJB5,"skeletal muscle, tongue",2,,3_vital
DNAJB6,skeletal muscle,1,,3_vital
DNAJB7,testis,1,,1b_testis_CT
DNAJB8,testis,1,,1b_testis_CT
DNAJB9,liver,1,,3_vital
DNAJC1,parathyroid gland,1,,2_restricted
DNAJC10,epididymis,1,,2_restricted
DNAJC11,kidney,1,,3_vital
DNAJC12,cerebellum,1,,3_vital
DNAJC13,,0,,4_broad
DNAJC14,parathyroid gland,1,,2_restricted
DNAJC15,spinal cord,1,,3_vital
DNAJC16,"kidney, skeletal muscle",2,,3_vital
DNAJC17,,0,,4_broad
DNAJC18,testis,1,,1b_testis_CT
DNAJC19,tongue,1,,2_restricted
DNAJC2,"bone marrow, skeletal muscle, testis",3,1.388081984384383e-06,3_vital
DNAJC21,"skeletal muscle, testis",2,,3_vital
DNAJC22,liver,1,,3_vital
DNAJC24,skeletal muscle,1,,3_vital
DNAJC25,liver,1,,3_vital
DNAJC25-GNG10,,0,,4_broad
DNAJC27,testis,1,,1b_testis_CT
DNAJC28,testis,1,,1b_testis_CT
DNAJC3,thyroid gland,1,,2_restricted
DNAJC30,,0,,4_broad
DNAJC4,testis,1,,1b_testis_CT
DNAJC5,"cerebellum, cerebral cortex",2,,3_vital
DNAJC5B,testis,1,,1b_testis_CT
DNAJC5G,epididymis,1,,2_restricted
DNAJC6,cerebral cortex,1,,3_vital
DNAJC7,,0,,4_broad
DNAJC8,,0,,4_broad
DNAJC9,bone marrow,1,2.2679428407276652e-15,1a_lymphoid
DNAL1,testis,1,,1b_testis_CT
DNAL4,testis,1,,1b_testis_CT
DNALI1,"choroid plexus, fallopian tube",2,,3_vital
DNASE1,"duodenum, pancreas, small intestine",3,,3_vital
DNASE1L1,"skeletal muscle, tongue",2,,3_vital
DNASE1L2,skin,1,,2_restricted
DNASE1L3,"liver, spleen",2,6.641384752329409e-06,3_vital
DNASE2,,0,,4_broad
DNASE2B,salivary gland,1,,2_restricted
DND1,testis,1,,1b_testis_CT
DNER,choroid plexus,1,,3_vital
DNHD1,testis,1,,1b_testis_CT
DNLZ,heart muscle,1,,3_vital
DNM1,"cerebellum, cerebral cortex",2,,3_vital
DNM1L,tongue,1,,2_restricted
DNM2,,0,,4_broad
DNM3,cerebellum,1,,3_vital
DNMBP,,0,,4_broad
DNMT1,"lymph node, placenta",2,0.04286022925976044,1a_lymphoid
DNMT3A,skeletal muscle,1,,3_vital
DNMT3B,"pancreas, testis",2,,3_vital
DNMT3L,liver,1,,3_vital
DNPEP,skeletal muscle,1,,3_vital
DNPH1,kidney,1,,3_vital
DNTT,thymus,1,5.655652391441407e-52,1a_lymphoid
DNTTIP1,skeletal muscle,1,,3_vital
DNTTIP2,bone marrow,1,7.257056738965175e-11,1a_lymphoid
DOC2A,"cerebellum, cerebral cortex",2,,3_vital
DOC2B,"cerebellum, retina",2,,3_vital
DOCK1,,0,,4_broad
DOCK10,,0,,4_broad
DOCK11,adipose tissue,1,,2_restricted
DOCK2,"bone marrow, thymus",2,0.009939814059346366,1a_lymphoid
DOCK3,"cerebellum, cerebral cortex",2,,3_vital
DOCK4,basal ganglia,1,,3_vital
DOCK5,,0,,4_broad
DOCK6,lung,1,,3_vital
DOCK7,,0,,4_broad
DOCK8,thymus,1,0.0006942360318823908,1a_lymphoid
DOCK9,,0,,4_broad
DOHH,spinal cord,1,,3_vital
DOK1,spleen,1,0.0005452388283255192,1a_lymphoid
DOK2,spleen,1,7.374792891126527e-06,1a_lymphoid
DOK3,"bone marrow, spleen",2,7.236484317212741e-06,1a_lymphoid
DOK4,,0,,4_broad
DOK5,skeletal muscle,1,,3_vital
DOK6,"cerebral cortex, retina",2,,3_vital
DOK7,"heart muscle, skeletal muscle",2,,3_vital
DOLK,,0,,4_broad
DOLPP1,"duodenum, liver",2,,3_vital
DONSON,testis,1,,1b_testis_CT
DOP1A,retina,1,,3_vital
DOP1B,parathyroid gland,1,,2_restricted
DOT1L,testis,1,,1b_testis_CT
DPAGT1,,0,,4_broad
DPCD,"choroid plexus, testis",2,,3_vital
DPEP1,"pancreas, small intestine",2,,3_vital
DPEP2,spleen,1,0.0017128060558291663,1a_lymphoid
DPEP2NB,testis,1,,1b_testis_CT
DPEP3,testis,1,,1b_testis_CT
DPF1,"basal ganglia, cerebral cortex",2,,3_vital
DPF2,,0,,4_broad
DPF3,cerebellum,1,,3_vital
DPH1,pituitary gland,1,,3_vital
DPH2,skeletal muscle,1,,3_vital
DPH3,skeletal muscle,1,,3_vital
DPH5,ovary,1,,2_restricted
DPH6,pancreas,1,,3_vital
DPH7,pancreas,1,,3_vital
DPM1,,0,,4_broad
DPM2,pancreas,1,,3_vital
DPM3,,0,,4_broad
DPP10,"cerebral cortex, pancreas",2,,3_vital
DPP3,,0,,4_broad
DPP4,parathyroid gland,1,,2_restricted
DPP6,"cerebellum, cerebral cortex",2,,3_vital
DPP7,,0,,4_broad
DPP8,"skeletal muscle, tongue",2,,3_vital
DPP9,"liver, skeletal muscle",2,,3_vital
DPPA2,testis,1,,1b_testis_CT
DPPA3,ovary,1,,2_restricted
DPPA4,thymus,1,3.7410699327636194e-15,1a_lymphoid
DPPA5,testis,1,,1b_testis_CT
DPRX,"placenta, skeletal muscle",2,,3_vital
DPT,colon,1,,2_restricted
DPY19L1,,0,,4_broad
DPY19L2,testis,1,,1b_testis_CT
DPY19L3,,0,,4_broad
DPY19L4,parathyroid gland,1,,2_restricted
DPY30,,0,,4_broad
DPYD,liver,1,,3_vital
DPYS,liver,1,,3_vital
DPYSL2,spinal cord,1,,3_vital
DPYSL3,smooth muscle,1,,2_restricted
DPYSL4,"cerebral cortex, heart muscle",2,,3_vital
DPYSL5,spinal cord,1,,3_vital
DQX1,"duodenum, small intestine",2,,2_restricted
DR1,bone marrow,1,0.024622452724556158,1a_lymphoid
DRAM1,lung,1,,3_vital
DRAM2,lymph node,1,0.030424069763863977,1a_lymphoid
DRAP1,,0,,4_broad
DRAXIN,"basal ganglia, cerebellum",2,,3_vital
DRC1,"choroid plexus, fallopian tube",2,,3_vital
DRC3,fallopian tube,1,,2_restricted
DRC7,testis,1,,1b_testis_CT
DRD1,basal ganglia,1,,3_vital
DRD2,"basal ganglia, pituitary gland",2,,3_vital
DRD3,basal ganglia,1,,3_vital
DRD4,,0,,4_broad
DRD5,"cerebral cortex, stomach",2,,3_vital
DRG1,"skeletal muscle, testis",2,,3_vital
DRG2,skeletal muscle,1,,3_vital
DRGX,adrenal gland,1,,3_vital
DRICH1,testis,1,,1b_testis_CT
DROSHA,retina,1,,3_vital
DRP2,"basal ganglia, cerebral cortex",2,,3_vital
DSC1,skin,1,,2_restricted
DSC2,esophagus,1,,2_restricted
DSC3,skin,1,,2_restricted
DSCAM,cerebral cortex,1,,3_vital
DSCAML1,retina,1,,3_vital
DSCC1,thymus,1,4.204038003951005e-05,1a_lymphoid
DSE,,0,,4_broad
DSEL,,0,,4_broad
DSG1,skin,1,,2_restricted
DSG2,parathyroid gland,1,,2_restricted
DSG3,esophagus,1,,2_restricted
DSG4,skin,1,,2_restricted
DSN1,testis,1,,1b_testis_CT
DSP,skin,1,,2_restricted
DSPP,,0,,4_broad
DST,,0,,4_broad
DSTN,blood vessel,1,,2_restricted
DSTYK,bone marrow,1,0.0026242777713367097,1a_lymphoid
DTD1,,0,,4_broad
DTD2,,0,,4_broad
DTHD1,fallopian tube,1,,2_restricted
DTL,"bone marrow, testis, thymus",3,0.0022868733297174535,1a_lymphoid
DTNA,,0,,4_broad
DTNB,salivary gland,1,,2_restricted
DTNBP1,"basal ganglia, retina",2,,3_vital
DTWD1,pancreas,1,,3_vital
DTWD2,"skeletal muscle, thyroid gland",2,,3_vital
DTX1,lymph node,1,0.006785186849857446,1a_lymphoid
DTX2,esophagus,1,,2_restricted
DTX3,cerebellum,1,,3_vital
DTX3L,,0,,4_broad
DTX4,spinal cord,1,,3_vital
DTYMK,bone marrow,1,0.0013169640498814656,1a_lymphoid
DUOX1,skin,1,,2_restricted
DUOX2,gallbladder,1,,2_restricted
DUOXA1,esophagus,1,,2_restricted
DUOXA2,"gallbladder, urinary bladder",2,,2_restricted
DUS1L,,0,,4_broad
DUS2,testis,1,,1b_testis_CT
DUS3L,testis,1,,1b_testis_CT
DUS4L,spinal cord,1,,3_vital
DUS4L-BCAP29,tongue,1,,2_restricted
DUSP1,,0,,4_broad
DUSP10,"bone marrow, liver",2,0.029443300074252783,3_vital
DUSP11,fallopian tube,1,,2_restricted
DUSP12,bone marrow,1,7.054074490636109e-09,1a_lymphoid
DUSP13,skeletal muscle,1,,3_vital
DUSP14,skin,1,,2_restricted
DUSP15,testis,1,,1b_testis_CT
DUSP16,"adrenal gland, liver",2,,3_vital
DUSP18,"fallopian tube, testis",2,,2_restricted
DUSP19,stomach,1,,2_restricted
DUSP2,bone marrow,1,1.5282737656999508e-08,1a_lymphoid
DUSP21,testis,1,,1b_testis_CT
DUSP22,,0,,4_broad
DUSP23,"kidney, liver",2,,3_vital
DUSP26,skeletal muscle,1,,3_vital
DUSP28,skeletal muscle,1,,3_vital
DUSP29,skeletal muscle,1,,3_vital
DUSP3,"heart muscle, skeletal muscle, tongue",3,,3_vital
DUSP4,"pancreas, stomach",2,,3_vital
DUSP5,"esophagus, urinary bladder",2,,2_restricted
DUSP6,"bone marrow, salivary gland",2,0.026317335924973838,1a_lymphoid
DUSP7,"esophagus, skin",2,,2_restricted
DUSP8,,0,,4_broad
DUSP9,"kidney, placenta",2,,3_vital
DUT,bone marrow,1,2.4497293443246657e-05,1a_lymphoid
DUX4,testis,1,,1b_testis_CT
DUXA,blood vessel,1,,2_restricted
DUXB,retina,1,,3_vital
DVL1,skeletal muscle,1,,3_vital
DVL2,,0,,4_broad
DVL3,,0,,4_broad
DXO,testis,1,,1b_testis_CT
DYDC1,testis,1,,1b_testis_CT
DYDC2,fallopian tube,1,,2_restricted
DYM,pancreas,1,,3_vital
DYNAP,esophagus,1,,2_restricted
DYNC1H1,cerebellum,1,,3_vital
DYNC1I1,cerebellum,1,,3_vital
DYNC1I2,spinal cord,1,,3_vital
DYNC1LI1,"heart muscle, skeletal muscle",2,,3_vital
DYNC1LI2,"midbrain, spinal cord",2,,3_vital
DYNC2H1,choroid plexus,1,,3_vital
DYNC2I1,testis,1,,1b_testis_CT
DYNC2I2,kidney,1,,3_vital
DYNC2LI1,choroid plexus,1,,3_vital
DYNLL1,,0,,4_broad
DYNLL2,skeletal muscle,1,,3_vital
DYNLRB1,,0,,4_broad
DYNLRB2,testis,1,,1b_testis_CT
DYNLT1,,0,,4_broad
DYNLT2,testis,1,,1b_testis_CT
DYNLT2B,,0,,4_broad
DYNLT3,,0,,4_broad
DYNLT4,choroid plexus,1,,3_vital
DYNLT5,choroid plexus,1,,3_vital
DYRK1A,bone marrow,1,5.438570368894482e-07,1a_lymphoid
DYRK1B,"skeletal muscle, testis",2,,3_vital
DYRK2,skeletal muscle,1,,3_vital
DYRK3,testis,1,,1b_testis_CT
DYRK4,testis,1,,1b_testis_CT
DYSF,skeletal muscle,1,,3_vital
DYTN,bone marrow,1,8.362876661298447e-202,1a_lymphoid
DZANK1,,0,,4_broad
DZIP1,,0,,4_broad
DZIP1L,,0,,4_broad
DZIP3,testis,1,,1b_testis_CT
E2F1,bone marrow,1,2.2078243596456004e-13,1a_lymphoid
E2F2,"bone marrow, thymus",2,8.959563754353788e-10,1a_lymphoid
E2F3,bone marrow,1,2.637803224975039e-05,1a_lymphoid
E2F4,bone marrow,1,1.8967994560054103e-06,1a_lymphoid
E2F5,"lymph node, tonsil",2,1.7043240150848297e-05,1a_lymphoid
E2F6,"skeletal muscle, tongue",2,,3_vital
E2F7,"bone marrow, thymus",2,8.974655226208242e-10,1a_lymphoid
E2F8,"bone marrow, skeletal muscle",2,0.0024542842713997878,3_vital
E4F1,cerebellum,1,,3_vital
EAF1,bone marrow,1,7.69282811161381e-23,1a_lymphoid
EAF2,"bone marrow, lymph node",2,5.444264993012486e-06,1a_lymphoid
EAPP,bone marrow,1,8.28251764057726e-06,1a_lymphoid
EARS2,,0,,4_broad
EBAG9,thyroid gland,1,,2_restricted
EBF1,"adipose tissue, blood vessel",2,,2_restricted
EBF2,adipose tissue,1,,2_restricted
EBF3,adipose tissue,1,,2_restricted
EBF4,,0,,4_broad
EBI3,placenta,1,,2_restricted
EBLN1,testis,1,,1b_testis_CT
EBLN2,bone marrow,1,3.0518751223262195e-19,1a_lymphoid
EBNA1BP2,liver,1,,3_vital
EBP,liver,1,,3_vital
EBPL,liver,1,,3_vital
ECD,bone marrow,1,9.487429906650569e-05,1a_lymphoid
ECE1,adrenal gland,1,,3_vital
ECE2,"cerebellum, hypothalamus",2,,3_vital
ECEL1,"hypothalamus, ovary",2,,3_vital
ECH1,"heart muscle, skeletal muscle",2,,3_vital
ECHDC1,"adipose tissue, kidney, liver",3,,3_vital
ECHDC2,liver,1,,3_vital
ECHDC3,"liver, skeletal muscle",2,,3_vital
ECHS1,liver,1,,3_vital
ECI1,"liver, skeletal muscle",2,,3_vital
ECI2,liver,1,,3_vital
ECM1,esophagus,1,,2_restricted
ECM2,"adipose tissue, ovary",2,,2_restricted
ECPAS,skeletal muscle,1,,3_vital
ECRG4,choroid plexus,1,,3_vital
ECSCR,,0,,4_broad
ECSIT,"heart muscle, skeletal muscle, tongue",3,,3_vital
ECT2,thymus,1,0.004462361315542658,1a_lymphoid
ECT2L,fallopian tube,1,,2_restricted
EDA,"heart muscle, parathyroid gland",2,,3_vital
EDA2R,,0,,4_broad
EDAR,esophagus,1,,2_restricted
EDARADD,urinary bladder,1,,2_restricted
EDC3,testis,1,,1b_testis_CT
EDC4,"cerebellum, choroid plexus",2,,3_vital
EDDM13,epididymis,1,,2_restricted
EDDM3A,epididymis,1,,2_restricted
EDDM3B,epididymis,1,,2_restricted
EDEM1,"bone marrow, thymus",2,0.0007062429923584499,1a_lymphoid
EDEM2,epididymis,1,,2_restricted
EDEM3,stomach,1,,2_restricted
EDF1,,0,,4_broad
EDIL3,spinal cord,1,,3_vital
EDN1,"adipose tissue, lung",2,,3_vital
EDN2,"cervix, vagina",2,,2_restricted
EDN3,vagina,1,,2_restricted
EDNRA,seminal vesicle,1,,2_restricted
EDNRB,placenta,1,,2_restricted
EDRF1,bone marrow,1,3.2299240600585887e-06,1a_lymphoid
EEA1,,0,,4_broad
EED,"lymph node, tonsil",2,1.3779226914759831e-05,1a_lymphoid
EEF1A1,,0,,4_broad
EEF1A2,skeletal muscle,1,,3_vital
EEF1AKMT1,,0,,4_broad
EEF1AKMT2,,0,,4_broad
EEF1AKMT3,"pancreas, salivary gland",2,,3_vital
EEF1AKMT4,"liver, testis",2,,3_vital
EEF1AKMT4-ECE2,adrenal gland,1,,3_vital
EEF1B2,pancreas,1,,3_vital
EEF1D,pancreas,1,,3_vital
EEF1E1,"bone marrow, testis",2,0.006093649585030663,1a_lymphoid
EEF1G,skeletal muscle,1,,3_vital
EEF2,"pancreas, skeletal muscle",2,,3_vital
EEF2K,skin,1,,2_restricted
EEF2KMT,testis,1,,1b_testis_CT
EEFSEC,,0,,4_broad
EEPD1,skeletal muscle,1,,3_vital
EFCAB10,"fallopian tube, testis",2,,2_restricted
EFCAB11,testis,1,,1b_testis_CT
EFCAB12,"choroid plexus, fallopian tube",2,,3_vital
EFCAB13,"testis, thyroid gland",2,,2_restricted
EFCAB14,parathyroid gland,1,,2_restricted
EFCAB2,,0,,4_broad
EFCAB3,testis,1,,1b_testis_CT
EFCAB5,testis,1,,1b_testis_CT
EFCAB6,testis,1,,1b_testis_CT
EFCAB7,testis,1,,1b_testis_CT
EFCAB8,testis,1,,1b_testis_CT
EFCAB9,testis,1,,1b_testis_CT
EFCC1,"lung, ovary",2,,3_vital
EFEMP1,blood vessel,1,,2_restricted
EFEMP2,blood vessel,1,,2_restricted
EFHB,"fallopian tube, testis",2,,2_restricted
EFHC1,"choroid plexus, fallopian tube",2,,3_vital
EFHC2,choroid plexus,1,,3_vital
EFHD1,"blood vessel, spinal cord",2,,3_vital
EFHD2,bone marrow,1,0.0019997923562300145,1a_lymphoid
EFL1,,0,,4_broad
EFNA1,liver,1,,3_vital
EFNA2,"liver, small intestine",2,,3_vital
EFNA3,skin,1,,2_restricted
EFNA4,skin,1,,2_restricted
EFNA4-EFNA3,cerebral cortex,1,,3_vital
EFNA5,skin,1,,2_restricted
EFNB1,,0,,4_broad
EFNB2,,0,,4_broad
EFNB3,"basal ganglia, hypothalamus",2,,3_vital
EFR3A,retina,1,,3_vital
EFR3B,basal ganglia,1,,3_vital
EFS,spinal cord,1,,3_vital
EFTUD2,skeletal muscle,1,,3_vital
EGF,"kidney, pancreas",2,,3_vital
EGFL6,placenta,1,,2_restricted
EGFL7,heart muscle,1,,3_vital
EGFL8,ovary,1,,2_restricted
EGFLAM,tongue,1,,2_restricted
EGFR,"placenta, skin",2,,2_restricted
EGLN1,skeletal muscle,1,,3_vital
EGLN2,testis,1,,1b_testis_CT
EGLN3,"heart muscle, skin",2,,3_vital
EGR1,ovary,1,,2_restricted
EGR2,thyroid gland,1,,2_restricted
EGR3,skin,1,,2_restricted
EGR4,"basal ganglia, cerebellum",2,,3_vital
EHBP1,liver,1,,3_vital
EHBP1L1,skeletal muscle,1,,3_vital
EHD1,"bone marrow, testis",2,0.0003710067631923323,1a_lymphoid
EHD2,"adipose tissue, blood vessel",2,,2_restricted
EHD3,"cerebral cortex, esophagus",2,,3_vital
EHD4,,0,,4_broad
EHF,salivary gland,1,,2_restricted
EHHADH,liver,1,,3_vital
EHMT1,testis,1,,1b_testis_CT
EHMT2,,0,,4_broad
EI24,parathyroid gland,1,,2_restricted
EID1,,0,,4_broad
EID2,cerebral cortex,1,,3_vital
EID2B,cerebellum,1,,3_vital
EID3,testis,1,,1b_testis_CT
EIF1,skeletal muscle,1,,3_vital
EIF1AD,bone marrow,1,3.180109099963987e-08,1a_lymphoid
EIF1AX,skeletal muscle,1,,3_vital
EIF1AY,"heart muscle, tongue",2,,3_vital
EIF1B,heart muscle,1,,3_vital
EIF2A,,0,,4_broad
EIF2AK1,bone marrow,1,1.2085401596226479e-05,1a_lymphoid
EIF2AK2,bone marrow,1,8.990839149271146e-10,1a_lymphoid
EIF2AK3,pancreas,1,,3_vital
EIF2AK4,endometrium,1,,2_restricted
EIF2B1,skin,1,,2_restricted
EIF2B2,thyroid gland,1,,2_restricted
EIF2B3,skeletal muscle,1,,3_vital
EIF2B4,skeletal muscle,1,,3_vital
EIF2B5,skeletal muscle,1,,3_vital
EIF2D,,0,,4_broad
EIF2S1,skeletal muscle,1,,3_vital
EIF2S2,skeletal muscle,1,,3_vital
EIF2S3,,0,,4_broad
EIF2S3B,testis,1,,1b_testis_CT
EIF3A,"pancreas, skeletal muscle",2,,3_vital
EIF3B,skeletal muscle,1,,3_vital
EIF3C,skeletal muscle,1,,3_vital
EIF3CL,skeletal muscle,1,,3_vital
EIF3D,pancreas,1,,3_vital
EIF3E,breast,1,,2_restricted
EIF3F,pancreas,1,,3_vital
EIF3G,skeletal muscle,1,,3_vital
EIF3H,,0,,4_broad
EIF3I,skeletal muscle,1,,3_vital
EIF3J,skeletal muscle,1,,3_vital
EIF3K,"heart muscle, skeletal muscle",2,,3_vital
EIF3L,pancreas,1,,3_vital
EIF3M,,0,,4_broad
EIF4A1,,0,,4_broad
EIF4A2,skeletal muscle,1,,3_vital
EIF4A3,bone marrow,1,9.165832590095558e-09,1a_lymphoid
EIF4B,"ovary, skeletal muscle",2,,3_vital
EIF4E,,0,,4_broad
EIF4E1B,cerebral cortex,1,,3_vital
EIF4E2,skeletal muscle,1,,3_vital
EIF4E3,"skeletal muscle, tongue",2,,3_vital
EIF4EBP1,pancreas,1,,3_vital
EIF4EBP2,,0,,4_broad
EIF4EBP3,skeletal muscle,1,,3_vital
EIF4ENIF1,testis,1,,1b_testis_CT
EIF4G1,skeletal muscle,1,,3_vital
EIF4G2,,0,,4_broad
EIF4G3,testis,1,,1b_testis_CT
EIF4H,skeletal muscle,1,,3_vital
EIF5,"bone marrow, skeletal muscle",2,0.0003193385096395861,3_vital
EIF5A,"esophagus, skeletal muscle",2,,3_vital
EIF5A2,testis,1,,1b_testis_CT
EIF5AL1,testis,1,,1b_testis_CT
EIF5B,skeletal muscle,1,,3_vital
EIF6,esophagus,1,,2_restricted
EIPR1,,0,,4_broad
ELAC1,epididymis,1,,2_restricted
ELAC2,skeletal muscle,1,,3_vital
ELANE,bone marrow,1,2.9306114461196158e-92,1a_lymphoid
ELAPOR1,"pancreas, salivary gland",2,,3_vital
ELAPOR2,lung,1,,3_vital
ELAVL1,thymus,1,0.04890397125034203,1a_lymphoid
ELAVL2,testis,1,,1b_testis_CT
ELAVL3,cerebellum,1,,3_vital
ELAVL4,cerebral cortex,1,,3_vital
ELF1,bone marrow,1,6.498656676970579e-06,1a_lymphoid
ELF2,bone marrow,1,0.0031433936520005924,1a_lymphoid
ELF3,esophagus,1,,2_restricted
ELF4,bone marrow,1,1.7609686410725331e-06,1a_lymphoid
ELF5,"breast, salivary gland",2,,2_restricted
ELFN1,liver,1,,3_vital
ELFN2,"amygdala, cerebral cortex, hippocampal formation",3,,3_vital
ELK1,,0,,4_broad
ELK3,,0,,4_broad
ELK4,prostate,1,,2_restricted
ELL,"bone marrow, testis",2,0.0318343614679855,1a_lymphoid
ELL2,blood vessel,1,,2_restricted
ELL3,"lymph node, tonsil",2,1.3827464457259577e-05,1a_lymphoid
ELMO1,spinal cord,1,,3_vital
ELMO2,cerebellum,1,,3_vital
ELMO3,,0,,4_broad
ELMOD1,basal ganglia,1,,3_vital
ELMOD2,,0,,4_broad
ELMOD3,skeletal muscle,1,,3_vital
ELN,blood vessel,1,,2_restricted
ELOA,,0,,4_broad
ELOA2,testis,1,,1b_testis_CT
ELOB,,0,,4_broad
ELOC,skeletal muscle,1,,3_vital
ELOF1,testis,1,,1b_testis_CT
ELOVL1,spinal cord,1,,3_vital
ELOVL2,"liver, placenta",2,,3_vital
ELOVL3,skin,1,,2_restricted
ELOVL4,"retina, thymus",2,0.01103495319317881,3_vital
ELOVL5,"adipose tissue, breast",2,,2_restricted
ELOVL6,liver,1,,3_vital
ELOVL7,,0,,4_broad
ELP1,parathyroid gland,1,,2_restricted
ELP2,"liver, ovary",2,,3_vital
ELP3,skeletal muscle,1,,3_vital
ELP4,cerebellum,1,,3_vital
ELP5,testis,1,,1b_testis_CT
ELP6,skeletal muscle,1,,3_vital
ELSPBP1,epididymis,1,,2_restricted
EMB,bone marrow,1,8.961868936234322e-10,1a_lymphoid
EMC1,"placenta, retina",2,,3_vital
EMC10,skeletal muscle,1,,3_vital
EMC2,spinal cord,1,,3_vital
EMC3,,0,,4_broad
EMC4,skeletal muscle,1,,3_vital
EMC6,skeletal muscle,1,,3_vital
EMC7,choroid plexus,1,,3_vital
EMC8,"heart muscle, skeletal muscle",2,,3_vital
EMC9,,0,,4_broad
EMCN,kidney,1,,3_vital
EMD,skeletal muscle,1,,3_vital
EME1,"epididymis, testis",2,,2_restricted
EME2,"cerebellum, pituitary gland",2,,3_vital
EMG1,choroid plexus,1,,3_vital
EMID1,spleen,1,0.00014133949972346062,1a_lymphoid
EMILIN1,colon,1,,2_restricted
EMILIN2,parathyroid gland,1,,2_restricted
EMILIN3,epididymis,1,,2_restricted
EML1,"retina, skeletal muscle",2,,3_vital
EML2,parathyroid gland,1,,2_restricted
EML3,,0,,4_broad
EML4,,0,,4_broad
EML5,"ovary, retina",2,,3_vital
EML6,"retina, tonsil",2,0.004588611341840071,3_vital
EMP1,esophagus,1,,2_restricted
EMP2,lung,1,,3_vital
EMP3,bone marrow,1,0.007687106512085878,1a_lymphoid
EMSY,retina,1,,3_vital
EMX1,kidney,1,,3_vital
EMX2,"endometrium, epididymis",2,,2_restricted
EN1,"midbrain, skeletal muscle, skin",3,,3_vital
EN2,cerebellum,1,,3_vital
ENAH,"blood vessel, smooth muscle",2,,2_restricted
ENAM,"epididymis, kidney",2,,3_vital
ENC1,cerebral cortex,1,,3_vital
ENDOD1,blood vessel,1,,2_restricted
ENDOG,skeletal muscle,1,,3_vital
ENDOU,esophagus,1,,2_restricted
ENDOV,"retina, testis",2,,3_vital
ENG,heart muscle,1,,3_vital
ENGASE,skeletal muscle,1,,3_vital
ENHO,"amygdala, basal ganglia",2,,3_vital
ENKD1,pancreas,1,,3_vital
ENKUR,fallopian tube,1,,2_restricted
ENO1,,0,,4_broad
ENO2,retina,1,,3_vital
ENO3,"skeletal muscle, tongue",2,,3_vital
ENO4,"choroid plexus, fallopian tube",2,,3_vital
ENOPH1,spinal cord,1,,3_vital
ENOSF1,kidney,1,,3_vital
ENOX1,"skeletal muscle, testis",2,,3_vital
ENOX2,,0,,4_broad
ENPEP,"kidney, small intestine",2,,3_vital
ENPP1,placenta,1,,2_restricted
ENPP2,choroid plexus,1,,3_vital
ENPP3,"cervix, small intestine",2,,2_restricted
ENPP4,"bone marrow, spinal cord",2,0.0096039450533018,3_vital
ENPP5,epididymis,1,,2_restricted
ENPP6,"kidney, spinal cord",2,,3_vital
ENPP7,small intestine,1,,2_restricted
ENSA,esophagus,1,,2_restricted
ENSG00000111780,colon,1,,2_restricted
ENSG00000131152,skeletal muscle,1,,3_vital
ENSG00000142539,"appendix, spleen",2,1.976113264408973e-09,1a_lymphoid
ENSG00000144785,,0,,4_broad
ENSG00000170846,,0,,4_broad
ENSG00000173366,"cerebellum, skeletal muscle",2,,3_vital
ENSG00000173867,ovary,1,,2_restricted
ENSG00000187186,testis,1,,1b_testis_CT
ENSG00000188897,spleen,1,2.1855325027221113e-16,1a_lymphoid
ENSG00000196826,,0,,4_broad
ENSG00000197991,"cerebral cortex, testis",2,,3_vital
ENSG00000198211,testis,1,,1b_testis_CT
ENSG00000203546,"adipose tissue, skeletal muscle",2,,3_vital
ENSG00000206549,"pituitary gland, skeletal muscle, thyroid gland",3,,3_vital
ENSG00000225528,thymus,1,8.176100877979767e-17,1a_lymphoid
ENSG00000226690,fallopian tube,1,,2_restricted
ENSG00000230707,"adrenal gland, basal ganglia",2,,3_vital
ENSG00000233757,testis,1,,1b_testis_CT
ENSG00000235007,"spleen, thymus",2,0.00271588124027003,1a_lymphoid
ENSG00000236543,skin,1,,2_restricted
ENSG00000237378,breast,1,,2_restricted
ENSG00000239395,testis,1,,1b_testis_CT
ENSG00000241489,"epididymis, pituitary gland",2,,3_vital
ENSG00000241690,testis,1,,1b_testis_CT
ENSG00000244255,liver,1,,3_vital
ENSG00000248235,spleen,1,9.208532093613018e-06,1a_lymphoid
ENSG00000248751,"cerebral cortex, esophagus",2,,3_vital
ENSG00000248993,"small intestine, thyroid gland",2,,2_restricted
ENSG00000249141,pancreas,1,,3_vital
ENSG00000249209,,0,,4_broad
ENSG00000249240,"appendix, spleen",2,4.1438857670713386e-05,1a_lymphoid
ENSG00000249319,liver,1,,3_vital
ENSG00000249590,retina,1,,3_vital
ENSG00000249624,,0,,4_broad
ENSG00000249773,testis,1,,1b_testis_CT
ENSG00000249967,tongue,1,,2_restricted
ENSG00000250264,spleen,1,0.00012173976727076124,1a_lymphoid
ENSG00000250349,skeletal muscle,1,,3_vital
ENSG00000250424,blood vessel,1,,2_restricted
ENSG00000250644,adrenal gland,1,,3_vital
ENSG00000250803,testis,1,,1b_testis_CT
ENSG00000251012,testis,1,,1b_testis_CT
ENSG00000251184,"retina, skeletal muscle",2,,3_vital
ENSG00000251357,pancreas,1,,3_vital
ENSG00000251537,esophagus,1,,2_restricted
ENSG00000251569,retina,1,,3_vital
ENSG00000254692,adrenal gland,1,,3_vital
ENSG00000254706,salivary gland,1,,2_restricted
ENSG00000254979,bone marrow,1,6.822578760990761e-07,1a_lymphoid
ENSG00000255432,skeletal muscle,1,,3_vital
ENSG00000255439,,0,,4_broad
ENSG00000255639,"rectum, tongue",2,,2_restricted
ENSG00000255641,"amygdala, hippocampal formation",2,,3_vital
ENSG00000255730,"bone marrow, skin",2,8.098951590675748e-05,1a_lymphoid
ENSG00000255835,"cerebellum, cerebral cortex",2,,3_vital
ENSG00000256349,retina,1,,3_vital
ENSG00000256500,skeletal muscle,1,,3_vital
ENSG00000256514,liver,1,,3_vital
ENSG00000256591,bone marrow,1,0.01475097241230986,1a_lymphoid
ENSG00000256646,bone marrow,1,1.7113483574675845e-216,1a_lymphoid
ENSG00000256825,testis,1,,1b_testis_CT
ENSG00000257184,"endometrium, skeletal muscle",2,,3_vital
ENSG00000257390,testis,1,,1b_testis_CT
ENSG00000257411,,0,,4_broad
ENSG00000257767,"adipose tissue, skeletal muscle",2,,3_vital
ENSG00000257921,"choroid plexus, lymph node",2,0.03607637196019961,3_vital
ENSG00000258311,adipose tissue,1,,2_restricted
ENSG00000258417,"cerebral cortex, retina",2,,3_vital
ENSG00000258465,"liver, retina",2,,3_vital
ENSG00000258472,bone marrow,1,2.778027342473464e-14,1a_lymphoid
ENSG00000258529,testis,1,,1b_testis_CT
ENSG00000258674,basal ganglia,1,,3_vital
ENSG00000258691,esophagus,1,,2_restricted
ENSG00000258728,blood vessel,1,,2_restricted
ENSG00000258881,"retina, testis",2,,3_vital
ENSG00000258989,"epididymis, retina",2,,3_vital
ENSG00000259060,epididymis,1,,2_restricted
ENSG00000259066,skeletal muscle,1,,3_vital
ENSG00000259132,pancreas,1,,3_vital
ENSG00000259171,liver,1,,3_vital
ENSG00000259371,liver,1,,3_vital
ENSG00000259784,"bone marrow, small intestine",2,4.53309095496312e-12,1a_lymphoid
ENSG00000260007,"breast, thymus",2,1.9574989875587274e-16,1a_lymphoid
ENSG00000260170,bone marrow,1,0.004104162449580658,1a_lymphoid
ENSG00000260272,kidney,1,,3_vital
ENSG00000260342,testis,1,,1b_testis_CT
ENSG00000260371,,0,,4_broad
ENSG00000260537,,0,,4_broad
ENSG00000260643,,0,,4_broad
ENSG00000260836,,0,,4_broad
ENSG00000260861,"bone marrow, cerebral cortex, testis",3,0.029722572431142194,3_vital
ENSG00000260914,skeletal muscle,1,,3_vital
ENSG00000261130,,0,,4_broad
ENSG00000261341,testis,1,,1b_testis_CT
ENSG00000261717,"skeletal muscle, testis",2,,3_vital
ENSG00000261793,salivary gland,1,,2_restricted
ENSG00000261832,,0,,4_broad
ENSG00000262660,duodenum,1,,2_restricted
ENSG00000263020,,0,,4_broad
ENSG00000263620,cerebellum,1,,3_vital
ENSG00000264668,cerebral cortex,1,,3_vital
ENSG00000265118,thymus,1,3.385806997218569e-11,1a_lymphoid
ENSG00000265303,liver,1,,3_vital
ENSG00000266202,pancreas,1,,3_vital
ENSG00000266953,"retina, skeletal muscle",2,,3_vital
ENSG00000267001,testis,1,,1b_testis_CT
ENSG00000267140,lymph node,1,0.0007904045267806425,1a_lymphoid
ENSG00000267157,testis,1,,1b_testis_CT
ENSG00000267168,retina,1,,3_vital
ENSG00000267173,"cervix, duodenum, pancreas",3,,3_vital
ENSG00000267179,tongue,1,,2_restricted
ENSG00000267261,"duodenum, pancreas",2,,3_vital
ENSG00000267318,"skeletal muscle, tongue",2,,3_vital
ENSG00000267335,pituitary gland,1,,3_vital
ENSG00000267360,"retina, thyroid gland",2,,3_vital
ENSG00000267561,adipose tissue,1,,2_restricted
ENSG00000267618,testis,1,,1b_testis_CT
ENSG00000267740,,0,,4_broad
ENSG00000267748,salivary gland,1,,2_restricted
ENSG00000267881,colon,1,,2_restricted
ENSG00000267952,skeletal muscle,1,,3_vital
ENSG00000268083,"bone marrow, skeletal muscle",2,0.033886613590106716,3_vital
ENSG00000268133,"adipose tissue, pancreas",2,,3_vital
ENSG00000268163,"retina, skeletal muscle",2,,3_vital
ENSG00000268361,cerebellum,1,,3_vital
ENSG00000268434,"heart muscle, skeletal muscle",2,,3_vital
ENSG00000268465,retina,1,,3_vital
ENSG00000268533,"retina, skin",2,,3_vital
ENSG00000268643,retina,1,,3_vital
ENSG00000268655,pancreas,1,,3_vital
ENSG00000268750,duodenum,1,,2_restricted
ENSG00000268790,skeletal muscle,1,,3_vital
ENSG00000268870,,0,,4_broad
ENSG00000269026,"ovary, salivary gland",2,,2_restricted
ENSG00000269035,retina,1,,3_vital
ENSG00000269095,epididymis,1,,2_restricted
ENSG00000269533,tongue,1,,2_restricted
ENSG00000269547,"adrenal gland, endometrium",2,,3_vital
ENSG00000269590,"lymph node, skeletal muscle",2,0.014642657467776536,3_vital
ENSG00000269711,"bone marrow, lung",2,5.885954542623554e-06,3_vital
ENSG00000269825,,0,,4_broad
ENSG00000270249,skeletal muscle,1,,3_vital
ENSG00000270299,"cerebral cortex, heart muscle",2,,3_vital
ENSG00000271810,testis,1,,1b_testis_CT
ENSG00000272104,,0,,4_broad
ENSG00000272297,testis,1,,1b_testis_CT
ENSG00000272617,liver,1,,3_vital
ENSG00000272772,,0,,4_broad
ENSG00000272822,basal ganglia,1,,3_vital
ENSG00000273047,liver,1,,3_vital
ENSG00000273049,skeletal muscle,1,,3_vital
ENSG00000273088,epididymis,1,,2_restricted
ENSG00000273154,adrenal gland,1,,3_vital
ENSG00000273155,"heart muscle, skeletal muscle",2,,3_vital
ENSG00000273171,liver,1,,3_vital
ENSG00000273217,,0,,4_broad
ENSG00000273291,testis,1,,1b_testis_CT
ENSG00000274944,testis,1,,1b_testis_CT
ENSG00000275163,fallopian tube,1,,2_restricted
ENSG00000275674,"duodenum, pancreas",2,,3_vital
ENSG00000275740,testis,1,,1b_testis_CT
ENSG00000275778,,0,,4_broad
ENSG00000276302,,0,,4_broad
ENSG00000277535,testis,1,,1b_testis_CT
ENSG00000277639,choroid plexus,1,,3_vital
ENSG00000278263,urinary bladder,1,,2_restricted
ENSG00000278646,testis,1,,1b_testis_CT
ENSG00000279983,epididymis,1,,2_restricted
ENSG00000280571,retina,1,,3_vital
ENSG00000280778,testis,1,,1b_testis_CT
ENSG00000281039,"bone marrow, choroid plexus",2,0.011314093802056165,3_vital
ENSG00000281179,"thymus, tonsil",2,5.599952960852562e-06,1a_lymphoid
ENSG00000281613,testis,1,,1b_testis_CT
ENSG00000282218,"epididymis, lung",2,,3_vital
ENSG00000282278,tongue,1,,2_restricted
ENSG00000282804,"appendix, spleen",2,2.4905506379040238e-06,1a_lymphoid
ENSG00000282936,"cerebral cortex, ovary",2,,3_vital
ENSG00000282988,"esophagus, prostate",2,,2_restricted
ENSG00000283149,"choroid plexus, liver",2,,3_vital
ENSG00000283189,skeletal muscle,1,,3_vital
ENSG00000283201,epididymis,1,,2_restricted
ENSG00000283205,testis,1,,1b_testis_CT
ENSG00000283208,bone marrow,1,6.875242802561946e-11,1a_lymphoid
ENSG00000283321,"cervix, urinary bladder",2,,2_restricted
ENSG00000283536,retina,1,,3_vital
ENSG00000283599,testis,1,,1b_testis_CT
ENSG00000283761,"choroid plexus, retina",2,,3_vital
ENSG00000283765,spinal cord,1,,3_vital
ENSG00000283782,,0,,4_broad
ENSG00000283809,"kidney, retina",2,,3_vital
ENSG00000283886,thyroid gland,1,,2_restricted
ENSG00000283952,testis,1,,1b_testis_CT
ENSG00000284057,kidney,1,,3_vital
ENSG00000284188,testis,1,,1b_testis_CT
ENSG00000284292,"appendix, duodenum",2,0.03637302498072701,1a_lymphoid
ENSG00000284512,testis,1,,1b_testis_CT
ENSG00000284526,skeletal muscle,1,,3_vital
ENSG00000284554,spleen,1,3.840238851567052e-16,1a_lymphoid
ENSG00000284684,retina,1,,3_vital
ENSG00000284691,,0,,4_broad
ENSG00000284732,"bone marrow, retina",2,2.1406053406881705e-10,3_vital
ENSG00000284762,thyroid gland,1,,2_restricted
ENSG00000284773,,0,,4_broad
ENSG00000284776,,0,,4_broad
ENSG00000284779,liver,1,,3_vital
ENSG00000284797,"colon, small intestine",2,,2_restricted
ENSG00000284895,lung,1,,3_vital
ENSG00000284931,placenta,1,,2_restricted
ENSG00000284934,adrenal gland,1,,3_vital
ENSG00000284956,"gallbladder, testis",2,,2_restricted
ENSG00000284969,choroid plexus,1,,3_vital
ENSG00000284976,esophagus,1,,2_restricted
ENSG00000285025,skeletal muscle,1,,3_vital
ENSG00000285043,tongue,1,,2_restricted
ENSG00000285082,retina,1,,3_vital
ENSG00000285085,,0,,4_broad
ENSG00000285130,"pancreas, tongue",2,,3_vital
ENSG00000285133,skeletal muscle,1,,3_vital
ENSG00000285188,cerebral cortex,1,,3_vital
ENSG00000285218,cerebral cortex,1,,3_vital
ENSG00000285245,ovary,1,,2_restricted
ENSG00000285253,salivary gland,1,,2_restricted
ENSG00000285283,"colon, retina",2,,3_vital
ENSG00000285304,,0,,4_broad
ENSG00000285330,liver,1,,3_vital
ENSG00000285382,"cerebellum, retina",2,,3_vital
ENSG00000285404,"cerebral cortex, liver, rectum, smooth muscle",4,,3_vital
ENSG00000285446,spleen,1,2.6808889476586576e-11,1a_lymphoid
ENSG00000285458,"skin, tongue",2,,2_restricted
ENSG00000285471,"placenta, testis",2,,2_restricted
ENSG00000285526,"choroid plexus, salivary gland",2,,3_vital
ENSG00000285547,epididymis,1,,2_restricted
ENSG00000285566,breast,1,,2_restricted
ENSG00000285585,"choroid plexus, liver",2,,3_vital
ENSG00000285625,skeletal muscle,1,,3_vital
ENSG00000285655,"amygdala, basal ganglia, cerebral cortex",3,,3_vital
ENSG00000285708,bone marrow,1,3.5037330510284885e-19,1a_lymphoid
ENSG00000285733,bone marrow,1,0.004826405968248186,1a_lymphoid
ENSG00000285749,testis,1,,1b_testis_CT
ENSG00000285772,testis,1,,1b_testis_CT
ENSG00000285827,bone marrow,1,1.077504377493354e-17,1a_lymphoid
ENSG00000285837,"gallbladder, lung",2,,3_vital
ENSG00000285868,colon,1,,2_restricted
ENSG00000285880,"ovary, testis",2,,2_restricted
ENSG00000285920,,0,,4_broad
ENSG00000285938,skeletal muscle,1,,3_vital
ENSG00000285947,pituitary gland,1,,3_vital
ENSG00000285953,testis,1,,1b_testis_CT
ENSG00000285976,"liver, skeletal muscle",2,,3_vital
ENSG00000285982,"retina, testis",2,,3_vital
ENSG00000286015,cerebral cortex,1,,3_vital
ENSG00000286022,"esophagus, fallopian tube",2,,2_restricted
ENSG00000286098,,0,,4_broad
ENSG00000286112,cerebellum,1,,3_vital
ENSG00000286131,choroid plexus,1,,3_vital
ENSG00000286135,epididymis,1,,2_restricted
ENSG00000286143,skeletal muscle,1,,3_vital
ENSG00000286165,"choroid plexus, skeletal muscle",2,,3_vital
ENSG00000286185,,0,,4_broad
ENSG00000286190,"hypothalamus, pituitary gland",2,,3_vital
ENSG00000286221,"adipose tissue, appendix, skeletal muscle",3,0.0006146719758324831,3_vital
ENSG00000286224,pituitary gland,1,,3_vital
ENSG00000286235,,0,,4_broad
ENSG00000286264,,0,,4_broad
ENSG00000286268,retina,1,,3_vital
ENSG00000287585,testis,1,,1b_testis_CT
ENSG00000287856,skin,1,,2_restricted
ENSG00000288000,"cerebellum, cerebral cortex, parathyroid gland",3,,3_vital
ENSG00000288053,epididymis,1,,2_restricted
ENSG00000288520,pancreas,1,,3_vital
ENSG00000288529,,0,,4_broad
ENSG00000288570,"endometrium, stomach",2,,2_restricted
ENSG00000288608,,0,,4_broad
ENSG00000288614,,0,,4_broad
ENSG00000288623,skeletal muscle,1,,3_vital
ENSG00000288625,kidney,1,,3_vital
ENSG00000288626,"adipose tissue, skeletal muscle",2,,3_vital
ENSG00000288629,,0,,4_broad
ENSG00000288634,bone marrow,1,3.4571822911380745e-15,1a_lymphoid
ENSG00000288635,testis,1,,1b_testis_CT
ENSG00000288636,colon,1,,2_restricted
ENSG00000288637,pancreas,1,,3_vital
ENSG00000288644,"endometrium, retina",2,,3_vital
ENSG00000288645,"colon, pancreas",2,,3_vital
ENSG00000288646,skeletal muscle,1,,3_vital
ENSG00000288654,skeletal muscle,1,,3_vital
ENSG00000288658,"cerebral cortex, hippocampal formation",2,,3_vital
ENSG00000288661,blood vessel,1,,2_restricted
ENSG00000288671,"bone marrow, stomach",2,7.194361018193167e-07,1a_lymphoid
ENSG00000288678,,0,,4_broad
ENSG00000288681,colon,1,,2_restricted
ENSG00000288684,,0,,4_broad
ENSG00000288695,"skeletal muscle, spinal cord",2,,3_vital
ENTHD1,testis,1,,1b_testis_CT
ENTPD1,"blood vessel, smooth muscle",2,,2_restricted
ENTPD2,,0,,4_broad
ENTPD3,"basal ganglia, cervix, salivary gland",3,,3_vital
ENTPD4,,0,,4_broad
ENTPD5,liver,1,,3_vital
ENTPD6,basal ganglia,1,,3_vital
ENTPD7,"duodenum, small intestine",2,,2_restricted
ENTPD8,"duodenum, small intestine",2,,2_restricted
ENTR1,liver,1,,3_vital
ENTREP1,"skeletal muscle, thyroid gland",2,,3_vital
ENTREP2,"amygdala, cerebral cortex, hippocampal formation",3,,3_vital
ENTREP3,,0,,4_broad
ENY2,liver,1,,3_vital
EOGT,blood vessel,1,,2_restricted
EOLA1,adrenal gland,1,,3_vital
EOLA2,adrenal gland,1,,3_vital
EOMES,"cerebellum, lymph node, spleen",3,0.000918339976413443,3_vital
EP300,bone marrow,1,7.858274401362656e-12,1a_lymphoid
EP400,,0,,4_broad
EPAS1,"lung, placenta",2,,3_vital
EPB41,"retina, thymus",2,0.02022985052984037,3_vital
EPB41L1,adrenal gland,1,,3_vital
EPB41L2,retina,1,,3_vital
EPB41L3,,0,,4_broad
EPB41L4A,,0,,4_broad
EPB41L4B,pancreas,1,,3_vital
EPB41L5,liver,1,,3_vital
EPB42,bone marrow,1,3.6150215256795943e-60,1a_lymphoid
EPC1,bone marrow,1,1.884477306556886e-28,1a_lymphoid
EPC2,bone marrow,1,1.16967620901718e-08,1a_lymphoid
EPCAM,"colon, duodenum, rectum, small intestine",4,,2_restricted
EPDR1,skeletal muscle,1,,3_vital
EPG5,bone marrow,1,3.3187736573493167e-06,1a_lymphoid
EPGN,esophagus,1,,2_restricted
EPHA1,parathyroid gland,1,,2_restricted
EPHA10,"colon, testis",2,,2_restricted
EPHA2,esophagus,1,,2_restricted
EPHA3,prostate,1,,2_restricted
EPHA4,cerebral cortex,1,,3_vital
EPHA5,cerebral cortex,1,,3_vital
EPHA6,testis,1,,1b_testis_CT
EPHA7,parathyroid gland,1,,2_restricted
EPHA8,choroid plexus,1,,3_vital
EPHB1,"basal ganglia, cerebellum",2,,3_vital
EPHB2,"colon, duodenum, rectum, small intestine",4,,2_restricted
EPHB3,skin,1,,2_restricted
EPHB4,,0,,4_broad
EPHB6,"cerebral cortex, skin",2,,3_vital
EPHX1,"adrenal gland, liver",2,,3_vital
EPHX2,liver,1,,3_vital
EPHX3,"esophagus, skin",2,,2_restricted
EPHX4,"basal ganglia, cerebral cortex",2,,3_vital
EPM2A,"skeletal muscle, tongue",2,,3_vital
EPM2AIP1,retina,1,,3_vital
EPN1,,0,,4_broad
EPN2,,0,,4_broad
EPN3,"esophagus, stomach",2,,2_restricted
EPO,liver,1,,3_vital
EPOP,"cerebral cortex, testis",2,,3_vital
EPOR,thyroid gland,1,,2_restricted
EPPIN,epididymis,1,,2_restricted
EPPIN-WFDC6,"epididymis, testis",2,,2_restricted
EPPK1,skin,1,,2_restricted
EPRS1,salivary gland,1,,2_restricted
EPS15,,0,,4_broad
EPS15L1,skeletal muscle,1,,3_vital
EPS8,blood vessel,1,,2_restricted
EPS8L1,esophagus,1,,2_restricted
EPS8L2,esophagus,1,,2_restricted
EPS8L3,"duodenum, small intestine",2,,2_restricted
EPSTI1,,0,,4_broad
EPX,bone marrow,1,2.322839673687562e-55,1a_lymphoid
EPYC,placenta,1,,2_restricted
EQTN,testis,1,,1b_testis_CT
ERAL1,skeletal muscle,1,,3_vital
ERAP1,,0,,4_broad
ERAP2,"lymph node, thymus",2,0.008578857731839104,1a_lymphoid
ERAS,"cerebellum, hypothalamus",2,,3_vital
ERBB2,,0,,4_broad
ERBB3,,0,,4_broad
ERBB4,fallopian tube,1,,2_restricted
ERBIN,,0,,4_broad
ERC1,cerebellum,1,,3_vital
ERC2,cerebral cortex,1,,3_vital
ERCC1,heart muscle,1,,3_vital
ERCC2,testis,1,,1b_testis_CT
ERCC3,skeletal muscle,1,,3_vital
ERCC4,skeletal muscle,1,,3_vital
ERCC5,,0,,4_broad
ERCC6,parathyroid gland,1,,2_restricted
ERCC6L,"bone marrow, thymus",2,0.0015505240712438068,1a_lymphoid
ERCC6L2,thymus,1,0.029281945409375378,1a_lymphoid
ERCC8,,0,,4_broad
EREG,bone marrow,1,2.6866185532779035e-39,1a_lymphoid
ERF,,0,,4_broad
ERFE,thyroid gland,1,,2_restricted
ERFL,"lymph node, spleen",2,0.011908812613334109,1a_lymphoid
ERG,blood vessel,1,,2_restricted
ERG28,liver,1,,3_vital
ERGIC1,liver,1,,3_vital
ERGIC2,,0,,4_broad
ERGIC3,"choroid plexus, epididymis",2,,3_vital
ERH,thymus,1,0.0006280847396970019,1a_lymphoid
ERI1,"bone marrow, retina",2,0.000585919746582498,3_vital
ERI2,"parathyroid gland, testis",2,,2_restricted
ERI3,,0,,4_broad
ERICH1,bone marrow,1,0.019435468660042306,1a_lymphoid
ERICH2,testis,1,,1b_testis_CT
ERICH3,"fallopian tube, testis",2,,2_restricted
ERICH4,"duodenum, small intestine",2,,2_restricted
ERICH5,pancreas,1,,3_vital
ERICH6,testis,1,,1b_testis_CT
ERICH6B,testis,1,,1b_testis_CT
ERLEC1,epididymis,1,,2_restricted
ERLIN1,"bone marrow, liver",2,0.04628889507521831,3_vital
ERLIN2,thyroid gland,1,,2_restricted
ERMAP,bone marrow,1,1.303293995527621e-09,1a_lymphoid
ERMARD,,0,,4_broad
ERMN,spinal cord,1,,3_vital
ERMP1,parathyroid gland,1,,2_restricted
ERN1,pancreas,1,,3_vital
ERN2,stomach,1,,2_restricted
ERO1A,esophagus,1,,2_restricted
ERO1B,pancreas,1,,3_vital
ERP27,pancreas,1,,3_vital
ERP29,choroid plexus,1,,3_vital
ERP44,,0,,4_broad
ERRFI1,"liver, pancreas",2,,3_vital
ERV3-1,"adrenal gland, epididymis",2,,3_vital
ERVFRD-1,placenta,1,,2_restricted
ERVH48-1,placenta,1,,2_restricted
ERVK3-1,,0,,4_broad
ERVMER34-1,"parathyroid gland, placenta",2,,2_restricted
ERVV-1,placenta,1,,2_restricted
ERVV-2,placenta,1,,2_restricted
ERVW-1,placenta,1,,2_restricted
ESAM,,0,,4_broad
ESCO1,"bone marrow, testis",2,0.021095659488969246,1a_lymphoid
ESCO2,duodenum,1,,2_restricted
ESD,"blood vessel, liver",2,,3_vital
ESF1,spinal cord,1,,3_vital
ESM1,"kidney, thyroid gland",2,,3_vital
ESPL1,esophagus,1,,2_restricted
ESPN,"liver, testis",2,,3_vital
ESPNL,"cerebellum, small intestine",2,,3_vital
ESR1,"cervix, endometrium",2,,2_restricted
ESR2,"adrenal gland, ovary, testis",3,,3_vital
ESRP1,,0,,4_broad
ESRP2,esophagus,1,,2_restricted
ESRRA,"heart muscle, skeletal muscle",2,,3_vital
ESRRB,retina,1,,3_vital
ESRRG,"parathyroid gland, retina, stomach",3,,3_vital
ESS2,"cerebellum, testis",2,,3_vital
ESX1,testis,1,,1b_testis_CT
ESYT1,adipose tissue,1,,2_restricted
ESYT2,blood vessel,1,,2_restricted
ESYT3,skin,1,,2_restricted
ETAA1,,0,,4_broad
ETDA,testis,1,,1b_testis_CT
ETDB,testis,1,,1b_testis_CT
ETDC,skin,1,,2_restricted
ETF1,bone marrow,1,5.092748161007961e-08,1a_lymphoid
ETFA,"liver, tongue",2,,3_vital
ETFB,"heart muscle, liver",2,,3_vital
ETFBKMT,liver,1,,3_vital
ETFDH,"liver, tongue",2,,3_vital
ETFRF1,"liver, tongue",2,,3_vital
ETHE1,"colon, rectum",2,,2_restricted
ETNK1,stomach,1,,2_restricted
ETNK2,liver,1,,3_vital
ETNPPL,"amygdala, basal ganglia",2,,3_vital
ETS1,"lymph node, thymus",2,0.00048378642780299555,1a_lymphoid
ETS2,skin,1,,2_restricted
ETV1,"cerebellum, salivary gland",2,,3_vital
ETV2,testis,1,,1b_testis_CT
ETV3,skin,1,,2_restricted
ETV3L,choroid plexus,1,,3_vital
ETV4,pituitary gland,1,,3_vital
ETV5,"cerebral cortex, parathyroid gland",2,,3_vital
ETV6,bone marrow,1,0.0013258973470383663,1a_lymphoid
ETV7,"duodenum, skin",2,,2_restricted
EVA1A,liver,1,,3_vital
EVA1B,choroid plexus,1,,3_vital
EVA1C,,0,,4_broad
EVC,"kidney, ovary",2,,3_vital
EVC2,ovary,1,,2_restricted
EVI2A,spinal cord,1,,3_vital
EVI2B,"bone marrow, tonsil",2,0.005323211994434068,1a_lymphoid
EVI5,"liver, placenta",2,,3_vital
EVI5L,,0,,4_broad
EVL,,0,,4_broad
EVPL,esophagus,1,,2_restricted
EVPLL,esophagus,1,,2_restricted
EVX1,"prostate, vagina",2,,2_restricted
EVX2,testis,1,,1b_testis_CT
EWSR1,"bone marrow, thymus",2,0.001950248036564031,1a_lymphoid
EXD1,testis,1,,1b_testis_CT
EXD2,,0,,4_broad
EXD3,,0,,4_broad
EXO1,"bone marrow, thymus",2,6.177924550751491e-08,1a_lymphoid
EXO5,"thymus, tonsil",2,0.009638212303314337,1a_lymphoid
EXOC1,"esophagus, skin",2,,2_restricted
EXOC1L,basal ganglia,1,,3_vital
EXOC2,thymus,1,0.03796008243273188,1a_lymphoid
EXOC3,skeletal muscle,1,,3_vital
EXOC3L1,spleen,1,8.031266389002076e-23,1a_lymphoid
EXOC3L2,"kidney, thyroid gland",2,,3_vital
EXOC3L4,"duodenum, liver",2,,3_vital
EXOC4,"retina, skeletal muscle",2,,3_vital
EXOC5,testis,1,,1b_testis_CT
EXOC6,retina,1,,3_vital
EXOC6B,heart muscle,1,,3_vital
EXOC7,,0,,4_broad
EXOC8,"bone marrow, skeletal muscle",2,0.00032241095197264153,3_vital
EXOG,heart muscle,1,,3_vital
EXOSC1,epididymis,1,,2_restricted
EXOSC10,cerebellum,1,,3_vital
EXOSC2,,0,,4_broad
EXOSC3,testis,1,,1b_testis_CT
EXOSC4,testis,1,,1b_testis_CT
EXOSC5,skeletal muscle,1,,3_vital
EXOSC6,cerebellum,1,,3_vital
EXOSC7,skin,1,,2_restricted
EXOSC8,thymus,1,0.043399077355814435,1a_lymphoid
EXOSC9,"bone marrow, testis",2,0.007403415662347056,1a_lymphoid
EXPH5,"cerebellum, skin",2,,3_vital
EXT1,blood vessel,1,,2_restricted
EXT2,placenta,1,,2_restricted
EXTL1,"cerebral cortex, tongue",2,,3_vital
EXTL2,,0,,4_broad
EXTL3,heart muscle,1,,3_vital
EYA1,parathyroid gland,1,,2_restricted
EYA2,cervix,1,,2_restricted
EYA3,tonsil,1,0.006390857988321504,1a_lymphoid
EYA4,"skeletal muscle, tongue",2,,3_vital
EYS,retina,1,,3_vital
EZH1,retina,1,,3_vital
EZH2,thymus,1,8.897017914744824e-05,1a_lymphoid
EZHIP,testis,1,,1b_testis_CT
EZR,"choroid plexus, parathyroid gland",2,,3_vital
F10,liver,1,,3_vital
F11,liver,1,,3_vital
F11R,esophagus,1,,2_restricted
F12,liver,1,,3_vital
F13A1,placenta,1,,2_restricted
F13B,liver,1,,3_vital
F2,liver,1,,3_vital
F2R,spleen,1,0.00029466318375016777,1a_lymphoid
F2RL1,colon,1,,2_restricted
F2RL2,gallbladder,1,,2_restricted
F2RL3,lung,1,,3_vital
F3,,0,,4_broad
F5,liver,1,,3_vital
F7,liver,1,,3_vital
F8,heart muscle,1,,3_vital
F8A3,parathyroid gland,1,,2_restricted
F9,liver,1,,3_vital
FA2H,spinal cord,1,,3_vital
FAAH,,0,,4_broad
FAAH2,pancreas,1,,3_vital
FAAP100,cerebellum,1,,3_vital
FAAP20,,0,,4_broad
FAAP24,"prostate, testis",2,,2_restricted
FABP1,liver,1,,3_vital
FABP12,retina,1,,3_vital
FABP2,"duodenum, small intestine",2,,2_restricted
FABP3,"heart muscle, tongue",2,,3_vital
FABP4,"adipose tissue, breast",2,,2_restricted
FABP5,"esophagus, vagina",2,,2_restricted
FABP6,small intestine,1,,2_restricted
FABP7,cerebellum,1,,3_vital
FABP9,skin,1,,2_restricted
FADD,,0,,4_broad
FADS1,choroid plexus,1,,3_vital
FADS2,adrenal gland,1,,3_vital
FADS3,blood vessel,1,,2_restricted
FADS6,"epididymis, small intestine",2,,2_restricted
FAF1,skeletal muscle,1,,3_vital
FAF2,,0,,4_broad
FAH,liver,1,,3_vital
FAHD1,"kidney, liver",2,,3_vital
FAHD2A,"liver, salivary gland",2,,3_vital
FAHD2B,,0,,4_broad
FAIM,retina,1,,3_vital
FAIM2,cerebral cortex,1,,3_vital
FAM102A,stomach,1,,2_restricted
FAM102B,bone marrow,1,0.017527446394228707,1a_lymphoid
FAM104A,testis,1,,1b_testis_CT
FAM104B,"epididymis, fallopian tube",2,,2_restricted
FAM107A,"amygdala, cerebral cortex",2,,3_vital
FAM107B,,0,,4_broad
FAM110A,skin,1,,2_restricted
FAM110B,spleen,1,0.00011717992725127736,1a_lymphoid
FAM110C,esophagus,1,,2_restricted
FAM110D,adipose tissue,1,,2_restricted
FAM111A,,0,,4_broad
FAM111B,"thymus, tonsil",2,2.9706953100230486e-05,1a_lymphoid
FAM114A1,,0,,4_broad
FAM114A2,testis,1,,1b_testis_CT
FAM117A,"bone marrow, choroid plexus",2,2.290796509656508e-05,3_vital
FAM117B,thymus,1,0.037324625703852574,1a_lymphoid
FAM118A,epididymis,1,,2_restricted
FAM118B,choroid plexus,1,,3_vital
FAM120A,,0,,4_broad
FAM120AOS,,0,,4_broad
FAM120B,,0,,4_broad
FAM120C,,0,,4_broad
FAM124A,"retina, spinal cord",2,,3_vital
FAM124B,placenta,1,,2_restricted
FAM131A,"cerebral cortex, hippocampal formation",2,,3_vital
FAM131B,"cerebellum, cerebral cortex",2,,3_vital
FAM131C,"cerebellum, spinal cord",2,,3_vital
FAM133A,testis,1,,1b_testis_CT
FAM133B,bone marrow,1,1.6508738373529167e-08,1a_lymphoid
FAM135A,esophagus,1,,2_restricted
FAM135B,"cerebellum, retina",2,,3_vital
FAM136A,,0,,4_broad
FAM13A,,0,,4_broad
FAM13B,,0,,4_broad
FAM13C,spinal cord,1,,3_vital
FAM149A,liver,1,,3_vital
FAM149B1,,0,,4_broad
FAM151A,kidney,1,,3_vital
FAM151B,bone marrow,1,2.647836168808606e-15,1a_lymphoid
FAM153A,testis,1,,1b_testis_CT
FAM156A,,0,,4_broad
FAM156B,"pituitary gland, skin",2,,3_vital
FAM161A,retina,1,,3_vital
FAM161B,testis,1,,1b_testis_CT
FAM162A,,0,,4_broad
FAM162B,placenta,1,,2_restricted
FAM163A,pituitary gland,1,,3_vital
FAM163B,cerebral cortex,1,,3_vital
FAM166A,testis,1,,1b_testis_CT
FAM166B,"adrenal gland, skeletal muscle",2,,3_vital
FAM166C,testis,1,,1b_testis_CT
FAM167A,thyroid gland,1,,2_restricted
FAM167B,kidney,1,,3_vital
FAM168A,cerebral cortex,1,,3_vital
FAM168B,,0,,4_broad
FAM169A,retina,1,,3_vital
FAM170A,testis,1,,1b_testis_CT
FAM170B,testis,1,,1b_testis_CT
FAM171A1,"basal ganglia, spinal cord",2,,3_vital
FAM171A2,"cerebellum, cerebral cortex",2,,3_vital
FAM171B,cerebral cortex,1,,3_vital
FAM172A,,0,,4_broad
FAM174A,,0,,4_broad
FAM174B,pancreas,1,,3_vital
FAM174C,liver,1,,3_vital
FAM177A1,,0,,4_broad
FAM177B,stomach,1,,2_restricted
FAM178B,"bone marrow, spinal cord",2,0.0006292430703090352,3_vital
FAM180A,blood vessel,1,,2_restricted
FAM180B,choroid plexus,1,,3_vital
FAM181A,testis,1,,1b_testis_CT
FAM181B,,0,,4_broad
FAM183A,"choroid plexus, fallopian tube",2,,3_vital
FAM184A,,0,,4_broad
FAM184B,skeletal muscle,1,,3_vital
FAM185A,skeletal muscle,1,,3_vital
FAM186A,testis,1,,1b_testis_CT
FAM186B,testis,1,,1b_testis_CT
FAM187A,choroid plexus,1,,3_vital
FAM187B,testis,1,,1b_testis_CT
FAM193A,testis,1,,1b_testis_CT
FAM193B,,0,,4_broad
FAM199X,epididymis,1,,2_restricted
FAM200A,ovary,1,,2_restricted
FAM200B,,0,,4_broad
FAM204A,"bone marrow, testis",2,0.0007117797847143836,1a_lymphoid
FAM205A,testis,1,,1b_testis_CT
FAM205C,testis,1,,1b_testis_CT
FAM209A,testis,1,,1b_testis_CT
FAM209B,testis,1,,1b_testis_CT
FAM20A,liver,1,,3_vital
FAM20B,,0,,4_broad
FAM20C,,0,,4_broad
FAM210A,"skeletal muscle, tongue",2,,3_vital
FAM210B,,0,,4_broad
FAM216A,testis,1,,1b_testis_CT
FAM216B,fallopian tube,1,,2_restricted
FAM217A,testis,1,,1b_testis_CT
FAM217B,cerebral cortex,1,,3_vital
FAM219A,,0,,4_broad
FAM219B,,0,,4_broad
FAM220A,"skeletal muscle, testis",2,,3_vital
FAM221A,spinal cord,1,,3_vital
FAM221B,testis,1,,1b_testis_CT
FAM222A,spinal cord,1,,3_vital
FAM222B,"skeletal muscle, testis",2,,3_vital
FAM227A,"choroid plexus, testis",2,,3_vital
FAM227B,,0,,4_broad
FAM228A,testis,1,,1b_testis_CT
FAM228B,,0,,4_broad
FAM229A,testis,1,,1b_testis_CT
FAM229B,testis,1,,1b_testis_CT
FAM234A,skeletal muscle,1,,3_vital
FAM234B,"cerebellum, cerebral cortex",2,,3_vital
FAM236A,testis,1,,1b_testis_CT
FAM236B,testis,1,,1b_testis_CT
FAM236C,testis,1,,1b_testis_CT
FAM236D,testis,1,,1b_testis_CT
FAM237A,basal ganglia,1,,3_vital
FAM237B,"prostate, retina",2,,3_vital
FAM240A,"breast, salivary gland",2,,2_restricted
FAM240B,"bone marrow, pancreas",2,0.03814876987917981,3_vital
FAM240C,tongue,1,,2_restricted
FAM241A,adipose tissue,1,,2_restricted
FAM241B,cerebellum,1,,3_vital
FAM246A,testis,1,,1b_testis_CT
FAM246B,,0,,4_broad
FAM24A,testis,1,,1b_testis_CT
FAM24B,kidney,1,,3_vital
FAM25A,esophagus,1,,2_restricted
FAM25C,"esophagus, skin",2,,2_restricted
FAM25G,"esophagus, skin",2,,2_restricted
FAM32A,,0,,4_broad
FAM3A,,0,,4_broad
FAM3B,pancreas,1,,3_vital
FAM3C,"duodenum, small intestine",2,,2_restricted
FAM3D,"rectum, salivary gland",2,,2_restricted
FAM43A,spleen,1,9.410616422388853e-05,1a_lymphoid
FAM43B,adrenal gland,1,,3_vital
FAM47A,testis,1,,1b_testis_CT
FAM47B,testis,1,,1b_testis_CT
FAM47C,testis,1,,1b_testis_CT
FAM47E,fallopian tube,1,,2_restricted
FAM47E-STBD1,choroid plexus,1,,3_vital
FAM50A,skeletal muscle,1,,3_vital
FAM50B,skeletal muscle,1,,3_vital
FAM53A,testis,1,,1b_testis_CT
FAM53B,skeletal muscle,1,,3_vital
FAM53C,"bone marrow, testis",2,2.724932836386274e-06,1a_lymphoid
FAM72A,lymph node,1,0.010393225388580604,1a_lymphoid
FAM72B,"lymph node, thymus",2,7.971011513291636e-05,1a_lymphoid
FAM72C,"lymph node, thymus, tonsil",3,0.0003127151229683663,1a_lymphoid
FAM72D,thymus,1,0.00013928350025030922,1a_lymphoid
FAM76A,skeletal muscle,1,,3_vital
FAM76B,bone marrow,1,2.3873303395625366e-09,1a_lymphoid
FAM78A,skeletal muscle,1,,3_vital
FAM78B,,0,,4_broad
FAM81A,cerebral cortex,1,,3_vital
FAM81B,"choroid plexus, testis",2,,3_vital
FAM83A,esophagus,1,,2_restricted
FAM83B,skin,1,,2_restricted
FAM83C,"esophagus, skin",2,,2_restricted
FAM83D,"colon, esophagus, smooth muscle",3,,2_restricted
FAM83E,stomach,1,,2_restricted
FAM83F,testis,1,,1b_testis_CT
FAM83G,"esophagus, skin",2,,2_restricted
FAM83H,esophagus,1,,2_restricted
FAM86B1,basal ganglia,1,,3_vital
FAM86B2,,0,,4_broad
FAM89A,"adipose tissue, placenta",2,,2_restricted
FAM89B,skeletal muscle,1,,3_vital
FAM8A1,liver,1,,3_vital
FAM90A1,cerebral cortex,1,,3_vital
FAM90A10,testis,1,,1b_testis_CT
FAM90A14,,0,,4_broad
FAM90A16,,0,,4_broad
FAM90A17,,0,,4_broad
FAM90A18,,0,,4_broad
FAM90A19,,0,,4_broad
FAM90A22,,0,,4_broad
FAM90A23,,0,,4_broad
FAM90A26,cerebral cortex,1,,3_vital
FAM90A7,,0,,4_broad
FAM90A8,,0,,4_broad
FAM90A9,,0,,4_broad
FAM91A1,bone marrow,1,7.6278505991305e-07,1a_lymphoid
FAM98A,,0,,4_broad
FAM98B,thymus,1,5.4301072421040804e-05,1a_lymphoid
FAM98C,,0,,4_broad
FAM9A,testis,1,,1b_testis_CT
FAM9B,"liver, testis",2,,3_vital
FAM9C,spleen,1,1.1102715093091229e-44,1a_lymphoid
FAN1,,0,,4_broad
FANCA,testis,1,,1b_testis_CT
FANCB,"bone marrow, thymus",2,5.602589199914173e-06,1a_lymphoid
FANCC,liver,1,,3_vital
FANCD2,bone marrow,1,0.004385716648482717,1a_lymphoid
FANCD2OS,testis,1,,1b_testis_CT
FANCE,skin,1,,2_restricted
FANCF,,0,,4_broad
FANCG,,0,,4_broad
FANCI,thymus,1,0.0001667443125119845,1a_lymphoid
FANCL,pituitary gland,1,,3_vital
FANCM,testis,1,,1b_testis_CT
FANK1,"choroid plexus, testis",2,,3_vital
FAP,endometrium,1,,2_restricted
FAR1,"bone marrow, spinal cord",2,0.0051475109398827325,3_vital
FAR2,"colon, rectum",2,,2_restricted
FARP1,"kidney, liver",2,,3_vital
FARP2,testis,1,,1b_testis_CT
FARS2,choroid plexus,1,,3_vital
FARSA,"cerebral cortex, skeletal muscle",2,,3_vital
FARSB,skeletal muscle,1,,3_vital
FAS,,0,,4_broad
FASLG,"lymph node, spleen",2,7.1428959814009595e-06,1a_lymphoid
FASN,"adipose tissue, breast",2,,2_restricted
FASTK,"skeletal muscle, tongue",2,,3_vital
FASTKD1,heart muscle,1,,3_vital
FASTKD2,tongue,1,,2_restricted
FASTKD3,kidney,1,,3_vital
FASTKD5,"bone marrow, skeletal muscle",2,0.0015809454969694522,3_vital
FAT1,choroid plexus,1,,3_vital
FAT2,cerebellum,1,,3_vital
FAT3,basal ganglia,1,,3_vital
FAT4,blood vessel,1,,2_restricted
FATE1,testis,1,,1b_testis_CT
FAU,,0,,4_broad
FAXC,,0,,4_broad
FAXDC2,parathyroid gland,1,,2_restricted
FBF1,testis,1,,1b_testis_CT
FBH1,,0,,4_broad
FBL,ovary,1,,2_restricted
FBLIM1,blood vessel,1,,2_restricted
FBLL1,"cerebral cortex, hypothalamus",2,,3_vital
FBLN1,choroid plexus,1,,3_vital
FBLN2,heart muscle,1,,3_vital
FBLN5,blood vessel,1,,2_restricted
FBLN7,,0,,4_broad
FBN1,"adipose tissue, placenta",2,,2_restricted
FBN2,placenta,1,,2_restricted
FBN3,salivary gland,1,,2_restricted
FBP1,liver,1,,3_vital
FBP2,"skeletal muscle, tongue",2,,3_vital
FBRS,testis,1,,1b_testis_CT
FBRSL1,cerebellum,1,,3_vital
FBXL12,thymus,1,0.00031054971418905075,1a_lymphoid
FBXL13,"stomach, testis",2,,2_restricted
FBXL14,testis,1,,1b_testis_CT
FBXL15,,0,,4_broad
FBXL16,"basal ganglia, cerebral cortex",2,,3_vital
FBXL17,"skeletal muscle, tongue",2,,3_vital
FBXL18,cerebral cortex,1,,3_vital
FBXL19,"cerebral cortex, testis",2,,3_vital
FBXL2,choroid plexus,1,,3_vital
FBXL20,testis,1,,1b_testis_CT
FBXL22,"colon, endometrium",2,,2_restricted
FBXL3,bone marrow,1,0.0016349384280230674,1a_lymphoid
FBXL4,liver,1,,3_vital
FBXL5,"bone marrow, kidney",2,0.020229981194633196,3_vital
FBXL6,liver,1,,3_vital
FBXL7,,0,,4_broad
FBXL8,pancreas,1,,3_vital
FBXO10,skeletal muscle,1,,3_vital
FBXO11,,0,,4_broad
FBXO15,testis,1,,1b_testis_CT
FBXO16,"epididymis, pituitary gland",2,,3_vital
FBXO17,liver,1,,3_vital
FBXO2,amygdala,1,,3_vital
FBXO21,"epididymis, fallopian tube",2,,2_restricted
FBXO22,"liver, retina",2,,3_vital
FBXO24,testis,1,,1b_testis_CT
FBXO25,testis,1,,1b_testis_CT
FBXO27,skin,1,,2_restricted
FBXO28,skin,1,,2_restricted
FBXO3,"skeletal muscle, tongue",2,,3_vital
FBXO30,skeletal muscle,1,,3_vital
FBXO31,"cerebellum, skeletal muscle",2,,3_vital
FBXO32,skeletal muscle,1,,3_vital
FBXO33,bone marrow,1,9.883316927169733e-21,1a_lymphoid
FBXO34,tongue,1,,2_restricted
FBXO36,fallopian tube,1,,2_restricted
FBXO38,,0,,4_broad
FBXO39,testis,1,,1b_testis_CT
FBXO4,epididymis,1,,2_restricted
FBXO40,"skeletal muscle, tongue",2,,3_vital
FBXO41,cerebral cortex,1,,3_vital
FBXO42,blood vessel,1,,2_restricted
FBXO43,testis,1,,1b_testis_CT
FBXO44,cerebellum,1,,3_vital
FBXO45,,0,,4_broad
FBXO46,esophagus,1,,2_restricted
FBXO47,testis,1,,1b_testis_CT
FBXO48,"retina, skeletal muscle",2,,3_vital
FBXO5,"bone marrow, thymus",2,1.3104154926396885e-10,1a_lymphoid
FBXO6,,0,,4_broad
FBXO7,bone marrow,1,2.2830510319084936e-09,1a_lymphoid
FBXO8,liver,1,,3_vital
FBXO9,"adrenal gland, bone marrow",2,0.024393780214440348,3_vital
FBXW10,testis,1,,1b_testis_CT
FBXW10B,"esophagus, testis",2,,2_restricted
FBXW11,,0,,4_broad
FBXW12,pancreas,1,,3_vital
FBXW2,,0,,4_broad
FBXW4,"midbrain, spinal cord",2,,3_vital
FBXW5,"skeletal muscle, testis",2,,3_vital
FBXW7,"cerebral cortex, skin",2,,3_vital
FBXW8,,0,,4_broad
FBXW9,choroid plexus,1,,3_vital
FCAMR,"kidney, lymph node, tonsil",3,0.01157687093079348,3_vital
FCAR,"bone marrow, spleen",2,2.1406053406881705e-10,1a_lymphoid
FCER1A,skin,1,,2_restricted
FCER1G,"bone marrow, spleen",2,0.00412081038592558,1a_lymphoid
FCER2,"lymph node, spleen, tonsil",3,0.0005269072868162673,1a_lymphoid
FCF1,,0,,4_broad
FCGBP,"colon, small intestine",2,,2_restricted
FCGR1A,epididymis,1,,2_restricted
FCGR2A,"appendix, placenta",2,0.016243668305777774,1a_lymphoid
FCGR2B,placenta,1,,2_restricted
FCGR3A,"lung, spleen",2,6.745037935089635e-08,3_vital
FCGR3B,"appendix, spleen",2,2.6982345532798315e-06,1a_lymphoid
FCGRT,liver,1,,3_vital
FCHO1,,0,,4_broad
FCHO2,esophagus,1,,2_restricted
FCHSD1,parathyroid gland,1,,2_restricted
FCHSD2,,0,,4_broad
FCMR,"lymph node, tonsil",2,6.940921692400395e-05,1a_lymphoid
FCN1,bone marrow,1,8.853630737605013e-24,1a_lymphoid
FCN2,liver,1,,3_vital
FCN3,lung,1,,3_vital
FCRL1,"lymph node, tonsil",2,2.5803956866665946e-05,1a_lymphoid
FCRL2,"spleen, tonsil",2,3.5038882082620236e-05,1a_lymphoid
FCRL3,"lymph node, tonsil",2,4.5733272539667725e-07,1a_lymphoid
FCRL4,tonsil,1,6.400982833617186e-18,1a_lymphoid
FCRL5,"lymph node, tonsil",2,7.127204003068368e-08,1a_lymphoid
FCRL6,spleen,1,8.990959314594156e-08,1a_lymphoid
FCRLA,"lymph node, tonsil",2,9.453028262367841e-09,1a_lymphoid
FCRLB,tonsil,1,1.4188649492118176e-07,1a_lymphoid
FCSK,,0,,4_broad
FDCSP,salivary gland,1,,2_restricted
FDFT1,,0,,4_broad
FDPS,liver,1,,3_vital
FDX1,adrenal gland,1,,3_vital
FDX2,cerebral cortex,1,,3_vital
FDXACB1,,0,,4_broad
FDXR,adrenal gland,1,,3_vital
FECH,bone marrow,1,2.192128102484508e-23,1a_lymphoid
FEM1A,skeletal muscle,1,,3_vital
FEM1B,"bone marrow, testis",2,0.005882281105323567,1a_lymphoid
FEM1C,bone marrow,1,1.0098296709617253e-15,1a_lymphoid
FEN1,"bone marrow, thymus",2,0.0027533539253830723,1a_lymphoid
FER,parathyroid gland,1,,2_restricted
FER1L5,testis,1,,1b_testis_CT
FER1L6,stomach,1,,2_restricted
FERD3L,cerebral cortex,1,,3_vital
FERMT1,rectum,1,,2_restricted
FERMT2,,0,,4_broad
FERMT3,"bone marrow, spleen",2,2.313564134050272e-06,1a_lymphoid
FES,"bone marrow, spleen",2,2.0866087388259913e-07,1a_lymphoid
FETUB,liver,1,,3_vital
FEV,duodenum,1,,2_restricted
FEZ1,spinal cord,1,,3_vital
FEZ2,skeletal muscle,1,,3_vital
FEZF1,hypothalamus,1,,3_vital
FEZF2,"cerebral cortex, hippocampal formation",2,,3_vital
FFAR1,"bone marrow, ovary, pancreas",3,0.0023982824311992506,3_vital
FFAR2,"appendix, bone marrow, spleen",3,0.00018135569475719864,1a_lymphoid
FFAR3,adipose tissue,1,,2_restricted
FFAR4,"colon, pituitary gland, rectum",3,,3_vital
FGA,liver,1,,3_vital
FGB,liver,1,,3_vital
FGD1,,0,,4_broad
FGD2,spleen,1,6.984425075055335e-11,1a_lymphoid
FGD3,"bone marrow, spleen",2,0.0036220069222322395,1a_lymphoid
FGD4,"retina, stomach",2,,3_vital
FGD5,spleen,1,0.013821863600958705,1a_lymphoid
FGD6,tonsil,1,0.0009665165590028545,1a_lymphoid
FGF1,"midbrain, spinal cord",2,,3_vital
FGF10,,0,,4_broad
FGF11,adrenal gland,1,,3_vital
FGF12,heart muscle,1,,3_vital
FGF13,hippocampal formation,1,,3_vital
FGF14,cerebellum,1,,3_vital
FGF16,choroid plexus,1,,3_vital
FGF17,cerebellum,1,,3_vital
FGF18,heart muscle,1,,3_vital
FGF19,gallbladder,1,,2_restricted
FGF2,adipose tissue,1,,2_restricted
FGF20,cerebellum,1,,3_vital
FGF21,liver,1,,3_vital
FGF22,skin,1,,2_restricted
FGF23,"heart muscle, liver",2,,3_vital
FGF3,cerebellum,1,,3_vital
FGF4,testis,1,,1b_testis_CT
FGF5,"cerebellum, gallbladder",2,,3_vital
FGF6,"skeletal muscle, tongue",2,,3_vital
FGF7,,0,,4_broad
FGF8,skeletal muscle,1,,3_vital
FGF9,"cerebellum, kidney",2,,3_vital
FGFBP1,esophagus,1,,2_restricted
FGFBP2,bone marrow,1,5.5835312347824865e-08,1a_lymphoid
FGFBP3,cerebral cortex,1,,3_vital
FGFR1,,0,,4_broad
FGFR1OP2,bone marrow,1,0.00032984620166504145,1a_lymphoid
FGFR2,spinal cord,1,,3_vital
FGFR3,skin,1,,2_restricted
FGFR4,"liver, lung",2,,3_vital
FGFRL1,pancreas,1,,3_vital
FGG,liver,1,,3_vital
FGGY,liver,1,,3_vital
FGL1,liver,1,,3_vital
FGL2,"blood vessel, spleen",2,0.000888272712503772,1a_lymphoid
FGR,"bone marrow, spleen",2,1.1962218432718223e-08,1a_lymphoid
FH,"liver, skeletal muscle, tongue",3,,3_vital
FHAD1,"choroid plexus, fallopian tube, testis",3,,3_vital
FHDC1,"parathyroid gland, thyroid gland",2,,2_restricted
FHIP1A,skeletal muscle,1,,3_vital
FHIP1B,bone marrow,1,0.016253856486523013,1a_lymphoid
FHIP2A,bone marrow,1,4.478834087617798e-13,1a_lymphoid
FHIP2B,,0,,4_broad
FHIT,choroid plexus,1,,3_vital
FHL1,"skeletal muscle, tongue",2,,3_vital
FHL2,heart muscle,1,,3_vital
FHL3,"skeletal muscle, tongue",2,,3_vital
FHL5,blood vessel,1,,2_restricted
FHOD1,"skeletal muscle, spleen",2,0.00040281283236852795,3_vital
FHOD3,heart muscle,1,,3_vital
FIBCD1,hippocampal formation,1,,3_vital
FIBIN,blood vessel,1,,2_restricted
FIBP,cerebral cortex,1,,3_vital
FICD,pancreas,1,,3_vital
FIG4,parathyroid gland,1,,2_restricted
FIGLA,ovary,1,,2_restricted
FIGN,blood vessel,1,,2_restricted
FIGNL1,,0,,4_broad
FIGNL2,kidney,1,,3_vital
FILIP1,"heart muscle, tongue",2,,3_vital
FILIP1L,blood vessel,1,,2_restricted
FIP1L1,testis,1,,1b_testis_CT
FIS1,spinal cord,1,,3_vital
FITM1,"heart muscle, skeletal muscle",2,,3_vital
FITM2,heart muscle,1,,3_vital
FIZ1,,0,,4_broad
FJX1,basal ganglia,1,,3_vital
FKBP10,blood vessel,1,,2_restricted
FKBP11,pancreas,1,,3_vital
FKBP14,smooth muscle,1,,2_restricted
FKBP15,salivary gland,1,,2_restricted
FKBP1A,basal ganglia,1,,3_vital
FKBP1B,"basal ganglia, hippocampal formation",2,,3_vital
FKBP1C,basal ganglia,1,,3_vital
FKBP2,"choroid plexus, epididymis",2,,3_vital
FKBP3,"skeletal muscle, tongue",2,,3_vital
FKBP4,cerebellum,1,,3_vital
FKBP5,"skeletal muscle, tongue",2,,3_vital
FKBP6,testis,1,,1b_testis_CT
FKBP7,ovary,1,,2_restricted
FKBP8,,0,,4_broad
FKBP9,,0,,4_broad
FKBPL,"esophagus, skin",2,,2_restricted
FKRP,,0,,4_broad
FKTN,retina,1,,3_vital
FLACC1,testis,1,,1b_testis_CT
FLAD1,,0,,4_broad
FLCN,cerebellum,1,,3_vital
FLG,skin,1,,2_restricted
FLG2,skin,1,,2_restricted
FLI1,spleen,1,5.3999029404749846e-06,1a_lymphoid
FLII,skeletal muscle,1,,3_vital
FLNA,blood vessel,1,,2_restricted
FLNB,,0,,4_broad
FLNC,skeletal muscle,1,,3_vital
FLOT1,,0,,4_broad
FLOT2,,0,,4_broad
FLRT1,cerebral cortex,1,,3_vital
FLRT2,ovary,1,,2_restricted
FLRT3,kidney,1,,3_vital
FLT1,placenta,1,,2_restricted
FLT3,cerebellum,1,,3_vital
FLT3LG,,0,,4_broad
FLT4,thyroid gland,1,,2_restricted
FLVCR1,small intestine,1,,2_restricted
FLVCR2,choroid plexus,1,,3_vital
FLYWCH1,,0,,4_broad
FLYWCH2,,0,,4_broad
FMC1,"heart muscle, skeletal muscle, tongue",3,,3_vital
FMC1-LUC7L2,skeletal muscle,1,,3_vital
FMN1,retina,1,,3_vital
FMN2,cerebral cortex,1,,3_vital
FMNL1,bone marrow,1,6.70421394011492e-15,1a_lymphoid
FMNL2,spinal cord,1,,3_vital
FMNL3,tonsil,1,0.01601135154807889,1a_lymphoid
FMO1,kidney,1,,3_vital
FMO2,"blood vessel, lung",2,,3_vital
FMO3,liver,1,,3_vital
FMO4,"kidney, liver",2,,3_vital
FMO5,liver,1,,3_vital
FMOD,blood vessel,1,,2_restricted
FMR1,,0,,4_broad
FMR1NB,testis,1,,1b_testis_CT
FN1,"blood vessel, placenta",2,,2_restricted
FN3K,,0,,4_broad
FN3KRP,spinal cord,1,,3_vital
FNBP1,thymus,1,0.00021104774793320976,1a_lymphoid
FNBP1L,salivary gland,1,,2_restricted
FNBP4,,0,,4_broad
FNDC1,thyroid gland,1,,2_restricted
FNDC10,hypothalamus,1,,3_vital
FNDC11,testis,1,,1b_testis_CT
FNDC3A,liver,1,,3_vital
FNDC3B,placenta,1,,2_restricted
FNDC4,"adrenal gland, liver",2,,3_vital
FNDC5,"skeletal muscle, tongue",2,,3_vital
FNDC7,testis,1,,1b_testis_CT
FNDC8,testis,1,,1b_testis_CT
FNDC9,"basal ganglia, hypothalamus",2,,3_vital
FNIP1,bone marrow,1,0.030802297365346794,1a_lymphoid
FNIP2,"kidney, liver",2,,3_vital
FNTA,spinal cord,1,,3_vital
FNTB,spinal cord,1,,3_vital
FOCAD,choroid plexus,1,,3_vital
FOLH1,duodenum,1,,2_restricted
FOLR1,choroid plexus,1,,3_vital
FOLR2,placenta,1,,2_restricted
FOLR3,bone marrow,1,3.708838351379153e-22,1a_lymphoid
FOS,bone marrow,1,0.001143840786140449,1a_lymphoid
FOSB,bone marrow,1,0.03685967023828423,1a_lymphoid
FOSL1,urinary bladder,1,,2_restricted
FOSL2,bone marrow,1,0.006436204991977848,1a_lymphoid
FOXA1,prostate,1,,2_restricted
FOXA2,"liver, pancreas, stomach",3,,3_vital
FOXA3,"liver, pancreas",2,,3_vital
FOXB1,"hypothalamus, midbrain",2,,3_vital
FOXB2,hypothalamus,1,,3_vital
FOXC1,"blood vessel, salivary gland",2,,2_restricted
FOXC2,blood vessel,1,,2_restricted
FOXD1,,0,,4_broad
FOXD2,"blood vessel, colon, rectum",3,,2_restricted
FOXD3,colon,1,,2_restricted
FOXD4,cerebellum,1,,3_vital
FOXD4L1,"cerebellum, testis",2,,3_vital
FOXD4L3,"cerebral cortex, hippocampal formation",2,,3_vital
FOXD4L4,cerebellum,1,,3_vital
FOXD4L5,retina,1,,3_vital
FOXD4L6,"cerebellum, cerebral cortex, hippocampal formation",3,,3_vital
FOXE1,thyroid gland,1,,2_restricted
FOXE3,"basal ganglia, testis",2,,3_vital
FOXF1,"colon, urinary bladder",2,,2_restricted
FOXF2,colon,1,,2_restricted
FOXG1,"basal ganglia, cerebral cortex",2,,3_vital
FOXH1,basal ganglia,1,,3_vital
FOXI1,kidney,1,,3_vital
FOXI2,kidney,1,,3_vital
FOXI3,placenta,1,,2_restricted
FOXJ1,"choroid plexus, fallopian tube",2,,3_vital
FOXJ2,skeletal muscle,1,,3_vital
FOXJ3,skeletal muscle,1,,3_vital
FOXK1,,0,,4_broad
FOXK2,skeletal muscle,1,,3_vital
FOXL1,blood vessel,1,,2_restricted
FOXL2,ovary,1,,2_restricted
FOXL2NB,ovary,1,,2_restricted
FOXL3,testis,1,,1b_testis_CT
FOXM1,"bone marrow, thymus",2,0.00035673142998211713,1a_lymphoid
FOXN1,skin,1,,2_restricted
FOXN2,bone marrow,1,1.450495741505663e-11,1a_lymphoid
FOXN3,"bone marrow, skeletal muscle",2,0.015944435117535224,3_vital
FOXN4,testis,1,,1b_testis_CT
FOXO1,skeletal muscle,1,,3_vital
FOXO3,"pancreas, skeletal muscle",2,,3_vital
FOXO3B,"endometrium, ovary",2,,2_restricted
FOXO4,placenta,1,,2_restricted
FOXO6,"ovary, pancreas, thymus",3,0.014058898558967003,3_vital
FOXP1,bone marrow,1,0.025219605797747593,1a_lymphoid
FOXP2,colon,1,,2_restricted
FOXP3,"appendix, thymus",2,0.009806841735838396,1a_lymphoid
FOXP4,stomach,1,,2_restricted
FOXQ1,stomach,1,,2_restricted
FOXR1,testis,1,,1b_testis_CT
FOXR2,testis,1,,1b_testis_CT
FOXRED1,"choroid plexus, liver, tongue",3,,3_vital
FOXRED2,cerebral cortex,1,,3_vital
FOXS1,blood vessel,1,,2_restricted
FPGS,liver,1,,3_vital
FPGT,thyroid gland,1,,2_restricted
FPGT-TNNI3K,heart muscle,1,,3_vital
FPR1,"appendix, bone marrow, spleen",3,0.0009031028909254709,1a_lymphoid
FPR2,appendix,1,1.229625280475727e-13,1a_lymphoid
FPR3,lung,1,,3_vital
FRA10AC1,,0,,4_broad
FRAS1,thyroid gland,1,,2_restricted
FRAT1,"liver, spleen",2,0.004497974190784679,3_vital
FRAT2,"bone marrow, spleen",2,0.013766729026172502,1a_lymphoid
FREM1,epididymis,1,,2_restricted
FREM2,"kidney, thyroid gland",2,,3_vital
FREM3,cerebral cortex,1,,3_vital
FRG1,,0,,4_broad
FRG2,"cerebellum, skin",2,,3_vital
FRG2B,kidney,1,,3_vital
FRG2C,"kidney, testis",2,,3_vital
FRK,kidney,1,,3_vital
FRMD1,"stomach, thymus",2,0.016061878908508555,1a_lymphoid
FRMD3,"heart muscle, skeletal muscle, tongue",3,,3_vital
FRMD4A,adipose tissue,1,,2_restricted
FRMD4B,,0,,4_broad
FRMD5,heart muscle,1,,3_vital
FRMD6,"esophagus, skin",2,,2_restricted
FRMD7,"endometrium, kidney, smooth muscle",3,,3_vital
FRMD8,spleen,1,0.01405281145010632,1a_lymphoid
FRMPD1,retina,1,,3_vital
FRMPD2,retina,1,,3_vital
FRMPD3,"cerebellum, cerebral cortex",2,,3_vital
FRMPD4,"cerebral cortex, parathyroid gland",2,,3_vital
FRRS1,liver,1,,3_vital
FRRS1L,"cerebellum, cerebral cortex",2,,3_vital
FRS2,bone marrow,1,3.9756157335011515e-07,1a_lymphoid
FRS3,cerebellum,1,,3_vital
FRY,heart muscle,1,,3_vital
FRYL,"colon, rectum, retina",3,,3_vital
FRZB,"blood vessel, retina",2,,3_vital
FSBP,retina,1,,3_vital
FSCB,testis,1,,1b_testis_CT
FSCN1,,0,,4_broad
FSCN2,retina,1,,3_vital
FSCN3,testis,1,,1b_testis_CT
FSD1,cerebral cortex,1,,3_vital
FSD1L,retina,1,,3_vital
FSD2,skeletal muscle,1,,3_vital
FSHB,pituitary gland,1,,3_vital
FSHR,"ovary, testis",2,,2_restricted
FSIP1,"colon, rectum, testis",3,,2_restricted
FSIP2,testis,1,,1b_testis_CT
FST,liver,1,,3_vital
FSTL1,placenta,1,,2_restricted
FSTL3,placenta,1,,2_restricted
FSTL4,"cerebral cortex, urinary bladder",2,,3_vital
FSTL5,"cerebellum, retina",2,,3_vital
FTCD,liver,1,,3_vital
FTCDNL1,liver,1,,3_vital
FTH1,spinal cord,1,,3_vital
FTHL17,testis,1,,1b_testis_CT
FTL,liver,1,,3_vital
FTMT,testis,1,,1b_testis_CT
FTO,,0,,4_broad
FTSJ1,,0,,4_broad
FTSJ3,,0,,4_broad
FUBP1,bone marrow,1,0.00019757373770045122,1a_lymphoid
FUBP3,"liver, thyroid gland",2,,3_vital
FUCA1,lymph node,1,0.02040782080289043,1a_lymphoid
FUCA2,parathyroid gland,1,,2_restricted
FUNDC1,,0,,4_broad
FUNDC2,"skeletal muscle, tongue",2,,3_vital
FUOM,liver,1,,3_vital
FURIN,"liver, salivary gland",2,,3_vital
FUS,thymus,1,0.007480457323709858,1a_lymphoid
FUT1,pancreas,1,,3_vital
FUT10,,0,,4_broad
FUT11,placenta,1,,2_restricted
FUT2,"duodenum, salivary gland",2,,2_restricted
FUT3,esophagus,1,,2_restricted
FUT4,bone marrow,1,2.528969542990036e-33,1a_lymphoid
FUT5,"bone marrow, testis",2,1.9033426518670655e-08,1a_lymphoid
FUT6,esophagus,1,,2_restricted
FUT7,spleen,1,1.597091457042537e-10,1a_lymphoid
FUT8,"salivary gland, spinal cord",2,,3_vital
FUT9,"cerebellum, cerebral cortex, stomach",3,,3_vital
FUZ,testis,1,,1b_testis_CT
FXN,liver,1,,3_vital
FXR1,"skeletal muscle, tongue",2,,3_vital
FXR2,"skeletal muscle, tongue",2,,3_vital
FXYD1,"choroid plexus, skeletal muscle",2,,3_vital
FXYD2,kidney,1,,3_vital
FXYD3,"colon, rectum",2,,2_restricted
FXYD4,kidney,1,,3_vital
FXYD5,,0,,4_broad
FXYD6,cerebral cortex,1,,3_vital
FXYD6-FXYD2,"kidney, salivary gland",2,,3_vital
FXYD7,"amygdala, cerebral cortex, hippocampal formation",3,,3_vital
FYB1,thymus,1,0.0007420548578937865,1a_lymphoid
FYB2,"fallopian tube, liver",2,,3_vital
FYCO1,skeletal muscle,1,,3_vital
FYN,,0,,4_broad
FYTTD1,skeletal muscle,1,,3_vital
FZD1,blood vessel,1,,2_restricted
FZD10,esophagus,1,,2_restricted
FZD2,"blood vessel, choroid plexus",2,,3_vital
FZD3,retina,1,,3_vital
FZD4,adipose tissue,1,,2_restricted
FZD5,liver,1,,3_vital
FZD6,,0,,4_broad
FZD7,cerebellum,1,,3_vital
FZD8,choroid plexus,1,,3_vital
FZD9,skeletal muscle,1,,3_vital
FZR1,testis,1,,1b_testis_CT
G0S2,bone marrow,1,1.3231064688509291e-06,1a_lymphoid
G2E3,testis,1,,1b_testis_CT
G3BP1,skeletal muscle,1,,3_vital
G3BP2,tongue,1,,2_restricted
G6PC1,liver,1,,3_vital
G6PC2,pancreas,1,,3_vital
G6PC3,choroid plexus,1,,3_vital
G6PD,bone marrow,1,0.034309451393778854,1a_lymphoid
GAA,,0,,4_broad
GAB1,heart muscle,1,,3_vital
GAB2,spinal cord,1,,3_vital
GAB3,"bone marrow, spleen",2,0.0008673809812762349,1a_lymphoid
GAB4,testis,1,,1b_testis_CT
GABARAP,,0,,4_broad
GABARAPL1,,0,,4_broad
GABARAPL2,,0,,4_broad
GABBR1,"basal ganglia, cerebral cortex",2,,3_vital
GABBR2,cerebral cortex,1,,3_vital
GABPA,,0,,4_broad
GABPB1,bone marrow,1,2.5947468097964684e-05,1a_lymphoid
GABPB2,testis,1,,1b_testis_CT
GABRA1,"cerebellum, cerebral cortex",2,,3_vital
GABRA2,"basal ganglia, cerebral cortex",2,,3_vital
GABRA3,choroid plexus,1,,3_vital
GABRA4,"basal ganglia, cerebral cortex",2,,3_vital
GABRA5,basal ganglia,1,,3_vital
GABRA6,cerebellum,1,,3_vital
GABRB1,cerebral cortex,1,,3_vital
GABRB2,"cerebellum, cerebral cortex",2,,3_vital
GABRB3,"cerebral cortex, retina",2,,3_vital
GABRD,cerebellum,1,,3_vital
GABRE,"adipose tissue, heart muscle, hypothalamus",3,,3_vital
GABRG1,"amygdala, basal ganglia",2,,3_vital
GABRG2,cerebral cortex,1,,3_vital
GABRG3,retina,1,,3_vital
GABRP,"breast, esophagus",2,,2_restricted
GABRQ,hypothalamus,1,,3_vital
GABRR1,retina,1,,3_vital
GABRR2,retina,1,,3_vital
GABRR3,retina,1,,3_vital
GAD1,"cerebral cortex, hypothalamus",2,,3_vital
GAD2,basal ganglia,1,,3_vital
GADD45A,"blood vessel, skeletal muscle",2,,3_vital
GADD45B,blood vessel,1,,2_restricted
GADD45G,"heart muscle, liver",2,,3_vital
GADD45GIP1,,0,,4_broad
GADL1,skeletal muscle,1,,3_vital
GAGE1,testis,1,,1b_testis_CT
GAGE10,testis,1,,1b_testis_CT
GAGE12B,testis,1,,1b_testis_CT
GAGE12C,testis,1,,1b_testis_CT
GAGE12D,testis,1,,1b_testis_CT
GAGE12E,testis,1,,1b_testis_CT
GAGE12F,testis,1,,1b_testis_CT
GAGE12G,testis,1,,1b_testis_CT
GAGE12H,testis,1,,1b_testis_CT
GAGE12J,testis,1,,1b_testis_CT
GAGE13,testis,1,,1b_testis_CT
GAGE2A,testis,1,,1b_testis_CT
GAGE2E,testis,1,,1b_testis_CT
GAK,,0,,4_broad
GAL,pituitary gland,1,,3_vital
GAL3ST1,spinal cord,1,,3_vital
GAL3ST2,colon,1,,2_restricted
GAL3ST3,thyroid gland,1,,2_restricted
GAL3ST4,"salivary gland, skin",2,,2_restricted
GALC,small intestine,1,,2_restricted
GALE,stomach,1,,2_restricted
GALK1,liver,1,,3_vital
GALK2,kidney,1,,3_vital
GALM,"adrenal gland, kidney",2,,3_vital
GALNS,"bone marrow, testis",2,0.0205217599992169,1a_lymphoid
GALNT1,urinary bladder,1,,2_restricted
GALNT10,"choroid plexus, ovary",2,,3_vital
GALNT11,choroid plexus,1,,3_vital
GALNT12,epididymis,1,,2_restricted
GALNT13,"cerebellum, cerebral cortex",2,,3_vital
GALNT14,kidney,1,,3_vital
GALNT15,adipose tissue,1,,2_restricted
GALNT16,heart muscle,1,,3_vital
GALNT17,"cerebellum, cerebral cortex",2,,3_vital
GALNT18,"lung, thyroid gland",2,,3_vital
GALNT2,"blood vessel, liver",2,,3_vital
GALNT3,stomach,1,,2_restricted
GALNT4,stomach,1,,2_restricted
GALNT5,"rectum, stomach",2,,2_restricted
GALNT6,stomach,1,,2_restricted
GALNT7,stomach,1,,2_restricted
GALNT8,rectum,1,,2_restricted
GALNT9,cerebellum,1,,3_vital
GALNTL5,testis,1,,1b_testis_CT
GALNTL6,"basal ganglia, midbrain",2,,3_vital
GALP,liver,1,,3_vital
GALR1,"adrenal gland, pituitary gland",2,,3_vital
GALR2,"colon, small intestine",2,,2_restricted
GALR3,cerebellum,1,,3_vital
GALT,liver,1,,3_vital
GAMT,skeletal muscle,1,,3_vital
GAN,skin,1,,2_restricted
GANAB,,0,,4_broad
GANC,"epididymis, lung",2,,3_vital
GAP43,cerebral cortex,1,,3_vital
GAPDH,"skeletal muscle, tongue",2,,3_vital
GAPDHS,testis,1,,1b_testis_CT
GAPT,"appendix, tonsil",2,1.2966008025767684e-05,1a_lymphoid
GAPVD1,testis,1,,1b_testis_CT
GAR1,bone marrow,1,3.3705593094400025e-05,1a_lymphoid
GAREM1,pancreas,1,,3_vital
GAREM2,,0,,4_broad
GARIN1A,testis,1,,1b_testis_CT
GARIN1B,testis,1,,1b_testis_CT
GARIN2,testis,1,,1b_testis_CT
GARIN3,testis,1,,1b_testis_CT
GARIN4,testis,1,,1b_testis_CT
GARIN5A,testis,1,,1b_testis_CT
GARIN5B,testis,1,,1b_testis_CT
GARIN6,testis,1,,1b_testis_CT
GARNL3,"blood vessel, cerebellum",2,,3_vital
GARRE1,placenta,1,,2_restricted
GARS1,"choroid plexus, pancreas",2,,3_vital
GART,,0,,4_broad
GAS1,"adipose tissue, endometrium",2,,2_restricted
GAS2,liver,1,,3_vital
GAS2L1,,0,,4_broad
GAS2L2,"choroid plexus, fallopian tube",2,,3_vital
GAS2L3,bone marrow,1,0.017467108580440937,1a_lymphoid
GAS6,blood vessel,1,,2_restricted
GAS7,cerebellum,1,,3_vital
GAS8,,0,,4_broad
GASK1A,liver,1,,3_vital
GASK1B,"adrenal gland, ovary",2,,3_vital
GAST,stomach,1,,2_restricted
GATA1,bone marrow,1,5.14426382562253e-60,1a_lymphoid
GATA2,seminal vesicle,1,,2_restricted
GATA3,"parathyroid gland, skin",2,,2_restricted
GATA4,"heart muscle, ovary",2,,3_vital
GATA5,urinary bladder,1,,2_restricted
GATA6,"adrenal gland, ovary",2,,3_vital
GATAD1,,0,,4_broad
GATAD2A,,0,,4_broad
GATAD2B,cerebellum,1,,3_vital
GATB,"heart muscle, tongue",2,,3_vital
GATC,pancreas,1,,3_vital
GATD1,,0,,4_broad
GATD3,"skeletal muscle, tongue",2,,3_vital
GATM,"kidney, liver, pancreas",3,,3_vital
GBA1,parathyroid gland,1,,2_restricted
GBA2,,0,,4_broad
GBE1,"liver, skeletal muscle",2,,3_vital
GBF1,,0,,4_broad
GBGT1,stomach,1,,2_restricted
GBP1,"appendix, liver",2,0.039476271077504524,3_vital
GBP2,,0,,4_broad
GBP3,"duodenum, small intestine",2,,2_restricted
GBP4,"lung, lymph node",2,0.010484850578853568,3_vital
GBP5,"appendix, lymph node",2,2.510936263420145e-06,1a_lymphoid
GBP6,esophagus,1,,2_restricted
GBP7,liver,1,,3_vital
GBX1,"skeletal muscle, testis",2,,3_vital
GBX2,basal ganglia,1,,3_vital
GC,liver,1,,3_vital
GCA,bone marrow,1,6.552399937388211e-27,1a_lymphoid
GCAT,pancreas,1,,3_vital
GCC1,bone marrow,1,0.011257788979532224,1a_lymphoid
GCC2,epididymis,1,,2_restricted
GCDH,liver,1,,3_vital
GCFC2,"liver, skeletal muscle",2,,3_vital
GCG,pancreas,1,,3_vital
GCGR,liver,1,,3_vital
GCH1,liver,1,,3_vital
GCHFR,liver,1,,3_vital
GCK,"liver, pituitary gland",2,,3_vital
GCKR,liver,1,,3_vital
GCLC,liver,1,,3_vital
GCLM,liver,1,,3_vital
GCM1,placenta,1,,2_restricted
GCM2,parathyroid gland,1,,2_restricted
GCN1,skeletal muscle,1,,3_vital
GCNA,testis,1,,1b_testis_CT
GCNT1,parathyroid gland,1,,2_restricted
GCNT2,"heart muscle, prostate",2,,3_vital
GCNT3,"colon, rectum, small intestine",3,,2_restricted
GCNT4,"duodenum, small intestine, stomach",3,,2_restricted
GCNT7,bone marrow,1,6.042849833181312e-37,1a_lymphoid
GCOM1,heart muscle,1,,3_vital
GCSAM,"lymph node, tonsil",2,1.7686699951541328e-05,1a_lymphoid
GCSAML,"cerebellum, prostate",2,,3_vital
GCSH,,0,,4_broad
GDA,"duodenum, small intestine",2,,2_restricted
GDAP1,cerebral cortex,1,,3_vital
GDAP1L1,cerebral cortex,1,,3_vital
GDAP2,bone marrow,1,0.003096149259039643,1a_lymphoid
GDE1,parathyroid gland,1,,2_restricted
GDF1,,0,,4_broad
GDF10,"lung, retina",2,,3_vital
GDF11,retina,1,,3_vital
GDF15,kidney,1,,3_vital
GDF2,liver,1,,3_vital
GDF3,kidney,1,,3_vital
GDF5,salivary gland,1,,2_restricted
GDF6,placenta,1,,2_restricted
GDF7,seminal vesicle,1,,2_restricted
GDF9,testis,1,,1b_testis_CT
GDI1,cerebral cortex,1,,3_vital
GDI2,,0,,4_broad
GDNF,"colon, skeletal muscle",2,,3_vital
GDPD1,cerebral cortex,1,,3_vital
GDPD2,"skin, spleen",2,5.156550349212744e-08,1a_lymphoid
GDPD3,esophagus,1,,2_restricted
GDPD4,testis,1,,1b_testis_CT
GDPD5,"retina, spleen",2,2.241959799940041e-07,3_vital
GDPGP1,skeletal muscle,1,,3_vital
GEM,"blood vessel, gallbladder",2,,2_restricted
GEMIN2,skeletal muscle,1,,3_vital
GEMIN4,"skin, testis",2,,2_restricted
GEMIN5,skeletal muscle,1,,3_vital
GEMIN6,testis,1,,1b_testis_CT
GEMIN7,spleen,1,0.04826849708488661,1a_lymphoid
GEMIN8,,0,,4_broad
GEN1,bone marrow,1,0.0010877088395542362,1a_lymphoid
GET1,choroid plexus,1,,3_vital
GET1-SH3BGR,retina,1,,3_vital
GET3,,0,,4_broad
GET4,"adrenal gland, liver",2,,3_vital
GFAP,spinal cord,1,,3_vital
GFER,pancreas,1,,3_vital
GFI1,"bone marrow, thymus",2,1.499121830438733e-12,1a_lymphoid
GFI1B,bone marrow,1,1.2040429018860964e-52,1a_lymphoid
GFM1,"skeletal muscle, tongue",2,,3_vital
GFM2,tongue,1,,2_restricted
GFOD1,cerebellum,1,,3_vital
GFOD2,"cerebellum, liver",2,,3_vital
GFPT1,thyroid gland,1,,2_restricted
GFPT2,adipose tissue,1,,2_restricted
GFRA1,breast,1,,2_restricted
GFRA2,"testis, thyroid gland",2,,2_restricted
GFRA3,colon,1,,2_restricted
GFRA4,thyroid gland,1,,2_restricted
GFRAL,liver,1,,3_vital
GFUS,stomach,1,,2_restricted
GFY,testis,1,,1b_testis_CT
GGA1,testis,1,,1b_testis_CT
GGA2,"retina, tonsil",2,0.0042854807532440725,3_vital
GGA3,skeletal muscle,1,,3_vital
GGACT,kidney,1,,3_vital
GGCT,epididymis,1,,2_restricted
GGCX,liver,1,,3_vital
GGH,"kidney, liver",2,,3_vital
GGN,testis,1,,1b_testis_CT
GGNBP2,bone marrow,1,6.843152391042689e-05,1a_lymphoid
GGPS1,testis,1,,1b_testis_CT
GGT1,kidney,1,,3_vital
GGT5,adipose tissue,1,,2_restricted
GGT6,,0,,4_broad
GGT7,"cerebellum, skeletal muscle",2,,3_vital
GGTA1,"blood vessel, salivary gland",2,,2_restricted
GGTLC1,"lung, testis",2,,3_vital
GGTLC2,testis,1,,1b_testis_CT
GGTLC3,"kidney, thyroid gland",2,,3_vital
GH1,pituitary gland,1,,3_vital
GH2,"pituitary gland, placenta",2,,3_vital
GHDC,,0,,4_broad
GHITM,tongue,1,,2_restricted
GHR,liver,1,,3_vital
GHRH,hypothalamus,1,,3_vital
GHRHR,pituitary gland,1,,3_vital
GHRL,stomach,1,,2_restricted
GHSR,pituitary gland,1,,3_vital
GID4,testis,1,,1b_testis_CT
GID8,"bone marrow, esophagus",2,0.00716071719221422,1a_lymphoid
GIGYF1,,0,,4_broad
GIGYF2,parathyroid gland,1,,2_restricted
GIMAP1,"lymph node, spleen",2,2.5240644055837744e-05,1a_lymphoid
GIMAP1-GIMAP5,"appendix, lymph node",2,0.007998855448590919,1a_lymphoid
GIMAP2,"lymph node, spleen",2,0.00047018274623088067,1a_lymphoid
GIMAP4,"lymph node, spleen",2,0.0007440040944455111,1a_lymphoid
GIMAP5,lymph node,1,0.00015260102449269044,1a_lymphoid
GIMAP6,spleen,1,0.0044127002150466865,1a_lymphoid
GIMAP7,"lymph node, spleen",2,1.380647403939707e-05,1a_lymphoid
GIMAP8,spleen,1,0.00015614816205683832,1a_lymphoid
GIMD1,"duodenum, small intestine",2,,2_restricted
GIN1,skeletal muscle,1,,3_vital
GINM1,kidney,1,,3_vital
GINS1,testis,1,,1b_testis_CT
GINS2,bone marrow,1,0.005426540512396765,1a_lymphoid
GINS3,,0,,4_broad
GINS4,"thymus, tonsil",2,0.024550486749076502,1a_lymphoid
GIP,duodenum,1,,2_restricted
GIPC1,esophagus,1,,2_restricted
GIPC2,"duodenum, kidney, small intestine",3,,3_vital
GIPC3,retina,1,,3_vital
GIPR,stomach,1,,2_restricted
GIT1,"cerebral cortex, hippocampal formation",2,,3_vital
GIT2,bone marrow,1,4.450487676132908e-06,1a_lymphoid
GJA1,skin,1,,2_restricted
GJA10,retina,1,,3_vital
GJA3,heart muscle,1,,3_vital
GJA4,blood vessel,1,,2_restricted
GJA5,placenta,1,,2_restricted
GJA8,testis,1,,1b_testis_CT
GJA9,,0,,4_broad
GJB1,liver,1,,3_vital
GJB2,"esophagus, vagina",2,,2_restricted
GJB3,"esophagus, skin",2,,2_restricted
GJB4,skin,1,,2_restricted
GJB5,"esophagus, skin",2,,2_restricted
GJB6,"cervix, esophagus, vagina",3,,2_restricted
GJB7,"fallopian tube, pituitary gland",2,,3_vital
GJC1,"placenta, smooth muscle",2,,2_restricted
GJC2,spinal cord,1,,3_vital
GJC3,"pancreas, salivary gland",2,,3_vital
GJD2,retina,1,,3_vital
GJD3,spleen,1,2.362831907901704e-05,1a_lymphoid
GJD4,cerebral cortex,1,,3_vital
GJE1,,0,,4_broad
GK,"duodenum, kidney, small intestine",3,,3_vital
GK2,testis,1,,1b_testis_CT
GK3P,testis,1,,1b_testis_CT
GK5,,0,,4_broad
GKAP1,testis,1,,1b_testis_CT
GKN1,stomach,1,,2_restricted
GKN2,stomach,1,,2_restricted
GLA,seminal vesicle,1,,2_restricted
GLB1,epididymis,1,,2_restricted
GLB1L,testis,1,,1b_testis_CT
GLB1L2,retina,1,,3_vital
GLB1L3,prostate,1,,2_restricted
GLCCI1,thymus,1,6.6103831412492595e-09,1a_lymphoid
GLCE,cerebellum,1,,3_vital
GLDC,liver,1,,3_vital
GLDN,"midbrain, spinal cord",2,,3_vital
GLE1,,0,,4_broad
GLG1,blood vessel,1,,2_restricted
GLI1,"cervix, endometrium",2,,2_restricted
GLI2,ovary,1,,2_restricted
GLI3,,0,,4_broad
GLI4,,0,,4_broad
GLIPR1,blood vessel,1,,2_restricted
GLIPR1L1,testis,1,,1b_testis_CT
GLIPR1L2,testis,1,,1b_testis_CT
GLIPR2,,0,,4_broad
GLIS1,"prostate, seminal vesicle",2,,2_restricted
GLIS2,blood vessel,1,,2_restricted
GLIS3,thyroid gland,1,,2_restricted
GLMN,retina,1,,3_vital
GLMP,,0,,4_broad
GLO1,prostate,1,,2_restricted
GLOD4,choroid plexus,1,,3_vital
GLOD5,"duodenum, kidney, small intestine",3,,3_vital
GLP1R,pancreas,1,,3_vital
GLP2R,"colon, urinary bladder",2,,2_restricted
GLRA1,retina,1,,3_vital
GLRA2,"cerebellum, hypothalamus",2,,3_vital
GLRA3,cerebral cortex,1,,3_vital
GLRB,cerebral cortex,1,,3_vital
GLRX,skeletal muscle,1,,3_vital
GLRX2,"heart muscle, skeletal muscle",2,,3_vital
GLRX3,,0,,4_broad
GLRX5,"bone marrow, skeletal muscle, tongue",3,0.015076016062465314,3_vital
GLS,kidney,1,,3_vital
GLS2,liver,1,,3_vital
GLT1D1,"bone marrow, liver",2,0.00966631572415214,3_vital
GLT6D1,testis,1,,1b_testis_CT
GLT8D1,,0,,4_broad
GLT8D2,ovary,1,,2_restricted
GLTP,"esophagus, skin",2,,2_restricted
GLTPD2,liver,1,,3_vital
GLUD1,liver,1,,3_vital
GLUD2,testis,1,,1b_testis_CT
GLUL,skeletal muscle,1,,3_vital
GLYAT,"kidney, liver",2,,3_vital
GLYATL1,liver,1,,3_vital
GLYATL1B,breast,1,,2_restricted
GLYATL2,"cervix, salivary gland",2,,2_restricted
GLYATL3,liver,1,,3_vital
GLYCTK,liver,1,,3_vital
GLYR1,parathyroid gland,1,,2_restricted
GM2A,skin,1,,2_restricted
GMCL1,parathyroid gland,1,,2_restricted
GMCL2,testis,1,,1b_testis_CT
GMDS,,0,,4_broad
GMEB1,"bone marrow, thymus",2,1.2253655932444347e-05,1a_lymphoid
GMEB2,bone marrow,1,0.005318221537772646,1a_lymphoid
GMFB,spinal cord,1,,3_vital
GMFG,"bone marrow, thymus",2,0.00010082363893894625,1a_lymphoid
GMIP,"bone marrow, spleen",2,0.0003779975160270012,1a_lymphoid
GML,adrenal gland,1,,3_vital
GMNC,fallopian tube,1,,2_restricted
GMNN,pancreas,1,,3_vital
GMPPA,liver,1,,3_vital
GMPPB,pancreas,1,,3_vital
GMPR,"skeletal muscle, tongue",2,,3_vital
GMPR2,adrenal gland,1,,3_vital
GMPS,testis,1,,1b_testis_CT
GNA11,"duodenum, small intestine",2,,2_restricted
GNA12,,0,,4_broad
GNA13,bone marrow,1,2.8726192639092727e-14,1a_lymphoid
GNA14,spinal cord,1,,3_vital
GNA15,"bone marrow, esophagus",2,0.012463400379960594,1a_lymphoid
GNAI1,spinal cord,1,,3_vital
GNAI2,bone marrow,1,0.04982486279127078,1a_lymphoid
GNAI3,bone marrow,1,0.0020610810629132356,1a_lymphoid
GNAL,basal ganglia,1,,3_vital
GNAO1,basal ganglia,1,,3_vital
GNAQ,cerebral cortex,1,,3_vital
GNAS,pituitary gland,1,,3_vital
GNAT1,retina,1,,3_vital
GNAT2,retina,1,,3_vital
GNAT3,"duodenum, small intestine",2,,2_restricted
GNAZ,,0,,4_broad
GNB1,retina,1,,3_vital
GNB1L,,0,,4_broad
GNB2,esophagus,1,,2_restricted
GNB3,retina,1,,3_vital
GNB4,"bone marrow, skin",2,0.031630931349331516,1a_lymphoid
GNB5,retina,1,,3_vital
GNE,liver,1,,3_vital
GNG10,,0,,4_broad
GNG11,"adipose tissue, placenta",2,,2_restricted
GNG12,,0,,4_broad
GNG13,"cerebellum, retina",2,,3_vital
GNG14,"pancreas, skin",2,,3_vital
GNG2,testis,1,,1b_testis_CT
GNG3,cerebral cortex,1,,3_vital
GNG4,hypothalamus,1,,3_vital
GNG5,"heart muscle, skeletal muscle",2,,3_vital
GNG7,basal ganglia,1,,3_vital
GNG8,adrenal gland,1,,3_vital
GNGT1,retina,1,,3_vital
GNGT2,retina,1,,3_vital
GNL1,,0,,4_broad
GNL2,"bone marrow, skeletal muscle",2,0.009630380495790469,3_vital
GNL3,urinary bladder,1,,2_restricted
GNL3L,,0,,4_broad
GNLY,bone marrow,1,1.702581055713403e-20,1a_lymphoid
GNMT,"liver, pancreas",2,,3_vital
GNPAT,"skeletal muscle, tongue",2,,3_vital
GNPDA1,kidney,1,,3_vital
GNPDA2,,0,,4_broad
GNPNAT1,liver,1,,3_vital
GNPTAB,salivary gland,1,,2_restricted
GNPTG,"adrenal gland, choroid plexus",2,,3_vital
GNRH1,basal ganglia,1,,3_vital
GNRH2,choroid plexus,1,,3_vital
GNRHR,pituitary gland,1,,3_vital
GNS,adrenal gland,1,,3_vital
GOLGA1,retina,1,,3_vital
GOLGA2,parathyroid gland,1,,2_restricted
GOLGA3,,0,,4_broad
GOLGA4,skeletal muscle,1,,3_vital
GOLGA5,"epididymis, liver",2,,3_vital
GOLGA6A,testis,1,,1b_testis_CT
GOLGA6B,"liver, testis",2,,3_vital
GOLGA6C,testis,1,,1b_testis_CT
GOLGA6D,testis,1,,1b_testis_CT
GOLGA6L1,testis,1,,1b_testis_CT
GOLGA6L10,testis,1,,1b_testis_CT
GOLGA6L2,testis,1,,1b_testis_CT
GOLGA6L22,testis,1,,1b_testis_CT
GOLGA6L4,ovary,1,,2_restricted
GOLGA6L6,testis,1,,1b_testis_CT
GOLGA6L7,testis,1,,1b_testis_CT
GOLGA6L9,esophagus,1,,2_restricted
GOLGA7,"midbrain, spinal cord",2,,3_vital
GOLGA7B,cerebellum,1,,3_vital
GOLGA8A,epididymis,1,,2_restricted
GOLGA8B,pancreas,1,,3_vital
GOLGA8F,"basal ganglia, testis",2,,3_vital
GOLGA8G,testis,1,,1b_testis_CT
GOLGA8H,"bone marrow, pancreas, testis",3,0.04203471895298742,3_vital
GOLGA8J,testis,1,,1b_testis_CT
GOLGA8K,testis,1,,1b_testis_CT
GOLGA8M,thyroid gland,1,,2_restricted
GOLGA8N,pancreas,1,,3_vital
GOLGA8O,"epididymis, thyroid gland",2,,2_restricted
GOLGA8Q,"epididymis, thyroid gland",2,,2_restricted
GOLGA8R,thyroid gland,1,,2_restricted
GOLGA8S,testis,1,,1b_testis_CT
GOLGA8T,testis,1,,1b_testis_CT
GOLGB1,choroid plexus,1,,3_vital
GOLIM4,small intestine,1,,2_restricted
GOLM1,stomach,1,,2_restricted
GOLM2,,0,,4_broad
GOLPH3,liver,1,,3_vital
GOLPH3L,,0,,4_broad
GOLT1A,liver,1,,3_vital
GOLT1B,placenta,1,,2_restricted
GON4L,,0,,4_broad
GON7,"choroid plexus, fallopian tube",2,,3_vital
GOPC,,0,,4_broad
GORAB,,0,,4_broad
GORASP1,,0,,4_broad
GORASP2,,0,,4_broad
GOSR1,,0,,4_broad
GOSR2,,0,,4_broad
GOT1,tongue,1,,2_restricted
GOT1L1,testis,1,,1b_testis_CT
GOT2,"skeletal muscle, tongue",2,,3_vital
GP1BA,lymph node,1,1.1919993792419799e-10,1a_lymphoid
GP1BB,"basal ganglia, hippocampal formation",2,,3_vital
GP2,pancreas,1,,3_vital
GP5,lymph node,1,5.6746324062160795e-05,1a_lymphoid
GP6,"cerebellum, testis",2,,3_vital
GP9,"bone marrow, spleen",2,1.1341727564586846e-11,1a_lymphoid
GPA33,"colon, rectum",2,,2_restricted
GPAA1,,0,,4_broad
GPALPP1,"bone marrow, retina",2,0.0007120760607477784,3_vital
GPAM,adipose tissue,1,,2_restricted
GPANK1,testis,1,,1b_testis_CT
GPAT2,"heart muscle, testis",2,,3_vital
GPAT3,kidney,1,,3_vital
GPAT4,skeletal muscle,1,,3_vital
GPATCH1,,0,,4_broad
GPATCH11,"adipose tissue, retina",2,,3_vital
GPATCH2,,0,,4_broad
GPATCH2L,bone marrow,1,4.916193393745591e-13,1a_lymphoid
GPATCH3,"bone marrow, skeletal muscle",2,3.292807931291011e-06,3_vital
GPATCH4,skeletal muscle,1,,3_vital
GPATCH8,"cerebellum, skeletal muscle",2,,3_vital
GPBAR1,adipose tissue,1,,2_restricted
GPBP1,retina,1,,3_vital
GPBP1L1,,0,,4_broad
GPC1,skin,1,,2_restricted
GPC2,testis,1,,1b_testis_CT
GPC3,placenta,1,,2_restricted
GPC4,,0,,4_broad
GPC5,basal ganglia,1,,3_vital
GPC6,ovary,1,,2_restricted
GPCPD1,bone marrow,1,1.785481535021211e-11,1a_lymphoid
GPD1,"adipose tissue, skeletal muscle",2,,3_vital
GPD1L,"skeletal muscle, tongue",2,,3_vital
GPD2,,0,,4_broad
GPER1,stomach,1,,2_restricted
GPHA2,pancreas,1,,3_vital
GPHB5,"retina, testis",2,,3_vital
GPHN,"cerebellum, liver",2,,3_vital
GPI,"skeletal muscle, tongue",2,,3_vital
GPIHBP1,"adipose tissue, spinal cord",2,,3_vital
GPKOW,skeletal muscle,1,,3_vital
GPLD1,liver,1,,3_vital
GPM6A,"amygdala, cerebellum, cerebral cortex",3,,3_vital
GPM6B,spinal cord,1,,3_vital
GPN1,,0,,4_broad
GPN2,,0,,4_broad
GPN3,"skeletal muscle, tongue",2,,3_vital
GPNMB,skin,1,,2_restricted
GPR101,basal ganglia,1,,3_vital
GPR107,thyroid gland,1,,2_restricted
GPR108,salivary gland,1,,2_restricted
GPR119,pancreas,1,,3_vital
GPR12,"basal ganglia, cerebellum",2,,3_vital
GPR132,"bone marrow, lymph node, spleen",3,0.028464924566382215,1a_lymphoid
GPR135,testis,1,,1b_testis_CT
GPR137,testis,1,,1b_testis_CT
GPR137B,retina,1,,3_vital
GPR137C,cerebellum,1,,3_vital
GPR139,basal ganglia,1,,3_vital
GPR141,bone marrow,1,4.195230928414176e-31,1a_lymphoid
GPR142,stomach,1,,2_restricted
GPR143,choroid plexus,1,,3_vital
GPR146,"adipose tissue, breast",2,,2_restricted
GPR148,"cerebellum, pituitary gland, stomach",3,,3_vital
GPR149,basal ganglia,1,,3_vital
GPR15,"colon, rectum",2,,2_restricted
GPR150,pancreas,1,,3_vital
GPR151,spinal cord,1,,3_vital
GPR152,"retina, small intestine",2,,3_vital
GPR153,small intestine,1,,2_restricted
GPR155,"choroid plexus, stomach",2,,3_vital
GPR156,testis,1,,1b_testis_CT
GPR157,skeletal muscle,1,,3_vital
GPR158,"cerebellum, cerebral cortex",2,,3_vital
GPR15LG,"colon, esophagus, rectum",3,,2_restricted
GPR160,parathyroid gland,1,,2_restricted
GPR161,"endometrium, smooth muscle",2,,2_restricted
GPR162,"cerebellum, cerebral cortex",2,,3_vital
GPR17,cerebral cortex,1,,3_vital
GPR171,appendix,1,0.0019036294312439238,1a_lymphoid
GPR173,"cerebellum, pituitary gland",2,,3_vital
GPR174,"lymph node, thymus",2,0.00012518232344477993,1a_lymphoid
GPR176,blood vessel,1,,2_restricted
GPR179,retina,1,,3_vital
GPR18,"lymph node, tonsil",2,1.3516949225504284e-06,1a_lymphoid
GPR180,"liver, retina",2,,3_vital
GPR182,spleen,1,1.0884607737789509e-17,1a_lymphoid
GPR183,bone marrow,1,0.00029551636832423765,1a_lymphoid
GPR19,,0,,4_broad
GPR20,blood vessel,1,,2_restricted
GPR21,blood vessel,1,,2_restricted
GPR22,"cerebral cortex, heart muscle",2,,3_vital
GPR25,stomach,1,,2_restricted
GPR26,"cerebral cortex, hippocampal formation, midbrain",3,,3_vital
GPR27,"basal ganglia, spinal cord",2,,3_vital
GPR3,heart muscle,1,,3_vital
GPR31,lymph node,1,1.0648492381263816e-09,1a_lymphoid
GPR32,parathyroid gland,1,,2_restricted
GPR33,spleen,1,3.835356125635221e-05,1a_lymphoid
GPR34,placenta,1,,2_restricted
GPR35,"duodenum, small intestine",2,,2_restricted
GPR37,spinal cord,1,,3_vital
GPR37L1,basal ganglia,1,,3_vital
GPR39,,0,,4_broad
GPR4,adipose tissue,1,,2_restricted
GPR42,"adipose tissue, colon",2,,2_restricted
GPR45,"cerebral cortex, hypothalamus",2,,3_vital
GPR50,pituitary gland,1,,3_vital
GPR52,basal ganglia,1,,3_vital
GPR55,"testis, tonsil",2,0.02973639648800857,1a_lymphoid
GPR6,basal ganglia,1,,3_vital
GPR61,"pituitary gland, retina",2,,3_vital
GPR62,spinal cord,1,,3_vital
GPR63,blood vessel,1,,2_restricted
GPR65,bone marrow,1,0.0007237623287037661,1a_lymphoid
GPR68,pituitary gland,1,,3_vital
GPR75,"cerebral cortex, retina",2,,3_vital
GPR78,esophagus,1,,2_restricted
GPR82,tonsil,1,2.2301264127033855e-10,1a_lymphoid
GPR83,cerebellum,1,,3_vital
GPR84,"bone marrow, urinary bladder",2,2.46596817168045e-09,1a_lymphoid
GPR85,skeletal muscle,1,,3_vital
GPR87,"esophagus, skin",2,,2_restricted
GPR88,basal ganglia,1,,3_vital
GPR89A,"kidney, liver",2,,3_vital
GPR89B,kidney,1,,3_vital
GPRASP1,cerebellum,1,,3_vital
GPRASP2,ovary,1,,2_restricted
GPRASP3,cerebral cortex,1,,3_vital
GPRC5A,"lung, urinary bladder",2,,3_vital
GPRC5B,spinal cord,1,,3_vital
GPRC5C,"liver, stomach",2,,3_vital
GPRC5D,skin,1,,2_restricted
GPRC6A,"kidney, salivary gland",2,,3_vital
GPRIN1,"cerebellum, cerebral cortex",2,,3_vital
GPRIN2,skin,1,,2_restricted
GPRIN3,cerebellum,1,,3_vital
GPS1,skeletal muscle,1,,3_vital
GPS2,skeletal muscle,1,,3_vital
GPSM1,cerebellum,1,,3_vital
GPSM2,tongue,1,,2_restricted
GPSM3,spleen,1,2.9966592148464846e-06,1a_lymphoid
GPT,liver,1,,3_vital
GPT2,"pancreas, tongue",2,,3_vital
GPX1,liver,1,,3_vital
GPX2,liver,1,,3_vital
GPX3,kidney,1,,3_vital
GPX4,testis,1,,1b_testis_CT
GPX5,epididymis,1,,2_restricted
GPX6,epididymis,1,,2_restricted
GPX7,placenta,1,,2_restricted
GPX8,,0,,4_broad
GRAMD1A,pancreas,1,,3_vital
GRAMD1B,adrenal gland,1,,3_vital
GRAMD1C,liver,1,,3_vital
GRAMD2A,"epididymis, placenta",2,,2_restricted
GRAMD2B,choroid plexus,1,,3_vital
GRAMD4,liver,1,,3_vital
GRAP,spleen,1,1.2142097184591698e-05,1a_lymphoid
GRAP2,thymus,1,1.2747066646021686e-42,1a_lymphoid
GRAPL,"lymph node, spleen, tonsil",3,0.0034818098228779552,1a_lymphoid
GRB10,"pancreas, retina",2,,3_vital
GRB14,"liver, tongue",2,,3_vital
GRB2,bone marrow,1,0.018907882751211646,1a_lymphoid
GRB7,"esophagus, kidney",2,,3_vital
GREB1,ovary,1,,2_restricted
GREB1L,skeletal muscle,1,,3_vital
GREM1,gallbladder,1,,2_restricted
GREM2,gallbladder,1,,2_restricted
GREP1,"skin, thymus",2,0.0014749312239813336,1a_lymphoid
GRHL1,"esophagus, skin",2,,2_restricted
GRHL2,skin,1,,2_restricted
GRHL3,esophagus,1,,2_restricted
GRHPR,liver,1,,3_vital
GRIA1,"cerebellum, hippocampal formation",2,,3_vital
GRIA2,cerebral cortex,1,,3_vital
GRIA3,cerebral cortex,1,,3_vital
GRIA4,cerebellum,1,,3_vital
GRID1,basal ganglia,1,,3_vital
GRID2,testis,1,,1b_testis_CT
GRID2IP,cerebellum,1,,3_vital
GRIFIN,"choroid plexus, skin",2,,3_vital
GRIK1,retina,1,,3_vital
GRIK2,"cerebellum, cerebral cortex",2,,3_vital
GRIK3,cerebral cortex,1,,3_vital
GRIK4,cerebral cortex,1,,3_vital
GRIK5,"cerebellum, testis",2,,3_vital
GRIN1,cerebral cortex,1,,3_vital
GRIN2A,cerebral cortex,1,,3_vital
GRIN2B,"basal ganglia, cerebral cortex",2,,3_vital
GRIN2C,cerebellum,1,,3_vital
GRIN2D,"cerebral cortex, hypothalamus",2,,3_vital
GRIN3A,cerebral cortex,1,,3_vital
GRIN3B,fallopian tube,1,,2_restricted
GRINA,liver,1,,3_vital
GRIP1,parathyroid gland,1,,2_restricted
GRIP2,skeletal muscle,1,,3_vital
GRIPAP1,cerebellum,1,,3_vital
GRK1,retina,1,,3_vital
GRK2,"bone marrow, spleen",2,0.000886722026715131,1a_lymphoid
GRK3,adipose tissue,1,,2_restricted
GRK4,testis,1,,1b_testis_CT
GRK5,"blood vessel, lung",2,,3_vital
GRK6,bone marrow,1,3.291789327262728e-11,1a_lymphoid
GRK7,retina,1,,3_vital
GRM1,cerebellum,1,,3_vital
GRM2,cerebral cortex,1,,3_vital
GRM3,"basal ganglia, cerebral cortex",2,,3_vital
GRM4,cerebellum,1,,3_vital
GRM5,cerebral cortex,1,,3_vital
GRM6,retina,1,,3_vital
GRM7,"cerebral cortex, hypothalamus",2,,3_vital
GRM8,choroid plexus,1,,3_vital
GRN,"bone marrow, esophagus",2,0.017581093541329678,1a_lymphoid
GRP,"hippocampal formation, stomach",2,,3_vital
GRPEL1,adrenal gland,1,,3_vital
GRPEL2,esophagus,1,,2_restricted
GRPR,pancreas,1,,3_vital
GRSF1,skeletal muscle,1,,3_vital
GRTP1,liver,1,,3_vital
GRWD1,skeletal muscle,1,,3_vital
GRXCR1,seminal vesicle,1,,2_restricted
GRXCR2,"heart muscle, testis",2,,3_vital
GSAP,"lung, spleen",2,0.03528258250437861,3_vital
GSC,"adipose tissue, breast",2,,2_restricted
GSC2,testis,1,,1b_testis_CT
GSDMA,skin,1,,2_restricted
GSDMB,"duodenum, small intestine",2,,2_restricted
GSDMC,"esophagus, skin",2,,2_restricted
GSDMD,spleen,1,0.00028463348190433145,1a_lymphoid
GSDME,spinal cord,1,,3_vital
GSE1,,0,,4_broad
GSG1,testis,1,,1b_testis_CT
GSG1L,"basal ganglia, heart muscle",2,,3_vital
GSG1L2,retina,1,,3_vital
GSK3A,cerebral cortex,1,,3_vital
GSK3B,,0,,4_broad
GSKIP,retina,1,,3_vital
GSN,"adipose tissue, heart muscle",2,,3_vital
GSPT1,skeletal muscle,1,,3_vital
GSPT2,,0,,4_broad
GSR,parathyroid gland,1,,2_restricted
GSS,epididymis,1,,2_restricted
GSTA1,liver,1,,3_vital
GSTA2,liver,1,,3_vital
GSTA3,"adrenal gland, fallopian tube",2,,3_vital
GSTA4,adrenal gland,1,,3_vital
GSTA5,,0,,4_broad
GSTCD,testis,1,,1b_testis_CT
GSTK1,liver,1,,3_vital
GSTM1,liver,1,,3_vital
GSTM2,ovary,1,,2_restricted
GSTM3,choroid plexus,1,,3_vital
GSTM4,duodenum,1,,2_restricted
GSTM5,breast,1,,2_restricted
GSTO1,liver,1,,3_vital
GSTO2,testis,1,,1b_testis_CT
GSTP1,"choroid plexus, esophagus",2,,3_vital
GSTT2B,breast,1,,2_restricted
GSTT4,testis,1,,1b_testis_CT
GSTZ1,liver,1,,3_vital
GSX1,hypothalamus,1,,3_vital
GSX2,"amygdala, basal ganglia",2,,3_vital
GTDC1,,0,,4_broad
GTF2A1,thyroid gland,1,,2_restricted
GTF2A1L,testis,1,,1b_testis_CT
GTF2A2,testis,1,,1b_testis_CT
GTF2B,bone marrow,1,5.325324887519382e-07,1a_lymphoid
GTF2E1,,0,,4_broad
GTF2E2,pancreas,1,,3_vital
GTF2F1,cerebellum,1,,3_vital
GTF2F2,skin,1,,2_restricted
GTF2H1,,0,,4_broad
GTF2H2,lymph node,1,0.04417053582577494,1a_lymphoid
GTF2H2C,,0,,4_broad
GTF2H3,,0,,4_broad
GTF2H4,,0,,4_broad
GTF2H5,,0,,4_broad
GTF2I,thyroid gland,1,,2_restricted
GTF2IRD1,skeletal muscle,1,,3_vital
GTF2IRD2,skeletal muscle,1,,3_vital
GTF2IRD2B,skeletal muscle,1,,3_vital
GTF3A,heart muscle,1,,3_vital
GTF3C1,esophagus,1,,2_restricted
GTF3C2,,0,,4_broad
GTF3C3,bone marrow,1,1.550899278157599e-05,1a_lymphoid
GTF3C4,,0,,4_broad
GTF3C5,cerebellum,1,,3_vital
GTF3C6,skeletal muscle,1,,3_vital
GTPBP1,bone marrow,1,4.22078163221879e-21,1a_lymphoid
GTPBP10,liver,1,,3_vital
GTPBP2,esophagus,1,,2_restricted
GTPBP3,,0,,4_broad
GTPBP4,"bone marrow, skeletal muscle",2,0.012601050997621491,3_vital
GTPBP6,skeletal muscle,1,,3_vital
GTPBP8,"skeletal muscle, tongue",2,,3_vital
GTSE1,thymus,1,7.098596784483213e-07,1a_lymphoid
GTSF1,testis,1,,1b_testis_CT
GTSF1L,testis,1,,1b_testis_CT
GUCA1A,retina,1,,3_vital
GUCA1ANB,testis,1,,1b_testis_CT
GUCA1B,retina,1,,3_vital
GUCA1C,retina,1,,3_vital
GUCA2A,"colon, rectum, small intestine",3,,2_restricted
GUCA2B,"colon, small intestine",2,,2_restricted
GUCD1,tongue,1,,2_restricted
GUCY1A1,,0,,4_broad
GUCY1A2,placenta,1,,2_restricted
GUCY1B1,,0,,4_broad
GUCY2C,"duodenum, small intestine",2,,2_restricted
GUCY2D,retina,1,,3_vital
GUCY2F,retina,1,,3_vital
GUF1,"skeletal muscle, tongue",2,,3_vital
GUK1,amygdala,1,,3_vital
GULP1,epididymis,1,,2_restricted
GUSB,"bone marrow, liver",2,0.03694609147176549,3_vital
GVQW3,retina,1,,3_vital
GXYLT1,"liver, placenta",2,,3_vital
GXYLT2,"heart muscle, ovary",2,,3_vital
GYG1,"skeletal muscle, tongue",2,,3_vital
GYG2,adipose tissue,1,,2_restricted
GYPA,bone marrow,1,9.63351104187407e-72,1a_lymphoid
GYPB,bone marrow,1,2.5689689229489523e-51,1a_lymphoid
GYPC,bone marrow,1,2.5333210521815584e-07,1a_lymphoid
GYPE,bone marrow,1,1.5587652847564863e-20,1a_lymphoid
GYS1,"skeletal muscle, tongue",2,,3_vital
GYS2,liver,1,,3_vital
GZF1,bone marrow,1,6.554005236401923e-09,1a_lymphoid
GZMA,"lymph node, spleen",2,3.276461876083881e-05,1a_lymphoid
GZMB,bone marrow,1,1.1948556118819522e-07,1a_lymphoid
GZMH,"bone marrow, lymph node, spleen",3,2.0963273976685694e-05,1a_lymphoid
GZMK,lymph node,1,2.1126224028626106e-17,1a_lymphoid
GZMM,"bone marrow, lymph node, spleen",3,0.0005028877034040943,1a_lymphoid
H1-0,bone marrow,1,2.7694692967717436e-11,1a_lymphoid
H1-1,"testis, thyroid gland",2,,2_restricted
H1-10,bone marrow,1,4.770387778119078e-20,1a_lymphoid
H1-2,choroid plexus,1,,3_vital
H1-3,bone marrow,1,2.229217870185374e-15,1a_lymphoid
H1-4,bone marrow,1,6.998304346478149e-36,1a_lymphoid
H1-5,bone marrow,1,6.146132579366415e-23,1a_lymphoid
H1-6,testis,1,,1b_testis_CT
H1-7,testis,1,,1b_testis_CT
H1-8,testis,1,,1b_testis_CT
H2AB1,testis,1,,1b_testis_CT
H2AB2,testis,1,,1b_testis_CT
H2AB3,testis,1,,1b_testis_CT
H2AC1,testis,1,,1b_testis_CT
H2AC11,bone marrow,1,1.2678791280960063e-12,1a_lymphoid
H2AC12,bone marrow,1,1.9829630208555358e-22,1a_lymphoid
H2AC13,bone marrow,1,1.5723441687326847e-08,1a_lymphoid
H2AC14,bone marrow,1,4.1923870535053964e-27,1a_lymphoid
H2AC15,heart muscle,1,,3_vital
H2AC16,bone marrow,1,6.467244367510994e-39,1a_lymphoid
H2AC17,bone marrow,1,5.616418025852929e-05,1a_lymphoid
H2AC20,bone marrow,1,5.924394457199692e-17,1a_lymphoid
H2AC21,bone marrow,1,2.0588349722878875e-22,1a_lymphoid
H2AC25,cerebellum,1,,3_vital
H2AC4,bone marrow,1,1.1836976564311588e-13,1a_lymphoid
H2AC6,liver,1,,3_vital
H2AC7,vagina,1,,2_restricted
H2AC8,"breast, prostate",2,,2_restricted
H2AJ,testis,1,,1b_testis_CT
H2AL3,testis,1,,1b_testis_CT
H2AP,testis,1,,1b_testis_CT
H2AX,,0,,4_broad
H2AZ1,"bone marrow, thymus",2,2.815399176639105e-05,1a_lymphoid
H2AZ2,"bone marrow, thymus",2,1.425274747168575e-05,1a_lymphoid
H2BC1,testis,1,,1b_testis_CT
H2BC10,"bone marrow, choroid plexus, thymus",3,0.004398949750049482,3_vital
H2BC11,testis,1,,1b_testis_CT
H2BC12,,0,,4_broad
H2BC12L,"gallbladder, lymph node",2,0.0006293701996616684,1a_lymphoid
H2BC13,bone marrow,1,5.054532350760329e-29,1a_lymphoid
H2BC14,"bone marrow, thymus",2,5.387603323038178e-05,1a_lymphoid
H2BC15,"spinal cord, thymus",2,1.8456519075696028e-05,3_vital
H2BC17,"bone marrow, thymus",2,0.0001410277160459377,1a_lymphoid
H2BC18,"cervix, vagina",2,,2_restricted
H2BC21,prostate,1,,2_restricted
H2BC26,cerebellum,1,,3_vital
H2BC3,"bone marrow, testis, thymus",3,0.0072546599435491166,1a_lymphoid
H2BC4,bone marrow,1,0.00030986560642348206,1a_lymphoid
H2BC5,prostate,1,,2_restricted
H2BC6,,0,,4_broad
H2BC7,"esophagus, prostate",2,,2_restricted
H2BC8,,0,,4_broad
H2BC9,"bone marrow, thymus",2,0.000903592863377293,1a_lymphoid
H2BK1,skin,1,,2_restricted
H2BW1,testis,1,,1b_testis_CT
H2BW2,"ovary, testis",2,,2_restricted
H3-3A,bone marrow,1,1.3349576707889701e-08,1a_lymphoid
H3-3B,bone marrow,1,1.2106989653900766e-22,1a_lymphoid
H3-4,testis,1,,1b_testis_CT
H3-5,testis,1,,1b_testis_CT
H3-7,"ovary, stomach",2,,2_restricted
H3C1,bone marrow,1,5.323326676816605e-18,1a_lymphoid
H3C10,"bone marrow, spleen",2,0.005978294429585359,1a_lymphoid
H3C11,bone marrow,1,5.071938721923433e-12,1a_lymphoid
H3C12,"bone marrow, lymph node, thymus",3,5.2967654006811926e-05,1a_lymphoid
H3C13,bone marrow,1,3.8576689747775964e-09,1a_lymphoid
H3C14,"cerebellum, prostate",2,,3_vital
H3C15,bone marrow,1,9.274762339740806e-05,1a_lymphoid
H3C2,bone marrow,1,4.362848693750454e-27,1a_lymphoid
H3C3,bone marrow,1,2.8834414369077696e-21,1a_lymphoid
H3C4,bone marrow,1,9.746639071836674e-19,1a_lymphoid
H3C6,,0,,4_broad
H3C7,bone marrow,1,4.515723827577271e-09,1a_lymphoid
H3C8,"bone marrow, thymus",2,0.00331538423022378,1a_lymphoid
H3Y1,testis,1,,1b_testis_CT
H3Y2,testis,1,,1b_testis_CT
H4C1,thymus,1,3.282454791944391e-10,1a_lymphoid
H4C11,liver,1,,3_vital
H4C12,"bone marrow, choroid plexus",2,1.342335618200438e-07,3_vital
H4C13,"bone marrow, thymus",2,2.8429667691626684e-10,1a_lymphoid
H4C14,"choroid plexus, thymus",2,0.036106356242114515,3_vital
H4C15,"choroid plexus, thymus",2,0.03315564677687462,3_vital
H4C16,"esophagus, pancreas",2,,3_vital
H4C2,"bone marrow, choroid plexus, thymus",3,0.002836289275992505,3_vital
H4C3,"bone marrow, thymus",2,1.926656403039119e-06,1a_lymphoid
H4C4,thymus,1,1.1084478653114351e-07,1a_lymphoid
H4C5,"bone marrow, prostate",2,0.007044413468203592,1a_lymphoid
H4C6,"bone marrow, thymus",2,6.748816454146444e-08,1a_lymphoid
H4C7,small intestine,1,,2_restricted
H4C8,"skeletal muscle, thymus",2,0.0028743210241216973,3_vital
H4C9,lymph node,1,3.08971095346382e-05,1a_lymphoid
H6PD,liver,1,,3_vital
HAAO,liver,1,,3_vital
HABP2,liver,1,,3_vital
HABP4,basal ganglia,1,,3_vital
HACD1,heart muscle,1,,3_vital
HACD2,adipose tissue,1,,2_restricted
HACD3,,0,,4_broad
HACD4,bone marrow,1,4.11627636978961e-05,1a_lymphoid
HACE1,placenta,1,,2_restricted
HACL1,"duodenum, liver",2,,3_vital
HADH,"skeletal muscle, tongue",2,,3_vital
HADHA,"heart muscle, skeletal muscle",2,,3_vital
HADHB,"heart muscle, skeletal muscle, tongue",3,,3_vital
HAGH,liver,1,,3_vital
HAGHL,,0,,4_broad
HAL,liver,1,,3_vital
HAMP,liver,1,,3_vital
HAND1,colon,1,,2_restricted
HAND2,colon,1,,2_restricted
HAO1,liver,1,,3_vital
HAO2,"kidney, liver",2,,3_vital
HAP1,hypothalamus,1,,3_vital
HAPLN1,placenta,1,,2_restricted
HAPLN2,spinal cord,1,,3_vital
HAPLN3,blood vessel,1,,2_restricted
HAPLN4,cerebral cortex,1,,3_vital
HAPSTR1,bone marrow,1,1.4150512908512254e-20,1a_lymphoid
HARBI1,testis,1,,1b_testis_CT
HARS1,cerebral cortex,1,,3_vital
HARS2,skeletal muscle,1,,3_vital
HAS1,adipose tissue,1,,2_restricted
HAS2,"adipose tissue, urinary bladder",2,,2_restricted
HAS3,urinary bladder,1,,2_restricted
HASPIN,"bone marrow, testis",2,0.029230632070470268,1a_lymphoid
HAT1,skeletal muscle,1,,3_vital
HAUS1,,0,,4_broad
HAUS2,bone marrow,1,5.143000067406987e-26,1a_lymphoid
HAUS3,bone marrow,1,2.019107069691825e-16,1a_lymphoid
HAUS4,bone marrow,1,0.014753041079146361,1a_lymphoid
HAUS5,testis,1,,1b_testis_CT
HAUS6,testis,1,,1b_testis_CT
HAUS7,blood vessel,1,,2_restricted
HAUS8,"lymph node, tonsil",2,0.013993970317439182,1a_lymphoid
HAVCR1,"colon, kidney",2,,3_vital
HAVCR2,lymph node,1,0.03165580364570068,1a_lymphoid
HAX1,"skeletal muscle, tongue",2,,3_vital
HBA1,bone marrow,1,3.127805210175947e-29,1a_lymphoid
HBA2,bone marrow,1,4.0460257544299636e-25,1a_lymphoid
HBB,bone marrow,1,3.801064927547623e-43,1a_lymphoid
HBD,bone marrow,1,6.213714657657997e-78,1a_lymphoid
HBE1,liver,1,,3_vital
HBEGF,urinary bladder,1,,2_restricted
HBG1,placenta,1,,2_restricted
HBG2,placenta,1,,2_restricted
HBM,bone marrow,1,8.423489458139821e-67,1a_lymphoid
HBP1,skeletal muscle,1,,3_vital
HBQ1,bone marrow,1,4.259155421587936e-08,1a_lymphoid
HBS1L,"skeletal muscle, tongue",2,,3_vital
HBZ,testis,1,,1b_testis_CT
HCAR1,parathyroid gland,1,,2_restricted
HCAR2,esophagus,1,,2_restricted
HCAR3,"bone marrow, spleen",2,0.00023627170417117932,1a_lymphoid
HCCS,"skeletal muscle, tongue",2,,3_vital
HCFC1,,0,,4_broad
HCFC1R1,skeletal muscle,1,,3_vital
HCFC2,,0,,4_broad
HCK,"appendix, spleen",2,5.540333977805181e-05,1a_lymphoid
HCLS1,"spleen, tonsil",2,0.00015469881539371011,1a_lymphoid
HCN1,retina,1,,3_vital
HCN2,"basal ganglia, spinal cord",2,,3_vital
HCN3,cerebellum,1,,3_vital
HCN4,"heart muscle, testis",2,,3_vital
HCRT,hypothalamus,1,,3_vital
HCRTR1,"adrenal gland, hypothalamus",2,,3_vital
HCRTR2,"hypothalamus, kidney",2,,3_vital
HCST,bone marrow,1,7.279292894669151e-13,1a_lymphoid
HDAC1,,0,,4_broad
HDAC10,,0,,4_broad
HDAC11,basal ganglia,1,,3_vital
HDAC2,testis,1,,1b_testis_CT
HDAC3,,0,,4_broad
HDAC4,"skeletal muscle, tongue",2,,3_vital
HDAC5,skeletal muscle,1,,3_vital
HDAC6,,0,,4_broad
HDAC7,thymus,1,0.006371808059125927,1a_lymphoid
HDAC8,adrenal gland,1,,3_vital
HDAC9,retina,1,,3_vital
HDC,"epididymis, hypothalamus",2,,3_vital
HDDC2,choroid plexus,1,,3_vital
HDDC3,,0,,4_broad
HDGF,bone marrow,1,9.344880376026972e-05,1a_lymphoid
HDGFL1,testis,1,,1b_testis_CT
HDGFL2,testis,1,,1b_testis_CT
HDGFL3,,0,,4_broad
HDHD2,,0,,4_broad
HDHD3,"adrenal gland, liver",2,,3_vital
HDHD5,tongue,1,,2_restricted
HDLBP,pancreas,1,,3_vital
HDX,blood vessel,1,,2_restricted
HEATR1,,0,,4_broad
HEATR3,,0,,4_broad
HEATR4,testis,1,,1b_testis_CT
HEATR5A,tongue,1,,2_restricted
HEATR5B,"lymph node, tonsil",2,0.009780645651103703,1a_lymphoid
HEATR6,cerebellum,1,,3_vital
HEATR9,testis,1,,1b_testis_CT
HEBP1,duodenum,1,,2_restricted
HEBP2,"adipose tissue, breast",2,,2_restricted
HECA,bone marrow,1,0.007085610752583968,1a_lymphoid
HECTD1,tongue,1,,2_restricted
HECTD2,,0,,4_broad
HECTD3,duodenum,1,,2_restricted
HECTD4,"bone marrow, cerebellum",2,0.001320808572816999,3_vital
HECW1,"cerebral cortex, kidney",2,,3_vital
HECW2,,0,,4_broad
HEG1,heart muscle,1,,3_vital
HELB,bone marrow,1,1.1905672188098715e-06,1a_lymphoid
HELLS,thymus,1,0.021127697319697082,1a_lymphoid
HELQ,,0,,4_broad
HELT,kidney,1,,3_vital
HELZ,,0,,4_broad
HELZ2,bone marrow,1,0.0131670752600917,1a_lymphoid
HEMGN,bone marrow,1,5.3553490464537094e-33,1a_lymphoid
HEMK1,choroid plexus,1,,3_vital
HENMT1,testis,1,,1b_testis_CT
HEPACAM,"basal ganglia, cerebral cortex",2,,3_vital
HEPACAM2,"colon, rectum",2,,2_restricted
HEPH,,0,,4_broad
HEPHL1,"cervix, tonsil",2,0.00012965401255074223,1a_lymphoid
HEPN1,"amygdala, basal ganglia",2,,3_vital
HERC1,"skeletal muscle, tongue",2,,3_vital
HERC2,"skeletal muscle, tongue",2,,3_vital
HERC3,retina,1,,3_vital
HERC4,,0,,4_broad
HERC5,testis,1,,1b_testis_CT
HERC6,"esophagus, salivary gland",2,,2_restricted
HERPUD1,pancreas,1,,3_vital
HERPUD2,bone marrow,1,0.01989499483271055,1a_lymphoid
HES1,skin,1,,2_restricted
HES2,esophagus,1,,2_restricted
HES3,thymus,1,9.00348913655533e-41,1a_lymphoid
HES4,blood vessel,1,,2_restricted
HES5,"basal ganglia, cerebral cortex, hypothalamus",3,,3_vital
HES6,pituitary gland,1,,3_vital
HES7,cerebellum,1,,3_vital
HESX1,"bone marrow, testis",2,0.0036774669239259734,1a_lymphoid
HEXA,epididymis,1,,2_restricted
HEXB,"epididymis, placenta",2,,2_restricted
HEXD,pancreas,1,,3_vital
HEXIM1,,0,,4_broad
HEXIM2,"skeletal muscle, testis",2,,3_vital
HEY1,cerebral cortex,1,,3_vital
HEY2,blood vessel,1,,2_restricted
HEYL,"blood vessel, pancreas",2,,3_vital
HFE,,0,,4_broad
HFM1,"pituitary gland, testis",2,,3_vital
HGD,liver,1,,3_vital
HGF,placenta,1,,2_restricted
HGFAC,liver,1,,3_vital
HGH1,,0,,4_broad
HGS,,0,,4_broad
HGSNAT,,0,,4_broad
HHAT,adrenal gland,1,,3_vital
HHATL,heart muscle,1,,3_vital
HHEX,"bone marrow, liver, thyroid gland",3,0.024503276219468417,3_vital
HHIP,lung,1,,3_vital
HHIPL1,"basal ganglia, cerebral cortex",2,,3_vital
HHIPL2,testis,1,,1b_testis_CT
HHLA1,,0,,4_broad
HHLA2,small intestine,1,,2_restricted
HIBADH,"liver, tongue",2,,3_vital
HIBCH,"kidney, liver",2,,3_vital
HIC1,,0,,4_broad
HIC2,"placenta, testis",2,,2_restricted
HID1,"cerebellum, pancreas",2,,3_vital
HIF1A,bone marrow,1,8.085049293957454e-13,1a_lymphoid
HIF1AN,"skeletal muscle, tongue",2,,3_vital
HIF3A,,0,,4_broad
HIGD1A,,0,,4_broad
HIGD1B,placenta,1,,2_restricted
HIGD1C,pancreas,1,,3_vital
HIGD2A,skeletal muscle,1,,3_vital
HIGD2B,testis,1,,1b_testis_CT
HIKESHI,"skeletal muscle, tongue",2,,3_vital
HILPDA,esophagus,1,,2_restricted
HINFP,cerebellum,1,,3_vital
HINT1,liver,1,,3_vital
HINT2,liver,1,,3_vital
HINT3,"skeletal muscle, tongue",2,,3_vital
HIP1,testis,1,,1b_testis_CT
HIP1R,,0,,4_broad
HIPK1,bone marrow,1,2.3724107610381245e-15,1a_lymphoid
HIPK2,midbrain,1,,3_vital
HIPK3,tongue,1,,2_restricted
HIPK4,testis,1,,1b_testis_CT
HIRA,thyroid gland,1,,2_restricted
HIRIP3,testis,1,,1b_testis_CT
HIVEP1,bone marrow,1,0.0012727520114307214,1a_lymphoid
HIVEP2,skeletal muscle,1,,3_vital
HIVEP3,thymus,1,2.688997997816747e-05,1a_lymphoid
HJURP,"bone marrow, thymus",2,6.028177871852098e-10,1a_lymphoid
HJV,skeletal muscle,1,,3_vital
HK1,skeletal muscle,1,,3_vital
HK2,retina,1,,3_vital
HK3,"bone marrow, spleen",2,1.3811275709647006e-12,1a_lymphoid
HKDC1,"duodenum, retina, small intestine",3,,3_vital
HLA-A,spleen,1,0.0028166391121002324,1a_lymphoid
HLA-B,spleen,1,2.9262403094658342e-05,1a_lymphoid
HLA-C,spleen,1,0.00021564063086783095,1a_lymphoid
HLA-DMA,spleen,1,0.0021953774087927727,1a_lymphoid
HLA-DMB,"small intestine, spleen",2,9.077125161778821e-05,1a_lymphoid
HLA-DOA,spleen,1,1.607487680645803e-05,1a_lymphoid
HLA-DOB,"spleen, tonsil",2,1.0773321139410292e-07,1a_lymphoid
HLA-DPA1,"lung, lymph node",2,0.0033981537164512565,3_vital
HLA-DPB1,"lung, spleen",2,1.882938018998647e-06,3_vital
HLA-DQA1,"lung, lymph node, tonsil",3,0.01693398877968818,3_vital
HLA-DQA2,"lung, spleen",2,2.3787607311319233e-05,3_vital
HLA-DQB1,lymph node,1,6.249865963993213e-06,1a_lymphoid
HLA-DQB2,skin,1,,2_restricted
HLA-DRA,"lymph node, spleen",2,0.003695841760642677,1a_lymphoid
HLA-DRB1,"lung, lymph node",2,0.008671957452494187,3_vital
HLA-DRB5,"lung, lymph node",2,0.00026757461362141624,3_vital
HLA-E,"lung, spleen",2,0.012780429245926752,3_vital
HLA-F,spleen,1,1.9543137517378226e-07,1a_lymphoid
HLA-G,"pituitary gland, placenta",2,,3_vital
HLCS,"kidney, skeletal muscle",2,,3_vital
HLF,liver,1,,3_vital
HLTF,testis,1,,1b_testis_CT
HLX,bone marrow,1,1.2559084340715404e-11,1a_lymphoid
HM13,"pancreas, salivary gland",2,,3_vital
HMBOX1,bone marrow,1,0.0013647910679120778,1a_lymphoid
HMBS,bone marrow,1,5.194369286138984e-32,1a_lymphoid
HMCES,"lymph node, tonsil",2,9.255525431484187e-07,1a_lymphoid
HMCN1,blood vessel,1,,2_restricted
HMCN2,colon,1,,2_restricted
HMG20A,spleen,1,0.011327636088764035,1a_lymphoid
HMG20B,,0,,4_broad
HMGA1,esophagus,1,,2_restricted
HMGA2,"bone marrow, testis",2,1.1979947914257648e-05,1a_lymphoid
HMGB1,"bone marrow, thymus",2,0.00013928350025030922,1a_lymphoid
HMGB2,bone marrow,1,5.027910361142063e-19,1a_lymphoid
HMGB3,placenta,1,,2_restricted
HMGB4,testis,1,,1b_testis_CT
HMGCL,liver,1,,3_vital
HMGCLL1,,0,,4_broad
HMGCR,liver,1,,3_vital
HMGCS1,liver,1,,3_vital
HMGCS2,liver,1,,3_vital
HMGN1,tonsil,1,0.009733256419289998,1a_lymphoid
HMGN2,"bone marrow, thymus",2,1.7189975220299496e-07,1a_lymphoid
HMGN3,heart muscle,1,,3_vital
HMGN4,,0,,4_broad
HMGN5,testis,1,,1b_testis_CT
HMGXB3,parathyroid gland,1,,2_restricted
HMGXB4,bone marrow,1,5.984346891840112e-09,1a_lymphoid
HMHB1,"testis, thymus",2,2.2451744203535534e-09,1a_lymphoid
HMMR,"testis, thymus",2,0.006458856901947446,1a_lymphoid
HMOX1,spleen,1,1.0838081501001618e-20,1a_lymphoid
HMOX2,"heart muscle, testis",2,,3_vital
HMSD,spinal cord,1,,3_vital
HMX1,retina,1,,3_vital
HMX2,"hypothalamus, kidney",2,,3_vital
HMX3,hypothalamus,1,,3_vital
HNF1A,"duodenum, small intestine",2,,2_restricted
HNF1B,kidney,1,,3_vital
HNF4A,"duodenum, liver",2,,3_vital
HNF4G,"duodenum, small intestine",2,,2_restricted
HNMT,liver,1,,3_vital
HNRNPA0,,0,,4_broad
HNRNPA1,ovary,1,,2_restricted
HNRNPA1L2,bone marrow,1,0.00046571554738113067,1a_lymphoid
HNRNPA1L3,,0,,4_broad
HNRNPA2B1,,0,,4_broad
HNRNPA3,"thymus, tonsil",2,0.02275104694543498,1a_lymphoid
HNRNPAB,,0,,4_broad
HNRNPC,"bone marrow, thymus",2,0.02571754989842202,1a_lymphoid
HNRNPCL1,testis,1,,1b_testis_CT
HNRNPCL2,,0,,4_broad
HNRNPCL3,,0,,4_broad
HNRNPCL4,,0,,4_broad
HNRNPD,"bone marrow, thymus",2,0.0023958376459362954,1a_lymphoid
HNRNPDL,,0,,4_broad
HNRNPF,,0,,4_broad
HNRNPH1,bone marrow,1,0.04915965524630311,1a_lymphoid
HNRNPH2,parathyroid gland,1,,2_restricted
HNRNPH3,,0,,4_broad
HNRNPK,"bone marrow, thymus",2,0.0001198679170225736,1a_lymphoid
HNRNPL,bone marrow,1,0.01702862175837298,1a_lymphoid
HNRNPLL,bone marrow,1,4.595560593488976e-10,1a_lymphoid
HNRNPM,bone marrow,1,0.00014042038286649614,1a_lymphoid
HNRNPR,,0,,4_broad
HNRNPU,bone marrow,1,0.0007751047004332369,1a_lymphoid
HNRNPUL1,bone marrow,1,0.00012682200013249461,1a_lymphoid
HNRNPUL2,cerebellum,1,,3_vital
HOATZ,"choroid plexus, fallopian tube",2,,3_vital
HOGA1,"kidney, liver",2,,3_vital
HOMER1,"cerebral cortex, skeletal muscle",2,,3_vital
HOMER2,pancreas,1,,3_vital
HOMER3,"cerebellum, skeletal muscle, spleen",3,0.015758139207895483,3_vital
HOOK1,retina,1,,3_vital
HOOK2,,0,,4_broad
HOOK3,thyroid gland,1,,2_restricted
HOPX,skin,1,,2_restricted
HORMAD1,testis,1,,1b_testis_CT
HORMAD2,testis,1,,1b_testis_CT
HOXA1,urinary bladder,1,,2_restricted
HOXA10,"endometrium, skeletal muscle",2,,3_vital
HOXA11,"cervix, endometrium",2,,2_restricted
HOXA13,"cervix, prostate, seminal vesicle",3,,2_restricted
HOXA2,spinal cord,1,,3_vital
HOXA3,fallopian tube,1,,2_restricted
HOXA4,spinal cord,1,,3_vital
HOXA5,"adrenal gland, fallopian tube",2,,3_vital
HOXA6,fallopian tube,1,,2_restricted
HOXA7,,0,,4_broad
HOXA9,kidney,1,,3_vital
HOXB1,"esophagus, testis",2,,2_restricted
HOXB13,prostate,1,,2_restricted
HOXB2,kidney,1,,3_vital
HOXB3,epididymis,1,,2_restricted
HOXB4,epididymis,1,,2_restricted
HOXB5,kidney,1,,3_vital
HOXB6,"epididymis, kidney",2,,3_vital
HOXB7,epididymis,1,,2_restricted
HOXB8,"epididymis, kidney, spinal cord",3,,3_vital
HOXB9,epididymis,1,,2_restricted
HOXC10,skeletal muscle,1,,3_vital
HOXC11,"blood vessel, skin",2,,2_restricted
HOXC12,"blood vessel, skin",2,,2_restricted
HOXC13,skin,1,,2_restricted
HOXC4,fallopian tube,1,,2_restricted
HOXC5,fallopian tube,1,,2_restricted
HOXC6,fallopian tube,1,,2_restricted
HOXC8,"epididymis, skeletal muscle",2,,3_vital
HOXC9,skeletal muscle,1,,3_vital
HOXD1,spinal cord,1,,3_vital
HOXD10,endometrium,1,,2_restricted
HOXD11,"endometrium, kidney",2,,3_vital
HOXD12,"rectum, seminal vesicle",2,,2_restricted
HOXD13,"colon, seminal vesicle, vagina",3,,2_restricted
HOXD3,epididymis,1,,2_restricted
HOXD4,"endometrium, epididymis",2,,2_restricted
HOXD8,"epididymis, kidney",2,,3_vital
HOXD9,"endometrium, kidney",2,,3_vital
HP,liver,1,,3_vital
HP1BP3,,0,,4_broad
HPCA,basal ganglia,1,,3_vital
HPCAL1,cerebellum,1,,3_vital
HPCAL4,"basal ganglia, cerebral cortex",2,,3_vital
HPD,liver,1,,3_vital
HPDL,cerebellum,1,,3_vital
HPF1,,0,,4_broad
HPGD,urinary bladder,1,,2_restricted
HPGDS,placenta,1,,2_restricted
HPN,liver,1,,3_vital
HPR,liver,1,,3_vital
HPRT1,cerebral cortex,1,,3_vital
HPS1,,0,,4_broad
HPS3,,0,,4_broad
HPS4,cerebellum,1,,3_vital
HPS5,liver,1,,3_vital
HPS6,,0,,4_broad
HPSE,"esophagus, salivary gland",2,,2_restricted
HPSE2,"cervix, midbrain",2,,3_vital
HPX,liver,1,,3_vital
HR,skin,1,,2_restricted
HRAS,basal ganglia,1,,3_vital
HRC,"heart muscle, skeletal muscle",2,,3_vital
HRCT1,blood vessel,1,,2_restricted
HRG,liver,1,,3_vital
HRH1,"blood vessel, urinary bladder",2,,2_restricted
HRH2,bone marrow,1,1.1194032643029888e-07,1a_lymphoid
HRH3,"basal ganglia, cerebellum, hypothalamus",3,,3_vital
HRH4,bone marrow,1,0.002526786145286929,1a_lymphoid
HRK,"cerebral cortex, hippocampal formation",2,,3_vital
HRNR,skin,1,,2_restricted
HROB,"bone marrow, testis",2,0.00018972177354210484,1a_lymphoid
HRURF,fallopian tube,1,,2_restricted
HS1BP3,liver,1,,3_vital
HS2ST1,adrenal gland,1,,3_vital
HS3ST1,ovary,1,,2_restricted
HS3ST2,cerebral cortex,1,,3_vital
HS3ST3A1,ovary,1,,2_restricted
HS3ST3B1,liver,1,,3_vital
HS3ST4,cerebral cortex,1,,3_vital
HS3ST5,"basal ganglia, spinal cord",2,,3_vital
HS3ST6,skin,1,,2_restricted
HS6ST1,"cerebral cortex, kidney",2,,3_vital
HS6ST2,"basal ganglia, kidney, ovary",3,,3_vital
HS6ST3,"cerebral cortex, hippocampal formation",2,,3_vital
HSBP1,choroid plexus,1,,3_vital
HSBP1L1,"choroid plexus, liver",2,,3_vital
HSCB,liver,1,,3_vital
HSD11B1,liver,1,,3_vital
HSD11B1L,"amygdala, cerebral cortex",2,,3_vital
HSD11B2,"colon, kidney, salivary gland",3,,3_vital
HSD17B1,placenta,1,,2_restricted
HSD17B10,liver,1,,3_vital
HSD17B11,"liver, small intestine",2,,3_vital
HSD17B12,"liver, parathyroid gland",2,,3_vital
HSD17B13,liver,1,,3_vital
HSD17B14,choroid plexus,1,,3_vital
HSD17B2,"duodenum, placenta",2,,2_restricted
HSD17B3,testis,1,,1b_testis_CT
HSD17B4,liver,1,,3_vital
HSD17B6,liver,1,,3_vital
HSD17B7,liver,1,,3_vital
HSD17B8,"liver, pancreas",2,,3_vital
HSD3B1,placenta,1,,2_restricted
HSD3B2,adrenal gland,1,,3_vital
HSD3B7,liver,1,,3_vital
HSDL1,"retina, tongue",2,,3_vital
HSDL2,"liver, skeletal muscle, tongue",3,,3_vital
HSF1,"heart muscle, skeletal muscle",2,,3_vital
HSF2,"skeletal muscle, tongue",2,,3_vital
HSF2BP,testis,1,,1b_testis_CT
HSF4,,0,,4_broad
HSF5,testis,1,,1b_testis_CT
HSFX1,testis,1,,1b_testis_CT
HSFX2,testis,1,,1b_testis_CT
HSFX3,testis,1,,1b_testis_CT
HSFX4,testis,1,,1b_testis_CT
HSFY1,testis,1,,1b_testis_CT
HSFY2,testis,1,,1b_testis_CT
HSH2D,"bone marrow, spleen",2,0.0006181275921528634,1a_lymphoid
HSP90AA1,retina,1,,3_vital
HSP90AB1,skeletal muscle,1,,3_vital
HSP90B1,"epididymis, thyroid gland",2,,2_restricted
HSPA12A,"cerebral cortex, parathyroid gland",2,,3_vital
HSPA12B,heart muscle,1,,3_vital
HSPA13,,0,,4_broad
HSPA14,bone marrow,1,6.24382040124295e-07,1a_lymphoid
HSPA1A,,0,,4_broad
HSPA1B,,0,,4_broad
HSPA1L,testis,1,,1b_testis_CT
HSPA2,spinal cord,1,,3_vital
HSPA4,retina,1,,3_vital
HSPA4L,testis,1,,1b_testis_CT
HSPA5,"bone marrow, thyroid gland",2,1.7397223201841241e-06,1a_lymphoid
HSPA6,lung,1,,3_vital
HSPA8,"skeletal muscle, tongue",2,,3_vital
HSPA9,"skeletal muscle, tongue",2,,3_vital
HSPB1,esophagus,1,,2_restricted
HSPB11,thyroid gland,1,,2_restricted
HSPB2,"heart muscle, skeletal muscle, tongue",3,,3_vital
HSPB3,heart muscle,1,,3_vital
HSPB6,skeletal muscle,1,,3_vital
HSPB7,"heart muscle, skeletal muscle",2,,3_vital
HSPB8,skeletal muscle,1,,3_vital
HSPB9,testis,1,,1b_testis_CT
HSPBAP1,skeletal muscle,1,,3_vital
HSPBP1,basal ganglia,1,,3_vital
HSPD1,adrenal gland,1,,3_vital
HSPE1,"adrenal gland, liver",2,,3_vital
HSPE1-MOB4,adrenal gland,1,,3_vital
HSPG2,blood vessel,1,,2_restricted
HSPH1,basal ganglia,1,,3_vital
HTATIP2,"duodenum, small intestine",2,,2_restricted
HTATSF1,"pituitary gland, skeletal muscle",2,,3_vital
HTD2,"skeletal muscle, tongue",2,,3_vital
HTN1,salivary gland,1,,2_restricted
HTN3,salivary gland,1,,2_restricted
HTR1A,"cerebral cortex, hippocampal formation",2,,3_vital
HTR1B,"blood vessel, placenta",2,,2_restricted
HTR1D,"basal ganglia, duodenum, small intestine",3,,3_vital
HTR1E,"cerebral cortex, ovary",2,,3_vital
HTR1F,retina,1,,3_vital
HTR2A,cerebral cortex,1,,3_vital
HTR2B,"adrenal gland, cervix, endometrium",3,,3_vital
HTR2C,choroid plexus,1,,3_vital
HTR3A,"lymph node, tonsil",2,4.687074906189648e-05,1a_lymphoid
HTR3B,cerebral cortex,1,,3_vital
HTR3C,lung,1,,3_vital
HTR3D,kidney,1,,3_vital
HTR3E,"colon, duodenum, small intestine",3,,2_restricted
HTR4,small intestine,1,,2_restricted
HTR5A,cerebellum,1,,3_vital
HTR6,basal ganglia,1,,3_vital
HTR7,"parathyroid gland, testis",2,,2_restricted
HTRA1,ovary,1,,2_restricted
HTRA2,,0,,4_broad
HTRA3,heart muscle,1,,3_vital
HTRA4,placenta,1,,2_restricted
HTT,pancreas,1,,3_vital
HUNK,pancreas,1,,3_vital
HUS1,,0,,4_broad
HUS1B,testis,1,,1b_testis_CT
HUWE1,skeletal muscle,1,,3_vital
HVCN1,choroid plexus,1,,3_vital
HYAL1,liver,1,,3_vital
HYAL2,"lung, spleen",2,3.869362408681075e-08,3_vital
HYAL3,bone marrow,1,9.78326252302914e-18,1a_lymphoid
HYAL4,"placenta, skeletal muscle",2,,3_vital
HYCC1,skeletal muscle,1,,3_vital
HYCC2,bone marrow,1,0.0001393589376873946,1a_lymphoid
HYDIN,"fallopian tube, retina",2,,3_vital
HYI,pancreas,1,,3_vital
HYKK,kidney,1,,3_vital
HYLS1,testis,1,,1b_testis_CT
HYOU1,"epididymis, liver, pancreas",3,,3_vital
HYPK,"choroid plexus, skeletal muscle",2,,3_vital
IAH1,"testis, tongue",2,,2_restricted
IAPP,pancreas,1,,3_vital
IARS1,,0,,4_broad
IARS2,skeletal muscle,1,,3_vital
IBA57,skeletal muscle,1,,3_vital
IBSP,"blood vessel, pituitary gland",2,,3_vital
IBTK,"liver, skeletal muscle, tongue",3,,3_vital
ICA1,pancreas,1,,3_vital
ICA1L,cerebellum,1,,3_vital
ICAM1,"lung, urinary bladder",2,,3_vital
ICAM2,spleen,1,2.6514943699625166e-05,1a_lymphoid
ICAM3,bone marrow,1,3.96080757387431e-09,1a_lymphoid
ICAM4,"bone marrow, lung",2,7.939518997845657e-11,3_vital
ICAM5,"basal ganglia, cerebral cortex",2,,3_vital
ICE1,,0,,4_broad
ICE2,parathyroid gland,1,,2_restricted
ICMT,"skeletal muscle, tongue",2,,3_vital
ICOS,"bone marrow, thymus, tonsil",3,0.0006742808804515683,1a_lymphoid
ICOSLG,bone marrow,1,0.011357393913679672,1a_lymphoid
ID1,urinary bladder,1,,2_restricted
ID2,"blood vessel, parathyroid gland",2,,2_restricted
ID3,blood vessel,1,,2_restricted
ID4,thyroid gland,1,,2_restricted
IDE,"skeletal muscle, skin, testis",3,,3_vital
IDH1,liver,1,,3_vital
IDH2,"skeletal muscle, tongue",2,,3_vital
IDH3A,"skeletal muscle, tongue",2,,3_vital
IDH3B,"heart muscle, skeletal muscle, tongue",3,,3_vital
IDH3G,skeletal muscle,1,,3_vital
IDI1,"bone marrow, breast, liver",3,0.039048315234050314,3_vital
IDI2,skeletal muscle,1,,3_vital
IDNK,"basal ganglia, liver",2,,3_vital
IDO1,placenta,1,,2_restricted
IDO2,"liver, placenta",2,,3_vital
IDS,"amygdala, cerebral cortex",2,,3_vital
IDUA,cerebellum,1,,3_vital
IER2,skin,1,,2_restricted
IER3,esophagus,1,,2_restricted
IER3IP1,"kidney, skeletal muscle",2,,3_vital
IER5,bone marrow,1,0.0003081825520558731,1a_lymphoid
IER5L,blood vessel,1,,2_restricted
IFFO1,"blood vessel, cerebellum",2,,3_vital
IFFO2,skin,1,,2_restricted
IFI16,,0,,4_broad
IFI27,spleen,1,0.0019454580207935658,1a_lymphoid
IFI27L1,"choroid plexus, testis",2,,3_vital
IFI27L2,,0,,4_broad
IFI30,"appendix, lung",2,0.0003322305138562749,3_vital
IFI35,,0,,4_broad
IFI44,"bone marrow, salivary gland",2,5.2005879483599565e-06,1a_lymphoid
IFI44L,salivary gland,1,,2_restricted
IFI6,choroid plexus,1,,3_vital
IFIH1,bone marrow,1,1.8396675248363224e-08,1a_lymphoid
IFIT1,salivary gland,1,,2_restricted
IFIT1B,bone marrow,1,1.801120538559584e-44,1a_lymphoid
IFIT2,bone marrow,1,3.6107907567221593e-06,1a_lymphoid
IFIT3,,0,,4_broad
IFIT5,parathyroid gland,1,,2_restricted
IFITM1,epididymis,1,,2_restricted
IFITM10,adrenal gland,1,,3_vital
IFITM2,spleen,1,0.017537587573320364,1a_lymphoid
IFITM3,,0,,4_broad
IFITM5,pancreas,1,,3_vital
IFNA1,"cerebellum, retina",2,,3_vital
IFNA10,,0,,4_broad
IFNA13,"basal ganglia, epididymis, hippocampal formation",3,,3_vital
IFNA14,kidney,1,,3_vital
IFNA16,,0,,4_broad
IFNA17,,0,,4_broad
IFNA2,basal ganglia,1,,3_vital
IFNA21,"cerebellum, hypothalamus",2,,3_vital
IFNA4,,0,,4_broad
IFNA5,epididymis,1,,2_restricted
IFNA6,basal ganglia,1,,3_vital
IFNA7,,0,,4_broad
IFNA8,cerebellum,1,,3_vital
IFNAR1,liver,1,,3_vital
IFNAR2,,0,,4_broad
IFNB1,bone marrow,1,6.219586660650325e-236,1a_lymphoid
IFNE,"esophagus, urinary bladder",2,,2_restricted
IFNG,"bone marrow, lymph node",2,1.6749259536671816e-10,1a_lymphoid
IFNGR1,,0,,4_broad
IFNGR2,,0,,4_broad
IFNK,,0,,4_broad
IFNL1,"appendix, duodenum, lung, spleen",4,0.00921219486219206,3_vital
IFNL2,"pancreas, testis",2,,3_vital
IFNL3,testis,1,,1b_testis_CT
IFNLR1,,0,,4_broad
IFNW1,testis,1,,1b_testis_CT
IFRD1,"bone marrow, pancreas",2,5.657595162400488e-06,3_vital
IFRD2,"liver, skeletal muscle",2,,3_vital
IFT122,testis,1,,1b_testis_CT
IFT140,thyroid gland,1,,2_restricted
IFT172,"fallopian tube, parathyroid gland",2,,2_restricted
IFT20,pancreas,1,,3_vital
IFT22,choroid plexus,1,,3_vital
IFT27,,0,,4_broad
IFT43,choroid plexus,1,,3_vital
IFT46,"choroid plexus, fallopian tube",2,,3_vital
IFT52,ovary,1,,2_restricted
IFT57,"epididymis, testis",2,,2_restricted
IFT74,testis,1,,1b_testis_CT
IFT80,,0,,4_broad
IFT81,testis,1,,1b_testis_CT
IFT88,testis,1,,1b_testis_CT
IFTAP,"choroid plexus, thyroid gland",2,,3_vital
IGBP1,ovary,1,,2_restricted
IGBP1P2,testis,1,,1b_testis_CT
IGDCC3,"cerebellum, placenta",2,,3_vital
IGDCC4,"skeletal muscle, tongue",2,,3_vital
IGF1,"adipose tissue, cervix",2,,2_restricted
IGF1R,,0,,4_broad
IGF2,placenta,1,,2_restricted
IGF2BP1,"placenta, testis",2,,2_restricted
IGF2BP2,retina,1,,3_vital
IGF2BP3,placenta,1,,2_restricted
IGF2R,"skeletal muscle, tongue",2,,3_vital
IGFALS,liver,1,,3_vital
IGFBP1,liver,1,,3_vital
IGFBP2,"blood vessel, pancreas",2,,3_vital
IGFBP3,placenta,1,,2_restricted
IGFBP4,liver,1,,3_vital
IGFBP5,"cervix, ovary",2,,2_restricted
IGFBP6,blood vessel,1,,2_restricted
IGFBP7,blood vessel,1,,2_restricted
IGFBPL1,thyroid gland,1,,2_restricted
IGFL1,esophagus,1,,2_restricted
IGFL2,skin,1,,2_restricted
IGFL3,skin,1,,2_restricted
IGFL4,retina,1,,3_vital
IGFLR1,liver,1,,3_vital
IGFN1,skeletal muscle,1,,3_vital
IGHA1,salivary gland,1,,2_restricted
IGHA2,"colon, salivary gland",2,,2_restricted
IGHD,"spleen, tonsil",2,0.0002099335324576554,1a_lymphoid
IGHD1-1,,0,,4_broad
IGHD1-14,,0,,4_broad
IGHD1-20,,0,,4_broad
IGHD1-26,,0,,4_broad
IGHD1-7,,0,,4_broad
IGHD1OR15-1A,,0,,4_broad
IGHD1OR15-1B,,0,,4_broad
IGHD2-15,bone marrow,1,4.774990946489067e-14,1a_lymphoid
IGHD2-2,"bone marrow, lymph node, small intestine",3,0.0003327109433100283,1a_lymphoid
IGHD2-21,,0,,4_broad
IGHD2-8,"bone marrow, lymph node",2,3.4996295487841708e-12,1a_lymphoid
IGHD2OR15-2A,,0,,4_broad
IGHD2OR15-2B,,0,,4_broad
IGHD3-10,"small intestine, spleen",2,8.115696269730366e-06,1a_lymphoid
IGHD3-16,"bone marrow, lymph node",2,0.0003735123789009053,1a_lymphoid
IGHD3-22,"stomach, tonsil",2,0.00019482636861455053,1a_lymphoid
IGHD3-3,"bone marrow, salivary gland",2,0.0001524488145262077,1a_lymphoid
IGHD3-9,"lymph node, tonsil",2,5.571907208074747e-09,1a_lymphoid
IGHD3OR15-3A,,0,,4_broad
IGHD3OR15-3B,,0,,4_broad
IGHD4-11,,0,,4_broad
IGHD4-17,,0,,4_broad
IGHD4-23,,0,,4_broad
IGHD4-4,,0,,4_broad
IGHD4OR15-4A,,0,,4_broad
IGHD4OR15-4B,,0,,4_broad
IGHD5-12,,0,,4_broad
IGHD5-18,,0,,4_broad
IGHD5-24,,0,,4_broad
IGHD5-5,,0,,4_broad
IGHD5OR15-5A,,0,,4_broad
IGHD5OR15-5B,,0,,4_broad
IGHD6-13,,0,,4_broad
IGHD6-19,,0,,4_broad
IGHD6-25,,0,,4_broad
IGHD6-6,,0,,4_broad
IGHD7-27,,0,,4_broad
IGHE,spleen,1,3.3189714895778757e-09,1a_lymphoid
IGHG1,spleen,1,1.6329751870793657e-11,1a_lymphoid
IGHG2,spleen,1,3.054136970868326e-42,1a_lymphoid
IGHG3,"spleen, tonsil",2,7.344498127785958e-10,1a_lymphoid
IGHG4,appendix,1,2.8298462834069204e-14,1a_lymphoid
IGHJ1,"duodenum, tonsil",2,0.0011541234655864684,1a_lymphoid
IGHJ2,"rectum, tonsil",2,2.126551649298031e-05,1a_lymphoid
IGHJ3,"esophagus, pancreas",2,,3_vital
IGHJ4,"stomach, urinary bladder",2,,2_restricted
IGHJ5,"colon, rectum",2,,2_restricted
IGHJ6,"cervix, testis",2,,2_restricted
IGHM,"lymph node, spleen",2,2.8691343500038196e-08,1a_lymphoid
IGHMBP2,testis,1,,1b_testis_CT
IGHV1-18,spleen,1,3.097364169093652e-08,1a_lymphoid
IGHV1-2,tonsil,1,1.3323104482430327e-09,1a_lymphoid
IGHV1-24,spleen,1,1.5541308753257763e-11,1a_lymphoid
IGHV1-3,tonsil,1,2.5656034218696342e-08,1a_lymphoid
IGHV1-45,tonsil,1,1.3402923887556652e-06,1a_lymphoid
IGHV1-46,spleen,1,1.628693723820025e-07,1a_lymphoid
IGHV1-58,urinary bladder,1,,2_restricted
IGHV1-69,"rectum, spleen, urinary bladder",3,0.0010743475574836493,1a_lymphoid
IGHV1-69-2,"spleen, tonsil",2,1.575587780581293e-05,1a_lymphoid
IGHV1-69D,"lymph node, tonsil",2,7.0173034482061e-08,1a_lymphoid
IGHV1OR15-1,"thymus, tonsil",2,5.5024211787091025e-06,1a_lymphoid
IGHV1OR15-9,"appendix, colon, stomach",3,0.004295218127835807,1a_lymphoid
IGHV1OR21-1,tonsil,1,5.208104378285418e-07,1a_lymphoid
IGHV2-26,urinary bladder,1,,2_restricted
IGHV2-5,tonsil,1,1.1695246667223592e-10,1a_lymphoid
IGHV2-70,"stomach, tonsil",2,7.852720572547758e-10,1a_lymphoid
IGHV2-70D,tonsil,1,3.1695008998914395e-07,1a_lymphoid
IGHV2OR16-5,"epididymis, stomach",2,,2_restricted
IGHV3-11,tonsil,1,3.416018934897332e-09,1a_lymphoid
IGHV3-13,tonsil,1,9.543720486962388e-06,1a_lymphoid
IGHV3-15,spleen,1,8.75702046203683e-08,1a_lymphoid
IGHV3-16,tonsil,1,3.792466859354494e-06,1a_lymphoid
IGHV3-20,tonsil,1,6.408634212084407e-07,1a_lymphoid
IGHV3-21,spleen,1,1.6843992518018903e-08,1a_lymphoid
IGHV3-23,tonsil,1,8.027838932850008e-06,1a_lymphoid
IGHV3-30,tonsil,1,2.597059870951919e-06,1a_lymphoid
IGHV3-33,"stomach, tonsil",2,7.464459074014775e-06,1a_lymphoid
IGHV3-35,"stomach, urinary bladder",2,,2_restricted
IGHV3-38,"duodenum, tonsil",2,0.029601629673471783,1a_lymphoid
IGHV3-43,"stomach, tonsil",2,0.025931166617695324,1a_lymphoid
IGHV3-48,tonsil,1,3.8002316555937805e-06,1a_lymphoid
IGHV3-49,tonsil,1,2.6593026401932636e-05,1a_lymphoid
IGHV3-53,tonsil,1,6.839596088386581e-05,1a_lymphoid
IGHV3-64,"salivary gland, spleen",2,2.8110397140444236e-06,1a_lymphoid
IGHV3-64D,tonsil,1,1.5674074741799295e-06,1a_lymphoid
IGHV3-66,urinary bladder,1,,2_restricted
IGHV3-7,"spleen, tonsil",2,2.7179139994923395e-07,1a_lymphoid
IGHV3-72,"spleen, urinary bladder",2,0.00013340844273186664,1a_lymphoid
IGHV3-73,duodenum,1,,2_restricted
IGHV3-74,spleen,1,4.767455296546458e-13,1a_lymphoid
IGHV3OR15-7,"duodenum, stomach",2,,2_restricted
IGHV3OR16-10,tonsil,1,0.02276523508002264,1a_lymphoid
IGHV3OR16-12,"duodenum, tonsil",2,1.6785254937203864e-06,1a_lymphoid
IGHV3OR16-13,spleen,1,2.8397723725623907e-14,1a_lymphoid
IGHV3OR16-17,tonsil,1,3.819825528650225e-07,1a_lymphoid
IGHV3OR16-8,"tonsil, urinary bladder",2,0.0010528349266599544,1a_lymphoid
IGHV3OR16-9,tonsil,1,0.008236234002996942,1a_lymphoid
IGHV4-28,"tonsil, urinary bladder",2,0.026131091411010682,1a_lymphoid
IGHV4-31,tonsil,1,1.4424460414551052e-11,1a_lymphoid
IGHV4-34,"spleen, urinary bladder",2,4.416793613123955e-06,1a_lymphoid
IGHV4-39,"spleen, urinary bladder",2,0.0037958201105538106,1a_lymphoid
IGHV4-4,"tonsil, urinary bladder",2,0.003125138671963028,1a_lymphoid
IGHV4-59,"tonsil, urinary bladder",2,0.00021838245258845105,1a_lymphoid
IGHV4-61,tonsil,1,2.0084995521117948e-06,1a_lymphoid
IGHV4OR15-8,"small intestine, urinary bladder",2,,2_restricted
IGHV5-10-1,tonsil,1,2.107792044228595e-06,1a_lymphoid
IGHV5-51,"spleen, urinary bladder",2,2.0479328116062996e-07,1a_lymphoid
IGHV6-1,colon,1,,2_restricted
IGHV7-4-1,"rectum, tonsil",2,0.0001381038165952482,1a_lymphoid
IGHV7-81,tonsil,1,0.00028436174758948523,1a_lymphoid
IGHV8-51-1,thymus,1,1.3027714871455516e-38,1a_lymphoid
IGIP,,0,,4_broad
IGKC,tonsil,1,2.8526697002645475e-05,1a_lymphoid
IGKJ1,"appendix, duodenum",2,0.016202903683565365,1a_lymphoid
IGKJ2,duodenum,1,,2_restricted
IGKJ3,duodenum,1,,2_restricted
IGKJ4,"appendix, duodenum",2,0.03814742365254911,1a_lymphoid
IGKJ5,,0,,4_broad
IGKV1-12,tonsil,1,1.8401038920008867e-06,1a_lymphoid
IGKV1-16,tonsil,1,3.931153977483641e-06,1a_lymphoid
IGKV1-17,tonsil,1,0.006181476342839272,1a_lymphoid
IGKV1-27,tonsil,1,0.006287683808474125,1a_lymphoid
IGKV1-33,tonsil,1,9.01641399701951e-08,1a_lymphoid
IGKV1-37,tonsil,1,9.380584569930592e-11,1a_lymphoid
IGKV1-39,spleen,1,3.067414497788022e-07,1a_lymphoid
IGKV1-5,tonsil,1,0.0003575031697709217,1a_lymphoid
IGKV1-6,tonsil,1,7.086133401792246e-13,1a_lymphoid
IGKV1-8,"spleen, tonsil",2,0.0014346268132807392,1a_lymphoid
IGKV1-9,tonsil,1,8.076364173238693e-05,1a_lymphoid
IGKV1D-12,"salivary gland, spleen",2,2.7188921265987055e-05,1a_lymphoid
IGKV1D-13,"lymph node, tonsil",2,3.6700315731393466e-07,1a_lymphoid
IGKV1D-16,tonsil,1,1.7601066878972925e-07,1a_lymphoid
IGKV1D-17,spleen,1,2.945811537080748e-06,1a_lymphoid
IGKV1D-33,"salivary gland, spleen",2,0.0001324737363726385,1a_lymphoid
IGKV1D-37,"stomach, urinary bladder",2,,2_restricted
IGKV1D-39,tonsil,1,5.858089207132569e-08,1a_lymphoid
IGKV1D-42,rectum,1,,2_restricted
IGKV1D-43,tonsil,1,0.0070747605477841395,1a_lymphoid
IGKV1D-8,"spleen, tonsil",2,5.4796514937439144e-08,1a_lymphoid
IGKV1OR2-108,tonsil,1,1.9745604702839493e-05,1a_lymphoid
IGKV2-24,urinary bladder,1,,2_restricted
IGKV2-28,tonsil,1,0.0003464415330986635,1a_lymphoid
IGKV2-30,"colon, spleen, tonsil",3,0.008333905867481303,1a_lymphoid
IGKV2-40,"duodenum, spleen",2,0.0005506158995359393,1a_lymphoid
IGKV2D-24,"spleen, tonsil",2,0.00015035909624697488,1a_lymphoid
IGKV2D-26,tonsil,1,0.00037945728278075214,1a_lymphoid
IGKV2D-28,spleen,1,1.4332875735859823e-08,1a_lymphoid
IGKV2D-29,tonsil,1,1.4924600049222267e-08,1a_lymphoid
IGKV2D-30,"spleen, tonsil",2,0.0003416950327256625,1a_lymphoid
IGKV2D-40,tonsil,1,5.752641435035049e-09,1a_lymphoid
IGKV3-11,tonsil,1,4.512686507842231e-06,1a_lymphoid
IGKV3-15,tonsil,1,2.552993227460122e-07,1a_lymphoid
IGKV3-20,tonsil,1,7.384453155111423e-05,1a_lymphoid
IGKV3-7,tonsil,1,0.009719498430186125,1a_lymphoid
IGKV3D-11,tonsil,1,0.0008753869148567579,1a_lymphoid
IGKV3D-15,tonsil,1,2.366154034607625e-05,1a_lymphoid
IGKV3D-20,tonsil,1,2.5780478493049948e-08,1a_lymphoid
IGKV3D-7,,0,,4_broad
IGKV3OR2-268,"colon, tonsil",2,0.008701968916901797,1a_lymphoid
IGKV4-1,tonsil,1,1.3103508366848056e-05,1a_lymphoid
IGKV5-2,tonsil,1,3.0072844036810466e-10,1a_lymphoid
IGKV6-21,tonsil,1,9.094583255833604e-05,1a_lymphoid
IGKV6D-21,"tonsil, urinary bladder",2,0.0056901393893940815,1a_lymphoid
IGKV6D-41,"cervix, colon",2,,2_restricted
IGLC1,tonsil,1,0.00019094766128949396,1a_lymphoid
IGLC2,tonsil,1,3.2519502963499378e-06,1a_lymphoid
IGLC3,tonsil,1,5.879606400719433e-05,1a_lymphoid
IGLC7,stomach,1,,2_restricted
IGLJ1,duodenum,1,,2_restricted
IGLJ2,duodenum,1,,2_restricted
IGLJ3,"duodenum, stomach",2,,2_restricted
IGLJ4,tonsil,1,1.0055919809368964e-14,1a_lymphoid
IGLJ5,"lymph node, tonsil",2,0.00016763799371877813,1a_lymphoid
IGLJ6,"appendix, colon, lymph node",3,0.003775657228700672,1a_lymphoid
IGLJ7,"appendix, stomach, tonsil",3,0.000921985998982732,1a_lymphoid
IGLL1,bone marrow,1,8.216236805892621e-21,1a_lymphoid
IGLL5,tonsil,1,0.00027345091930048947,1a_lymphoid
IGLON5,cerebellum,1,,3_vital
IGLV1-36,tonsil,1,4.255703331067698e-11,1a_lymphoid
IGLV1-40,"stomach, tonsil",2,0.001957871787223198,1a_lymphoid
IGLV1-44,tonsil,1,1.790767290958134e-12,1a_lymphoid
IGLV1-47,tonsil,1,2.826982413695477e-07,1a_lymphoid
IGLV1-50,"duodenum, stomach",2,,2_restricted
IGLV1-51,tonsil,1,4.0925712160711085e-07,1a_lymphoid
IGLV10-54,"colon, tonsil",2,0.020660610728933836,1a_lymphoid
IGLV11-55,"rectum, tonsil",2,0.0003924084378584159,1a_lymphoid
IGLV2-11,tonsil,1,1.2520146766232326e-07,1a_lymphoid
IGLV2-14,tonsil,1,6.681185485043953e-06,1a_lymphoid
IGLV2-18,"colon, duodenum",2,,2_restricted
IGLV2-23,tonsil,1,5.414778703722301e-07,1a_lymphoid
IGLV2-33,duodenum,1,,2_restricted
IGLV2-8,"colon, duodenum, tonsil",3,0.010419202899637965,1a_lymphoid
IGLV3-1,tonsil,1,8.577225904355281e-10,1a_lymphoid
IGLV3-10,tonsil,1,1.3838990940316987e-07,1a_lymphoid
IGLV3-12,tonsil,1,2.2599206335500723e-11,1a_lymphoid
IGLV3-16,"tonsil, urinary bladder",2,1.4832062791327292e-12,1a_lymphoid
IGLV3-19,tonsil,1,1.5183760960660263e-05,1a_lymphoid
IGLV3-21,tonsil,1,4.516702400304977e-12,1a_lymphoid
IGLV3-22,thymus,1,2.6184837540645093e-09,1a_lymphoid
IGLV3-25,tonsil,1,3.3353774816471505e-08,1a_lymphoid
IGLV3-27,tonsil,1,6.148180638079992e-21,1a_lymphoid
IGLV3-32,urinary bladder,1,,2_restricted
IGLV3-9,tonsil,1,1.5429500416311713e-09,1a_lymphoid
IGLV4-3,stomach,1,,2_restricted
IGLV4-60,"duodenum, urinary bladder",2,,2_restricted
IGLV4-69,"lymph node, tonsil",2,0.03526471478126906,1a_lymphoid
IGLV5-37,tonsil,1,3.0604330173760964e-06,1a_lymphoid
IGLV5-45,spleen,1,6.517851477543554e-08,1a_lymphoid
IGLV5-48,"spleen, tonsil",2,0.007717527699628615,1a_lymphoid
IGLV5-52,tonsil,1,0.021632443466826374,1a_lymphoid
IGLV6-57,tonsil,1,3.6522801061374483e-13,1a_lymphoid
IGLV7-43,tonsil,1,0.00048678238508241035,1a_lymphoid
IGLV7-46,"tonsil, urinary bladder",2,0.010307609355890769,1a_lymphoid
IGLV8-61,"duodenum, tonsil",2,6.756234487699072e-07,1a_lymphoid
IGLV9-49,"adrenal gland, lymph node",2,0.005379943301226998,3_vital
IGSF1,pituitary gland,1,,3_vital
IGSF10,ovary,1,,2_restricted
IGSF11,"retina, testis",2,,3_vital
IGSF21,"cerebellum, cerebral cortex",2,,3_vital
IGSF22,"basal ganglia, skin",2,,3_vital
IGSF23,"duodenum, liver, small intestine",3,,3_vital
IGSF3,esophagus,1,,2_restricted
IGSF5,heart muscle,1,,3_vital
IGSF6,spleen,1,1.489362335049461e-14,1a_lymphoid
IGSF8,spinal cord,1,,3_vital
IGSF9,"liver, retina, skin",3,,3_vital
IGSF9B,cerebellum,1,,3_vital
IHH,colon,1,,2_restricted
IHO1,testis,1,,1b_testis_CT
IK,fallopian tube,1,,2_restricted
IKBIP,placenta,1,,2_restricted
IKBKB,tongue,1,,2_restricted
IKBKE,lymph node,1,0.008974898599450313,1a_lymphoid
IKBKG,liver,1,,3_vital
IKZF1,bone marrow,1,2.5590755489233496e-07,1a_lymphoid
IKZF2,thymus,1,5.787379742771227e-13,1a_lymphoid
IKZF3,"lymph node, tonsil",2,0.00014038961748561612,1a_lymphoid
IKZF4,,0,,4_broad
IKZF5,bone marrow,1,2.1874708928316595e-14,1a_lymphoid
IL10,"appendix, spleen",2,0.007756910648136611,1a_lymphoid
IL10RA,"bone marrow, spleen",2,4.597593912196147e-05,1a_lymphoid
IL10RB,placenta,1,,2_restricted
IL11,cerebellum,1,,3_vital
IL11RA,heart muscle,1,,3_vital
IL12A,esophagus,1,,2_restricted
IL12B,thymus,1,3.0125818244525566e-12,1a_lymphoid
IL12RB1,"lymph node, spleen",2,3.31397909002784e-05,1a_lymphoid
IL12RB2,placenta,1,,2_restricted
IL13,testis,1,,1b_testis_CT
IL13RA1,liver,1,,3_vital
IL13RA2,"blood vessel, testis",2,,2_restricted
IL15,"spleen, thyroid gland",2,0.037820062945742625,1a_lymphoid
IL15RA,lung,1,,3_vital
IL16,"lymph node, thymus, tonsil",3,0.006892975350819603,1a_lymphoid
IL17A,tonsil,1,1.5026710422291906e-09,1a_lymphoid
IL17B,blood vessel,1,,2_restricted
IL17C,"endometrium, urinary bladder",2,,2_restricted
IL17D,basal ganglia,1,,3_vital
IL17F,tonsil,1,1.945992810902507e-16,1a_lymphoid
IL17RA,bone marrow,1,9.705505217454955e-12,1a_lymphoid
IL17RB,kidney,1,,3_vital
IL17RC,liver,1,,3_vital
IL17RD,,0,,4_broad
IL17RE,skin,1,,2_restricted
IL18,"esophagus, skin",2,,2_restricted
IL18BP,spleen,1,2.423250612498759e-06,1a_lymphoid
IL18R1,lung,1,,3_vital
IL18RAP,bone marrow,1,3.4484660239221775e-37,1a_lymphoid
IL19,cervix,1,,2_restricted
IL1A,urinary bladder,1,,2_restricted
IL1B,"bone marrow, urinary bladder",2,3.8822978603485243e-11,1a_lymphoid
IL1F10,skin,1,,2_restricted
IL1R1,cervix,1,,2_restricted
IL1R2,spleen,1,1.0088415269804884e-05,1a_lymphoid
IL1RAP,liver,1,,3_vital
IL1RAPL1,cerebral cortex,1,,3_vital
IL1RAPL2,adrenal gland,1,,3_vital
IL1RL1,"lung, placenta",2,,3_vital
IL1RL2,skin,1,,2_restricted
IL1RN,esophagus,1,,2_restricted
IL2,"rectum, small intestine, tonsil",3,0.032269019013183686,1a_lymphoid
IL20,"adipose tissue, skin",2,,2_restricted
IL20RA,"breast, skin",2,,2_restricted
IL20RB,"esophagus, skin",2,,2_restricted
IL21,lymph node,1,5.116744560818583e-16,1a_lymphoid
IL21R,"lymph node, tonsil",2,7.76355369302811e-06,1a_lymphoid
IL22,urinary bladder,1,,2_restricted
IL22RA1,pancreas,1,,3_vital
IL22RA2,"breast, tonsil",2,0.0002146236821947238,1a_lymphoid
IL23A,urinary bladder,1,,2_restricted
IL23R,adrenal gland,1,,3_vital
IL24,urinary bladder,1,,2_restricted
IL25,"heart muscle, testis",2,,3_vital
IL26,"appendix, tonsil, urinary bladder",3,0.00019693841714497312,1a_lymphoid
IL27,liver,1,,3_vital
IL27RA,"spleen, tonsil",2,0.005890924520928578,1a_lymphoid
IL2RA,"adipose tissue, lymph node",2,0.008991499592990403,1a_lymphoid
IL2RB,spleen,1,0.00015063585930284796,1a_lymphoid
IL2RG,"thymus, tonsil",2,0.0002189781521051279,1a_lymphoid
IL3,bone marrow,1,1.492363771149706e-08,1a_lymphoid
IL31,testis,1,,1b_testis_CT
IL31RA,"blood vessel, thymus",2,0.007631937308786154,1a_lymphoid
IL32,liver,1,,3_vital
IL33,urinary bladder,1,,2_restricted
IL34,"skin, spleen",2,1.7634649405460783e-09,1a_lymphoid
IL36A,esophagus,1,,2_restricted
IL36B,skin,1,,2_restricted
IL36G,"skin, tonsil",2,3.8476538806360105e-08,1a_lymphoid
IL36RN,"skin, tonsil",2,0.0034245684125651125,1a_lymphoid
IL37,skin,1,,2_restricted
IL3RA,,0,,4_broad
IL4,,0,,4_broad
IL4I1,"appendix, testis",2,0.015355608533620004,1a_lymphoid
IL4R,,0,,4_broad
IL5,testis,1,,1b_testis_CT
IL5RA,"choroid plexus, fallopian tube",2,,3_vital
IL6,"adipose tissue, urinary bladder",2,,2_restricted
IL6R,"liver, skeletal muscle",2,,3_vital
IL6ST,placenta,1,,2_restricted
IL7,,0,,4_broad
IL7R,thymus,1,0.0005935877410644005,1a_lymphoid
IL9,cerebral cortex,1,,3_vital
IL9R,"thymus, urinary bladder",2,0.02223120919615212,1a_lymphoid
ILDR1,parathyroid gland,1,,2_restricted
ILDR2,"retina, testis",2,,3_vital
ILF2,thymus,1,0.0005664344217770207,1a_lymphoid
ILF3,bone marrow,1,6.4359701389111105e-09,1a_lymphoid
ILK,blood vessel,1,,2_restricted
ILKAP,skeletal muscle,1,,3_vital
ILRUN,"skeletal muscle, tongue",2,,3_vital
ILVBL,heart muscle,1,,3_vital
IMMP1L,,0,,4_broad
IMMP2L,kidney,1,,3_vital
IMMT,"skeletal muscle, tongue",2,,3_vital
IMP3,,0,,4_broad
IMP4,skeletal muscle,1,,3_vital
IMPA1,testis,1,,1b_testis_CT
IMPA2,"pancreas, skeletal muscle",2,,3_vital
IMPACT,testis,1,,1b_testis_CT
IMPDH1,retina,1,,3_vital
IMPDH2,"ovary, pancreas",2,,3_vital
IMPG1,retina,1,,3_vital
IMPG2,retina,1,,3_vital
INA,"cerebral cortex, hypothalamus",2,,3_vital
INAFM1,adrenal gland,1,,3_vital
INAFM2,"blood vessel, colon",2,,2_restricted
INAVA,small intestine,1,,2_restricted
INCA1,testis,1,,1b_testis_CT
INCENP,"bone marrow, thymus",2,0.00032147758406038174,1a_lymphoid
INF2,blood vessel,1,,2_restricted
ING1,testis,1,,1b_testis_CT
ING2,ovary,1,,2_restricted
ING3,bone marrow,1,2.3792823506220604e-25,1a_lymphoid
ING4,cerebellum,1,,3_vital
ING5,,0,,4_broad
INHA,"adrenal gland, ovary, testis",3,,3_vital
INHBA,"blood vessel, gallbladder",2,,2_restricted
INHBB,"adipose tissue, breast",2,,2_restricted
INHBC,liver,1,,3_vital
INHBE,liver,1,,3_vital
INIP,,0,,4_broad
INKA1,"esophagus, skin",2,,2_restricted
INKA2,"cerebral cortex, heart muscle",2,,3_vital
INMT,lung,1,,3_vital
INO80,,0,,4_broad
INO80B,,0,,4_broad
INO80C,testis,1,,1b_testis_CT
INO80D,bone marrow,1,1.1926036033245522e-12,1a_lymphoid
INO80E,,0,,4_broad
INPP1,esophagus,1,,2_restricted
INPP4A,cerebellum,1,,3_vital
INPP4B,breast,1,,2_restricted
INPP5A,blood vessel,1,,2_restricted
INPP5B,,0,,4_broad
INPP5D,spleen,1,4.946332291035958e-10,1a_lymphoid
INPP5E,,0,,4_broad
INPP5F,hypothalamus,1,,3_vital
INPP5J,"parathyroid gland, thyroid gland",2,,2_restricted
INPP5K,choroid plexus,1,,3_vital
INPPL1,skeletal muscle,1,,3_vital
INS,pancreas,1,,3_vital
INS-IGF2,pancreas,1,,3_vital
INSC,parathyroid gland,1,,2_restricted
INSIG1,liver,1,,3_vital
INSIG2,liver,1,,3_vital
INSL3,testis,1,,1b_testis_CT
INSL4,placenta,1,,2_restricted
INSL5,"colon, rectum",2,,2_restricted
INSL6,testis,1,,1b_testis_CT
INSM1,"cerebellum, pituitary gland",2,,3_vital
INSM2,"hypothalamus, retina",2,,3_vital
INSR,"pancreas, spleen",2,0.03835744343140155,3_vital
INSRR,kidney,1,,3_vital
INSYN1,midbrain,1,,3_vital
INSYN2A,basal ganglia,1,,3_vital
INSYN2B,"breast, salivary gland",2,,2_restricted
INTS1,skeletal muscle,1,,3_vital
INTS10,pancreas,1,,3_vital
INTS11,,0,,4_broad
INTS12,bone marrow,1,0.004655669196013128,1a_lymphoid
INTS13,spinal cord,1,,3_vital
INTS14,,0,,4_broad
INTS15,,0,,4_broad
INTS2,,0,,4_broad
INTS3,,0,,4_broad
INTS4,,0,,4_broad
INTS5,,0,,4_broad
INTS6,testis,1,,1b_testis_CT
INTS6L,,0,,4_broad
INTS7,testis,1,,1b_testis_CT
INTS8,testis,1,,1b_testis_CT
INTS9,adrenal gland,1,,3_vital
INTU,retina,1,,3_vital
INVS,retina,1,,3_vital
IP6K1,"cerebellum, cerebral cortex",2,,3_vital
IP6K2,cerebellum,1,,3_vital
IP6K3,skeletal muscle,1,,3_vital
IPCEF1,thyroid gland,1,,2_restricted
IPMK,liver,1,,3_vital
IPO11,testis,1,,1b_testis_CT
IPO13,skeletal muscle,1,,3_vital
IPO4,testis,1,,1b_testis_CT
IPO5,testis,1,,1b_testis_CT
IPO7,"skeletal muscle, tongue",2,,3_vital
IPO8,parathyroid gland,1,,2_restricted
IPO9,,0,,4_broad
IPP,skeletal muscle,1,,3_vital
IPPK,"esophagus, skin",2,,2_restricted
IQANK1,"esophagus, skin",2,,2_restricted
IQCA1,choroid plexus,1,,3_vital
IQCA1L,testis,1,,1b_testis_CT
IQCB1,testis,1,,1b_testis_CT
IQCC,testis,1,,1b_testis_CT
IQCD,testis,1,,1b_testis_CT
IQCE,testis,1,,1b_testis_CT
IQCF1,testis,1,,1b_testis_CT
IQCF2,testis,1,,1b_testis_CT
IQCF3,testis,1,,1b_testis_CT
IQCF5,testis,1,,1b_testis_CT
IQCF6,testis,1,,1b_testis_CT
IQCG,"choroid plexus, fallopian tube, testis",3,,3_vital
IQCH,testis,1,,1b_testis_CT
IQCJ,"pituitary gland, testis",2,,3_vital
IQCJ-SCHIP1,spinal cord,1,,3_vital
IQCK,testis,1,,1b_testis_CT
IQCM,testis,1,,1b_testis_CT
IQCN,testis,1,,1b_testis_CT
IQGAP1,,0,,4_broad
IQGAP2,liver,1,,3_vital
IQGAP3,bone marrow,1,1.4069580468569696e-08,1a_lymphoid
IQSEC1,cerebral cortex,1,,3_vital
IQSEC2,skeletal muscle,1,,3_vital
IQSEC3,cerebellum,1,,3_vital
IQUB,testis,1,,1b_testis_CT
IRAG1,blood vessel,1,,2_restricted
IRAG2,"lymph node, tonsil",2,4.980501027779351e-06,1a_lymphoid
IRAK1,skeletal muscle,1,,3_vital
IRAK1BP1,"bone marrow, retina",2,0.04111221885532918,3_vital
IRAK2,bone marrow,1,0.000104247577450348,1a_lymphoid
IRAK3,bone marrow,1,3.4804566428551724e-16,1a_lymphoid
IRAK4,spleen,1,0.003122010967697857,1a_lymphoid
IREB2,,0,,4_broad
IRF1,bone marrow,1,0.003970703474004353,1a_lymphoid
IRF2,lymph node,1,0.04021857912646889,1a_lymphoid
IRF2BP1,,0,,4_broad
IRF2BP2,bone marrow,1,4.6774655173706555e-11,1a_lymphoid
IRF2BPL,,0,,4_broad
IRF3,spleen,1,0.010975052365878464,1a_lymphoid
IRF4,bone marrow,1,1.8980754221750932e-05,1a_lymphoid
IRF5,spleen,1,0.014949534109592167,1a_lymphoid
IRF6,"esophagus, skin",2,,2_restricted
IRF7,"liver, spleen",2,0.002509465901340027,3_vital
IRF8,"lymph node, tonsil",2,1.8910485624668723e-05,1a_lymphoid
IRF9,spleen,1,0.014955910632101397,1a_lymphoid
IRGC,testis,1,,1b_testis_CT
IRGM,testis,1,,1b_testis_CT
IRGQ,cerebellum,1,,3_vital
IRS1,skeletal muscle,1,,3_vital
IRS2,bone marrow,1,4.6792549943271775e-07,1a_lymphoid
IRS4,pituitary gland,1,,3_vital
IRX1,"kidney, salivary gland",2,,3_vital
IRX2,"breast, salivary gland, skin",3,,2_restricted
IRX3,"breast, skin",2,,2_restricted
IRX4,skin,1,,2_restricted
IRX5,"breast, skin",2,,2_restricted
IRX6,"adipose tissue, heart muscle, skin",3,,3_vital
ISCA1,"skeletal muscle, tongue",2,,3_vital
ISCA2,epididymis,1,,2_restricted
ISCU,heart muscle,1,,3_vital
ISG15,salivary gland,1,,2_restricted
ISG20,"lymph node, spleen",2,4.354423013637839e-05,1a_lymphoid
ISG20L2,testis,1,,1b_testis_CT
ISL1,"retina, seminal vesicle",2,,3_vital
ISL2,vagina,1,,2_restricted
ISLR,"cervix, endometrium",2,,2_restricted
ISLR2,"basal ganglia, cerebral cortex, testis",3,,3_vital
ISM1,"blood vessel, thyroid gland",2,,2_restricted
ISM2,placenta,1,,2_restricted
ISOC1,"endometrium, liver",2,,3_vital
ISOC2,liver,1,,3_vital
IST1,parathyroid gland,1,,2_restricted
ISX,"colon, duodenum, small intestine",3,,2_restricted
ISY1,bone marrow,1,6.98033123700351e-06,1a_lymphoid
ISY1-RAB43,thymus,1,0.0024545130970207137,1a_lymphoid
ISYNA1,"choroid plexus, testis",2,,3_vital
ITCH,liver,1,,3_vital
ITFG1,,0,,4_broad
ITFG2,,0,,4_broad
ITGA1,"colon, spleen",2,0.03820351611147607,1a_lymphoid
ITGA10,blood vessel,1,,2_restricted
ITGA11,blood vessel,1,,2_restricted
ITGA2,,0,,4_broad
ITGA2B,"bone marrow, spleen",2,1.403462860406258e-05,1a_lymphoid
ITGA3,blood vessel,1,,2_restricted
ITGA4,thymus,1,1.6520560957732608e-05,1a_lymphoid
ITGA5,blood vessel,1,,2_restricted
ITGA6,,0,,4_broad
ITGA7,"heart muscle, skeletal muscle",2,,3_vital
ITGA8,blood vessel,1,,2_restricted
ITGA9,,0,,4_broad
ITGAD,spleen,1,8.952151980935818e-27,1a_lymphoid
ITGAE,"bone marrow, lung, small intestine",3,0.007983899876442295,3_vital
ITGAL,"lymph node, spleen, thymus",3,0.008291945175087702,1a_lymphoid
ITGAM,bone marrow,1,3.4349710658635874e-31,1a_lymphoid
ITGAV,parathyroid gland,1,,2_restricted
ITGAX,"lung, spleen",2,0.00017635835018710606,3_vital
ITGB1,"blood vessel, smooth muscle",2,,2_restricted
ITGB1BP1,adipose tissue,1,,2_restricted
ITGB1BP2,"heart muscle, tongue",2,,3_vital
ITGB2,bone marrow,1,2.023934528584528e-09,1a_lymphoid
ITGB3,"blood vessel, thyroid gland",2,,2_restricted
ITGB3BP,,0,,4_broad
ITGB4,"salivary gland, skin",2,,2_restricted
ITGB5,blood vessel,1,,2_restricted
ITGB6,"skeletal muscle, tongue",2,,3_vital
ITGB7,"lymph node, spleen",2,0.008769326817471307,1a_lymphoid
ITGB8,kidney,1,,3_vital
ITGBL1,blood vessel,1,,2_restricted
ITIH1,liver,1,,3_vital
ITIH2,liver,1,,3_vital
ITIH3,liver,1,,3_vital
ITIH4,liver,1,,3_vital
ITIH5,"adipose tissue, placenta",2,,2_restricted
ITIH6,skeletal muscle,1,,3_vital
ITK,thymus,1,1.3913095132672383e-10,1a_lymphoid
ITLN1,"adipose tissue, rectum",2,,2_restricted
ITLN2,"duodenum, small intestine",2,,2_restricted
ITM2A,thymus,1,1.6281861116529056e-09,1a_lymphoid
ITM2B,"epididymis, kidney",2,,3_vital
ITM2C,"basal ganglia, cerebral cortex",2,,3_vital
ITPA,esophagus,1,,2_restricted
ITPK1,,0,,4_broad
ITPKA,"basal ganglia, cerebral cortex",2,,3_vital
ITPKB,"choroid plexus, midbrain",2,,3_vital
ITPKC,esophagus,1,,2_restricted
ITPR1,parathyroid gland,1,,2_restricted
ITPR2,liver,1,,3_vital
ITPR3,"skin, thyroid gland",2,,2_restricted
ITPRID1,salivary gland,1,,2_restricted
ITPRID2,pancreas,1,,3_vital
ITPRIP,bone marrow,1,3.738821227933237e-13,1a_lymphoid
ITPRIPL1,testis,1,,1b_testis_CT
ITPRIPL2,skin,1,,2_restricted
ITSN1,adipose tissue,1,,2_restricted
ITSN2,"bone marrow, pancreas",2,0.004790468390304557,3_vital
IVD,"liver, thyroid gland",2,,3_vital
IVL,"esophagus, vagina",2,,2_restricted
IVNS1ABP,bone marrow,1,8.965264851875359e-31,1a_lymphoid
IWS1,skeletal muscle,1,,3_vital
IYD,thyroid gland,1,,2_restricted
IZUMO1,testis,1,,1b_testis_CT
IZUMO1R,"adrenal gland, choroid plexus, lymph node",3,0.016222274155802602,3_vital
IZUMO2,testis,1,,1b_testis_CT
IZUMO3,testis,1,,1b_testis_CT
IZUMO4,testis,1,,1b_testis_CT
JADE1,pancreas,1,,3_vital
JADE2,,0,,4_broad
JADE3,"epididymis, placenta",2,,2_restricted
JAG1,blood vessel,1,,2_restricted
JAG2,"pituitary gland, skin",2,,3_vital
JAGN1,liver,1,,3_vital
JAK1,,0,,4_broad
JAK2,blood vessel,1,,2_restricted
JAK3,spleen,1,4.8433586893498164e-18,1a_lymphoid
JAKMIP1,"basal ganglia, cerebral cortex",2,,3_vital
JAKMIP2,cerebral cortex,1,,3_vital
JAKMIP3,spinal cord,1,,3_vital
JAM2,placenta,1,,2_restricted
JAM3,placenta,1,,2_restricted
JAML,"appendix, spleen",2,0.0013082584000115942,1a_lymphoid
JARID2,bone marrow,1,1.692382939770035e-13,1a_lymphoid
JAZF1,"adrenal gland, cervix",2,,3_vital
JCAD,colon,1,,2_restricted
JCHAIN,colon,1,,2_restricted
JDP2,"bone marrow, spleen",2,0.0005832946403287433,1a_lymphoid
JHY,testis,1,,1b_testis_CT
JKAMP,parathyroid gland,1,,2_restricted
JMJD1C,"bone marrow, retina",2,0.03763442124010705,3_vital
JMJD4,testis,1,,1b_testis_CT
JMJD6,bone marrow,1,6.024956820826885e-16,1a_lymphoid
JMJD7,"esophagus, skin",2,,2_restricted
JMJD7-PLA2G4B,skin,1,,2_restricted
JMJD8,,0,,4_broad
JMY,,0,,4_broad
JOSD1,bone marrow,1,8.636331961406669e-11,1a_lymphoid
JOSD2,spinal cord,1,,3_vital
JPH1,skeletal muscle,1,,3_vital
JPH2,skeletal muscle,1,,3_vital
JPH3,"cerebral cortex, hippocampal formation",2,,3_vital
JPH4,basal ganglia,1,,3_vital
JPT1,testis,1,,1b_testis_CT
JPT2,spinal cord,1,,3_vital
JRK,cerebellum,1,,3_vital
JRKL,,0,,4_broad
JSRP1,skeletal muscle,1,,3_vital
JTB,pancreas,1,,3_vital
JUN,,0,,4_broad
JUNB,blood vessel,1,,2_restricted
JUND,,0,,4_broad
JUP,"esophagus, skin",2,,2_restricted
KALRN,"cerebral cortex, skeletal muscle",2,,3_vital
KANK1,blood vessel,1,,2_restricted
KANK2,,0,,4_broad
KANK3,"heart muscle, spleen",2,0.03364569023034555,3_vital
KANK4,pancreas,1,,3_vital
KANSL1,,0,,4_broad
KANSL1L,parathyroid gland,1,,2_restricted
KANSL2,"bone marrow, skeletal muscle",2,1.7236597393377257e-06,3_vital
KANSL3,skeletal muscle,1,,3_vital
KANTR,"cerebellum, hypothalamus",2,,3_vital
KARS1,"skeletal muscle, tongue",2,,3_vital
KASH5,testis,1,,1b_testis_CT
KAT14,"skeletal muscle, tongue",2,,3_vital
KAT2A,,0,,4_broad
KAT2B,,0,,4_broad
KAT5,,0,,4_broad
KAT6A,bone marrow,1,3.0915558720524095e-06,1a_lymphoid
KAT6B,,0,,4_broad
KAT7,"bone marrow, testis",2,0.0019661322931419883,1a_lymphoid
KAT8,cerebellum,1,,3_vital
KATNA1,testis,1,,1b_testis_CT
KATNAL1,"heart muscle, testis",2,,3_vital
KATNAL2,"choroid plexus, testis",2,,3_vital
KATNB1,cerebral cortex,1,,3_vital
KATNBL1,esophagus,1,,2_restricted
KATNIP,"fallopian tube, retina",2,,3_vital
KAZALD1,spleen,1,4.896755188738483e-07,1a_lymphoid
KAZN,"cerebellum, spleen",2,8.519157756379015e-05,3_vital
KBTBD11,cerebral cortex,1,,3_vital
KBTBD12,skeletal muscle,1,,3_vital
KBTBD13,skeletal muscle,1,,3_vital
KBTBD2,"bone marrow, skeletal muscle",2,0.0013051622226646442,3_vital
KBTBD3,retina,1,,3_vital
KBTBD4,skeletal muscle,1,,3_vital
KBTBD6,"cerebellum, hypothalamus",2,,3_vital
KBTBD7,,0,,4_broad
KBTBD8,"lymph node, tonsil",2,0.00017459430502320236,1a_lymphoid
KCMF1,skeletal muscle,1,,3_vital
KCNA1,cerebellum,1,,3_vital
KCNA10,testis,1,,1b_testis_CT
KCNA2,"cerebellum, cerebral cortex",2,,3_vital
KCNA3,"lung, small intestine, spleen",3,0.0003021074655840839,3_vital
KCNA4,"adrenal gland, basal ganglia",2,,3_vital
KCNA5,"blood vessel, choroid plexus, heart muscle",3,,3_vital
KCNA6,cerebral cortex,1,,3_vital
KCNA7,skeletal muscle,1,,3_vital
KCNAB1,"basal ganglia, blood vessel",2,,3_vital
KCNAB2,"cerebral cortex, hippocampal formation",2,,3_vital
KCNAB3,cerebellum,1,,3_vital
KCNB1,retina,1,,3_vital
KCNB2,retina,1,,3_vital
KCNC1,cerebellum,1,,3_vital
KCNC2,cerebral cortex,1,,3_vital
KCNC3,"cerebellum, thyroid gland",2,,3_vital
KCNC4,"cerebral cortex, hypothalamus",2,,3_vital
KCND1,cerebellum,1,,3_vital
KCND2,cerebellum,1,,3_vital
KCND3,cerebellum,1,,3_vital
KCNE1,"choroid plexus, fallopian tube, heart muscle",3,,3_vital
KCNE2,stomach,1,,2_restricted
KCNE3,"duodenum, stomach",2,,2_restricted
KCNE4,"blood vessel, smooth muscle",2,,2_restricted
KCNE5,midbrain,1,,3_vital
KCNF1,"basal ganglia, cerebral cortex",2,,3_vital
KCNG1,"cervix, endometrium",2,,2_restricted
KCNG2,hippocampal formation,1,,3_vital
KCNG3,basal ganglia,1,,3_vital
KCNG4,retina,1,,3_vital
KCNH1,"cerebellum, cerebral cortex",2,,3_vital
KCNH2,pituitary gland,1,,3_vital
KCNH3,"amygdala, cerebral cortex, hippocampal formation",3,,3_vital
KCNH4,basal ganglia,1,,3_vital
KCNH5,retina,1,,3_vital
KCNH6,"kidney, pituitary gland",2,,3_vital
KCNH7,"cerebral cortex, retina",2,,3_vital
KCNH8,pituitary gland,1,,3_vital
KCNIP1,basal ganglia,1,,3_vital
KCNIP2,"adipose tissue, basal ganglia, heart muscle",3,,3_vital
KCNIP3,"cerebral cortex, parathyroid gland",2,,3_vital
KCNIP4,cerebral cortex,1,,3_vital
KCNJ1,kidney,1,,3_vital
KCNJ10,spinal cord,1,,3_vital
KCNJ11,skeletal muscle,1,,3_vital
KCNJ12,"cerebellum, skeletal muscle",2,,3_vital
KCNJ13,"choroid plexus, small intestine",2,,3_vital
KCNJ14,retina,1,,3_vital
KCNJ15,"kidney, thyroid gland",2,,3_vital
KCNJ16,"kidney, parathyroid gland",2,,3_vital
KCNJ18,skin,1,,2_restricted
KCNJ2,parathyroid gland,1,,2_restricted
KCNJ3,cerebellum,1,,3_vital
KCNJ4,"basal ganglia, cerebral cortex",2,,3_vital
KCNJ5,adrenal gland,1,,3_vital
KCNJ6,"cerebellum, hippocampal formation, midbrain",3,,3_vital
KCNJ8,heart muscle,1,,3_vital
KCNJ9,"cerebellum, cerebral cortex",2,,3_vital
KCNK1,"cerebellum, choroid plexus",2,,3_vital
KCNK10,duodenum,1,,2_restricted
KCNK12,cerebellum,1,,3_vital
KCNK13,testis,1,,1b_testis_CT
KCNK15,blood vessel,1,,2_restricted
KCNK16,pancreas,1,,3_vital
KCNK17,blood vessel,1,,2_restricted
KCNK18,basal ganglia,1,,3_vital
KCNK2,adrenal gland,1,,3_vital
KCNK3,adrenal gland,1,,3_vital
KCNK4,"amygdala, basal ganglia, hippocampal formation",3,,3_vital
KCNK5,,0,,4_broad
KCNK6,esophagus,1,,2_restricted
KCNK7,skin,1,,2_restricted
KCNK9,cerebellum,1,,3_vital
KCNMA1,endometrium,1,,2_restricted
KCNMB1,"blood vessel, colon",2,,2_restricted
KCNMB2,epididymis,1,,2_restricted
KCNMB3,,0,,4_broad
KCNMB4,hippocampal formation,1,,3_vital
KCNN1,"cerebral cortex, hippocampal formation",2,,3_vital
KCNN2,"adrenal gland, liver",2,,3_vital
KCNN3,cerebral cortex,1,,3_vital
KCNN4,salivary gland,1,,2_restricted
KCNQ1,adrenal gland,1,,3_vital
KCNQ2,cerebellum,1,,3_vital
KCNQ3,"basal ganglia, cerebral cortex",2,,3_vital
KCNQ4,colon,1,,2_restricted
KCNQ5,"cerebral cortex, skeletal muscle, tongue",3,,3_vital
KCNRG,fallopian tube,1,,2_restricted
KCNS1,cerebral cortex,1,,3_vital
KCNS2,cerebral cortex,1,,3_vital
KCNS3,skeletal muscle,1,,3_vital
KCNT1,"cerebellum, cerebral cortex",2,,3_vital
KCNT2,"blood vessel, ovary",2,,2_restricted
KCNU1,testis,1,,1b_testis_CT
KCNV1,cerebral cortex,1,,3_vital
KCNV2,retina,1,,3_vital
KCP,kidney,1,,3_vital
KCTD1,skin,1,,2_restricted
KCTD10,blood vessel,1,,2_restricted
KCTD11,"esophagus, vagina",2,,2_restricted
KCTD12,,0,,4_broad
KCTD13,"basal ganglia, hippocampal formation, testis",3,,3_vital
KCTD14,salivary gland,1,,2_restricted
KCTD15,skin,1,,2_restricted
KCTD16,cerebral cortex,1,,3_vital
KCTD17,basal ganglia,1,,3_vital
KCTD18,,0,,4_broad
KCTD19,testis,1,,1b_testis_CT
KCTD2,cerebellum,1,,3_vital
KCTD20,,0,,4_broad
KCTD21,liver,1,,3_vital
KCTD3,"adrenal gland, liver",2,,3_vital
KCTD4,"amygdala, basal ganglia",2,,3_vital
KCTD5,esophagus,1,,2_restricted
KCTD6,"cerebellum, retina",2,,3_vital
KCTD7,retina,1,,3_vital
KCTD8,cerebellum,1,,3_vital
KCTD9,heart muscle,1,,3_vital
KDELR1,,0,,4_broad
KDELR2,liver,1,,3_vital
KDELR3,,0,,4_broad
KDF1,,0,,4_broad
KDM1A,testis,1,,1b_testis_CT
KDM1B,"bone marrow, thyroid gland",2,0.0012175982965351277,1a_lymphoid
KDM2A,bone marrow,1,0.0019257631582077876,1a_lymphoid
KDM2B,,0,,4_broad
KDM3A,"bone marrow, retina",2,1.267032747047967e-05,3_vital
KDM3B,skeletal muscle,1,,3_vital
KDM4A,duodenum,1,,2_restricted
KDM4B,,0,,4_broad
KDM4C,cerebellum,1,,3_vital
KDM4D,testis,1,,1b_testis_CT
KDM4E,testis,1,,1b_testis_CT
KDM4F,,0,,4_broad
KDM5A,bone marrow,1,1.7884764096376707e-10,1a_lymphoid
KDM5B,testis,1,,1b_testis_CT
KDM5C,,0,,4_broad
KDM5D,,0,,4_broad
KDM6A,bone marrow,1,0.00013604690935030054,1a_lymphoid
KDM6B,,0,,4_broad
KDM7A,bone marrow,1,0.01320489048388542,1a_lymphoid
KDM8,liver,1,,3_vital
KDR,"endometrium, placenta",2,,2_restricted
KDSR,,0,,4_broad
KEAP1,skeletal muscle,1,,3_vital
KEL,"bone marrow, testis",2,1.2793275605434208e-10,1a_lymphoid
KERA,gallbladder,1,,2_restricted
KHDC1,basal ganglia,1,,3_vital
KHDC1L,"basal ganglia, testis",2,,3_vital
KHDC3L,"cerebellum, testis",2,,3_vital
KHDC4,,0,,4_broad
KHDRBS1,"ovary, thymus",2,0.0406343393906271,1a_lymphoid
KHDRBS2,basal ganglia,1,,3_vital
KHDRBS3,testis,1,,1b_testis_CT
KHK,"liver, small intestine",2,,3_vital
KHNYN,,0,,4_broad
KHSRP,,0,,4_broad
KIAA0040,placenta,1,,2_restricted
KIAA0232,tongue,1,,2_restricted
KIAA0319,cerebral cortex,1,,3_vital
KIAA0319L,,0,,4_broad
KIAA0408,skeletal muscle,1,,3_vital
KIAA0513,"cerebellum, cerebral cortex",2,,3_vital
KIAA0586,"testis, thymus",2,0.0318026053763689,1a_lymphoid
KIAA0753,testis,1,,1b_testis_CT
KIAA0825,"retina, testis",2,,3_vital
KIAA0930,,0,,4_broad
KIAA1143,skeletal muscle,1,,3_vital
KIAA1191,kidney,1,,3_vital
KIAA1210,"epididymis, testis",2,,2_restricted
KIAA1217,skeletal muscle,1,,3_vital
KIAA1328,"bone marrow, retina",2,0.04246418045800929,3_vital
KIAA1522,adrenal gland,1,,3_vital
KIAA1549,"pancreas, retina",2,,3_vital
KIAA1549L,"cerebral cortex, parathyroid gland",2,,3_vital
KIAA1586,placenta,1,,2_restricted
KIAA1614,"cerebellum, retina",2,,3_vital
KIAA1671,blood vessel,1,,2_restricted
KIAA1755,cerebral cortex,1,,3_vital
KIAA1958,retina,1,,3_vital
KIAA2012,fallopian tube,1,,2_restricted
KIAA2013,,0,,4_broad
KIAA2026,,0,,4_broad
KICS2,liver,1,,3_vital
KIDINS220,parathyroid gland,1,,2_restricted
KIF11,thymus,1,1.1505580531637542e-07,1a_lymphoid
KIF12,kidney,1,,3_vital
KIF13A,"skeletal muscle, tongue",2,,3_vital
KIF13B,parathyroid gland,1,,2_restricted
KIF14,"bone marrow, thymus",2,1.1681383840975592e-09,1a_lymphoid
KIF15,"testis, thymus",2,2.3718801085072376e-06,1a_lymphoid
KIF16B,"adrenal gland, parathyroid gland",2,,3_vital
KIF17,testis,1,,1b_testis_CT
KIF18A,"testis, thymus",2,0.020224166808412915,1a_lymphoid
KIF18B,"bone marrow, thymus",2,1.6444383466679228e-05,1a_lymphoid
KIF19,spleen,1,0.016905128605532328,1a_lymphoid
KIF1A,cerebral cortex,1,,3_vital
KIF1B,"skeletal muscle, tongue",2,,3_vital
KIF1C,"skeletal muscle, tongue",2,,3_vital
KIF20A,thymus,1,2.9539074301859782e-06,1a_lymphoid
KIF20B,"bone marrow, thymus",2,0.011038802299698546,1a_lymphoid
KIF21A,retina,1,,3_vital
KIF21B,bone marrow,1,0.0002833157040617428,1a_lymphoid
KIF22,"bone marrow, thymus",2,5.268509030960433e-06,1a_lymphoid
KIF23,"bone marrow, thymus",2,1.1829164449215311e-05,1a_lymphoid
KIF24,testis,1,,1b_testis_CT
KIF25,cerebellum,1,,3_vital
KIF26A,,0,,4_broad
KIF26B,cerebellum,1,,3_vital
KIF27,testis,1,,1b_testis_CT
KIF2A,testis,1,,1b_testis_CT
KIF2B,testis,1,,1b_testis_CT
KIF2C,testis,1,,1b_testis_CT
KIF3A,"cerebral cortex, retina",2,,3_vital
KIF3B,parathyroid gland,1,,2_restricted
KIF3C,cerebral cortex,1,,3_vital
KIF4A,"bone marrow, thymus",2,0.00013397733690881603,1a_lymphoid
KIF4B,testis,1,,1b_testis_CT
KIF5A,"amygdala, cerebral cortex",2,,3_vital
KIF5B,spinal cord,1,,3_vital
KIF5C,"amygdala, cerebral cortex",2,,3_vital
KIF6,"midbrain, spinal cord",2,,3_vital
KIF7,blood vessel,1,,2_restricted
KIF9,"choroid plexus, testis",2,,3_vital
KIFAP3,cerebral cortex,1,,3_vital
KIFBP,,0,,4_broad
KIFC1,"bone marrow, thymus",2,5.111683096285293e-05,1a_lymphoid
KIFC2,"cerebellum, cerebral cortex",2,,3_vital
KIFC3,kidney,1,,3_vital
KIN,,0,,4_broad
KIR2DL1,spleen,1,1.1407611503129056e-18,1a_lymphoid
KIR2DL3,spleen,1,1.4548420745133585e-21,1a_lymphoid
KIR2DL4,spleen,1,6.646392057011323e-32,1a_lymphoid
KIR3DL1,spleen,1,1.4548420745133585e-21,1a_lymphoid
KIR3DL2,spleen,1,9.192425023293777e-15,1a_lymphoid
KIR3DL3,,0,,4_broad
KIRREL1,,0,,4_broad
KIRREL2,pancreas,1,,3_vital
KIRREL3,basal ganglia,1,,3_vital
KISS1,placenta,1,,2_restricted
KISS1R,hypothalamus,1,,3_vital
KIT,breast,1,,2_restricted
KITLG,lung,1,,3_vital
KIZ,colon,1,,2_restricted
KL,"kidney, parathyroid gland",2,,3_vital
KLB,"adipose tissue, liver",2,,3_vital
KLC1,"cerebellum, cerebral cortex",2,,3_vital
KLC2,"cerebellum, cerebral cortex",2,,3_vital
KLC3,skin,1,,2_restricted
KLC4,"duodenum, liver",2,,3_vital
KLF1,bone marrow,1,9.136250715478988e-57,1a_lymphoid
KLF10,"bone marrow, skeletal muscle",2,0.036082986187946677,3_vital
KLF11,pancreas,1,,3_vital
KLF12,,0,,4_broad
KLF13,bone marrow,1,0.01360029662976745,1a_lymphoid
KLF14,"adrenal gland, testis",2,,3_vital
KLF15,liver,1,,3_vital
KLF16,basal ganglia,1,,3_vital
KLF17,testis,1,,1b_testis_CT
KLF18,testis,1,,1b_testis_CT
KLF2,,0,,4_broad
KLF3,bone marrow,1,0.0001564783796462313,1a_lymphoid
KLF4,skin,1,,2_restricted
KLF5,"esophagus, skin",2,,2_restricted
KLF6,bone marrow,1,7.297447195483268e-06,1a_lymphoid
KLF7,bone marrow,1,2.3221591875890635e-05,1a_lymphoid
KLF8,skin,1,,2_restricted
KLF9,skeletal muscle,1,,3_vital
KLHDC1,ovary,1,,2_restricted
KLHDC10,testis,1,,1b_testis_CT
KLHDC2,"liver, skeletal muscle",2,,3_vital
KLHDC3,skeletal muscle,1,,3_vital
KLHDC4,,0,,4_broad
KLHDC7A,kidney,1,,3_vital
KLHDC7B,parathyroid gland,1,,2_restricted
KLHDC8A,ovary,1,,2_restricted
KLHDC8B,adrenal gland,1,,3_vital
KLHDC9,testis,1,,1b_testis_CT
KLHL1,midbrain,1,,3_vital
KLHL10,testis,1,,1b_testis_CT
KLHL11,"bone marrow, testis",2,0.003989235621021487,1a_lymphoid
KLHL12,testis,1,,1b_testis_CT
KLHL13,"endometrium, smooth muscle",2,,2_restricted
KLHL14,"seminal vesicle, thyroid gland",2,,2_restricted
KLHL15,bone marrow,1,9.331939703009215e-20,1a_lymphoid
KLHL17,,0,,4_broad
KLHL18,"bone marrow, retina",2,0.018048735362097362,3_vital
KLHL2,hippocampal formation,1,,3_vital
KLHL20,,0,,4_broad
KLHL21,skeletal muscle,1,,3_vital
KLHL22,cerebellum,1,,3_vital
KLHL23,endometrium,1,,2_restricted
KLHL24,tongue,1,,2_restricted
KLHL25,liver,1,,3_vital
KLHL26,blood vessel,1,,2_restricted
KLHL28,bone marrow,1,3.1332250685808056e-15,1a_lymphoid
KLHL29,,0,,4_broad
KLHL3,cerebellum,1,,3_vital
KLHL30,skeletal muscle,1,,3_vital
KLHL31,skeletal muscle,1,,3_vital
KLHL32,spinal cord,1,,3_vital
KLHL33,skeletal muscle,1,,3_vital
KLHL34,skeletal muscle,1,,3_vital
KLHL35,"basal ganglia, testis",2,,3_vital
KLHL36,,0,,4_broad
KLHL38,skeletal muscle,1,,3_vital
KLHL4,adrenal gland,1,,3_vital
KLHL40,skeletal muscle,1,,3_vital
KLHL41,"skeletal muscle, tongue",2,,3_vital
KLHL42,blood vessel,1,,2_restricted
KLHL5,,0,,4_broad
KLHL6,"lymph node, tonsil",2,5.0840252152204704e-06,1a_lymphoid
KLHL7,"heart muscle, testis",2,,3_vital
KLHL8,epididymis,1,,2_restricted
KLHL9,,0,,4_broad
KLK1,"pancreas, salivary gland",2,,3_vital
KLK10,esophagus,1,,2_restricted
KLK11,"esophagus, skin",2,,2_restricted
KLK12,esophagus,1,,2_restricted
KLK13,esophagus,1,,2_restricted
KLK14,skin,1,,2_restricted
KLK15,"colon, salivary gland",2,,2_restricted
KLK2,prostate,1,,2_restricted
KLK3,prostate,1,,2_restricted
KLK4,prostate,1,,2_restricted
KLK5,skin,1,,2_restricted
KLK6,spinal cord,1,,3_vital
KLK7,skin,1,,2_restricted
KLK8,"esophagus, skin",2,,2_restricted
KLK9,"cervix, skin",2,,2_restricted
KLKB1,liver,1,,3_vital
KLLN,skeletal muscle,1,,3_vital
KLRB1,"bone marrow, tonsil",2,7.688102365426804e-05,1a_lymphoid
KLRC1,spleen,1,0.0006825254345028984,1a_lymphoid
KLRC2,cerebral cortex,1,,3_vital
KLRC3,"cerebral cortex, spleen",2,0.022087351169233743,3_vital
KLRC4,spleen,1,1.0336382016503877e-09,1a_lymphoid
KLRD1,spleen,1,2.0631969397983945e-08,1a_lymphoid
KLRF1,"bone marrow, spleen",2,3.5368780814955546e-09,1a_lymphoid
KLRF2,skin,1,,2_restricted
KLRG1,"lymph node, spleen",2,4.210232006749762e-06,1a_lymphoid
KLRG2,kidney,1,,3_vital
KLRK1,"lymph node, spleen",2,3.299843513961904e-05,1a_lymphoid
KMO,liver,1,,3_vital
KMT2A,retina,1,,3_vital
KMT2B,,0,,4_broad
KMT2C,,0,,4_broad
KMT2D,"bone marrow, retina",2,0.00026543923708334044,3_vital
KMT2E,bone marrow,1,1.570676301540362e-08,1a_lymphoid
KMT5A,esophagus,1,,2_restricted
KMT5B,,0,,4_broad
KMT5C,cerebellum,1,,3_vital
KNCN,hypothalamus,1,,3_vital
KNDC1,"cerebellum, cerebral cortex",2,,3_vital
KNG1,liver,1,,3_vital
KNL1,testis,1,,1b_testis_CT
KNOP1,,0,,4_broad
KNSTRN,"testis, thyroid gland",2,,2_restricted
KNTC1,bone marrow,1,2.8915012053332725e-06,1a_lymphoid
KPNA1,skeletal muscle,1,,3_vital
KPNA2,testis,1,,1b_testis_CT
KPNA3,"skeletal muscle, tongue",2,,3_vital
KPNA4,skeletal muscle,1,,3_vital
KPNA5,testis,1,,1b_testis_CT
KPNA6,skeletal muscle,1,,3_vital
KPNA7,"ovary, stomach",2,,2_restricted
KPNB1,thymus,1,0.03608047569022435,1a_lymphoid
KPRP,skin,1,,2_restricted
KPTN,cerebellum,1,,3_vital
KRAS,,0,,4_broad
KRBA1,"heart muscle, pituitary gland",2,,3_vital
KRBA2,retina,1,,3_vital
KRBOX1,testis,1,,1b_testis_CT
KRBOX4,,0,,4_broad
KRBOX5,,0,,4_broad
KRCC1,,0,,4_broad
KREMEN1,parathyroid gland,1,,2_restricted
KREMEN2,skin,1,,2_restricted
KRI1,"retina, thymus",2,0.046030012099042915,3_vital
KRIT1,parathyroid gland,1,,2_restricted
KRR1,bone marrow,1,1.7274210762395549e-06,1a_lymphoid
KRT1,skin,1,,2_restricted
KRT10,skin,1,,2_restricted
KRT12,"colon, small intestine",2,,2_restricted
KRT13,esophagus,1,,2_restricted
KRT14,skin,1,,2_restricted
KRT15,"esophagus, skin",2,,2_restricted
KRT16,esophagus,1,,2_restricted
KRT17,"skin, urinary bladder",2,,2_restricted
KRT18,,0,,4_broad
KRT19,esophagus,1,,2_restricted
KRT2,skin,1,,2_restricted
KRT20,"colon, rectum, small intestine",3,,2_restricted
KRT222,"cerebellum, cerebral cortex",2,,3_vital
KRT23,"salivary gland, skin",2,,2_restricted
KRT24,esophagus,1,,2_restricted
KRT25,skin,1,,2_restricted
KRT26,skin,1,,2_restricted
KRT27,skin,1,,2_restricted
KRT28,skin,1,,2_restricted
KRT3,salivary gland,1,,2_restricted
KRT31,skin,1,,2_restricted
KRT32,skin,1,,2_restricted
KRT33A,skin,1,,2_restricted
KRT33B,skin,1,,2_restricted
KRT34,skin,1,,2_restricted
KRT35,skin,1,,2_restricted
KRT36,thymus,1,2.1301300081361017e-09,1a_lymphoid
KRT37,skin,1,,2_restricted
KRT38,skin,1,,2_restricted
KRT39,skin,1,,2_restricted
KRT4,esophagus,1,,2_restricted
KRT40,"pituitary gland, retina, skin",3,,3_vital
KRT5,"esophagus, skin",2,,2_restricted
KRT6A,"cervix, esophagus, vagina",3,,2_restricted
KRT6B,esophagus,1,,2_restricted
KRT6C,"cervix, esophagus",2,,2_restricted
KRT7,salivary gland,1,,2_restricted
KRT71,skin,1,,2_restricted
KRT72,testis,1,,1b_testis_CT
KRT73,skin,1,,2_restricted
KRT74,skin,1,,2_restricted
KRT75,skin,1,,2_restricted
KRT76,"salivary gland, tonsil",2,0.0030287270927975237,1a_lymphoid
KRT77,skin,1,,2_restricted
KRT78,esophagus,1,,2_restricted
KRT79,skin,1,,2_restricted
KRT8,"colon, duodenum, small intestine",3,,2_restricted
KRT80,skin,1,,2_restricted
KRT81,skin,1,,2_restricted
KRT82,skin,1,,2_restricted
KRT83,skin,1,,2_restricted
KRT84,"skin, thymus",2,0.00012814960298614494,1a_lymphoid
KRT85,skin,1,,2_restricted
KRT86,skin,1,,2_restricted
KRT9,thymus,1,6.432991130444774e-33,1a_lymphoid
KRTAP1-1,skin,1,,2_restricted
KRTAP1-3,skin,1,,2_restricted
KRTAP1-4,skin,1,,2_restricted
KRTAP1-5,skin,1,,2_restricted
KRTAP10-1,skin,1,,2_restricted
KRTAP10-10,skin,1,,2_restricted
KRTAP10-11,skin,1,,2_restricted
KRTAP10-12,skin,1,,2_restricted
KRTAP10-2,skin,1,,2_restricted
KRTAP10-3,skin,1,,2_restricted
KRTAP10-4,skin,1,,2_restricted
KRTAP10-5,skin,1,,2_restricted
KRTAP10-6,skin,1,,2_restricted
KRTAP10-7,skin,1,,2_restricted
KRTAP10-8,skin,1,,2_restricted
KRTAP10-9,skin,1,,2_restricted
KRTAP11-1,skin,1,,2_restricted
KRTAP12-1,skin,1,,2_restricted
KRTAP12-2,skin,1,,2_restricted
KRTAP12-3,skin,1,,2_restricted
KRTAP12-4,skin,1,,2_restricted
KRTAP13-1,skin,1,,2_restricted
KRTAP13-2,skin,1,,2_restricted
KRTAP13-3,,0,,4_broad
KRTAP13-4,adipose tissue,1,,2_restricted
KRTAP15-1,,0,,4_broad
KRTAP16-1,skin,1,,2_restricted
KRTAP17-1,skin,1,,2_restricted
KRTAP19-1,skin,1,,2_restricted
KRTAP19-2,,0,,4_broad
KRTAP19-3,skin,1,,2_restricted
KRTAP19-4,skin,1,,2_restricted
KRTAP19-5,skin,1,,2_restricted
KRTAP19-6,skin,1,,2_restricted
KRTAP19-7,skin,1,,2_restricted
KRTAP19-8,testis,1,,1b_testis_CT
KRTAP2-1,skin,1,,2_restricted
KRTAP2-2,skin,1,,2_restricted
KRTAP2-3,skin,1,,2_restricted
KRTAP2-4,skin,1,,2_restricted
KRTAP20-1,skin,1,,2_restricted
KRTAP20-2,skin,1,,2_restricted
KRTAP20-3,,0,,4_broad
KRTAP20-4,testis,1,,1b_testis_CT
KRTAP21-1,skin,1,,2_restricted
KRTAP21-2,"skin, testis",2,,2_restricted
KRTAP21-3,,0,,4_broad
KRTAP22-1,,0,,4_broad
KRTAP22-2,skin,1,,2_restricted
KRTAP23-1,skin,1,,2_restricted
KRTAP24-1,skin,1,,2_restricted
KRTAP25-1,,0,,4_broad
KRTAP26-1,skin,1,,2_restricted
KRTAP27-1,,0,,4_broad
KRTAP29-1,skin,1,,2_restricted
KRTAP3-1,skin,1,,2_restricted
KRTAP3-2,skin,1,,2_restricted
KRTAP3-3,skin,1,,2_restricted
KRTAP4-1,skin,1,,2_restricted
KRTAP4-11,skin,1,,2_restricted
KRTAP4-12,skin,1,,2_restricted
KRTAP4-16,,0,,4_broad
KRTAP4-2,skin,1,,2_restricted
KRTAP4-3,skin,1,,2_restricted
KRTAP4-4,skin,1,,2_restricted
KRTAP4-5,skin,1,,2_restricted
KRTAP4-6,skin,1,,2_restricted
KRTAP4-7,skin,1,,2_restricted
KRTAP4-8,skin,1,,2_restricted
KRTAP4-9,skin,1,,2_restricted
KRTAP5-1,cerebellum,1,,3_vital
KRTAP5-10,skin,1,,2_restricted
KRTAP5-11,skin,1,,2_restricted
KRTAP5-2,skin,1,,2_restricted
KRTAP5-3,skin,1,,2_restricted
KRTAP5-4,skin,1,,2_restricted
KRTAP5-5,skin,1,,2_restricted
KRTAP5-6,liver,1,,3_vital
KRTAP5-7,skin,1,,2_restricted
KRTAP5-8,"kidney, skin",2,,3_vital
KRTAP5-9,testis,1,,1b_testis_CT
KRTAP6-1,skin,1,,2_restricted
KRTAP6-2,,0,,4_broad
KRTAP6-3,,0,,4_broad
KRTAP7-1,skin,1,,2_restricted
KRTAP8-1,skin,1,,2_restricted
KRTAP9-1,,0,,4_broad
KRTAP9-2,skin,1,,2_restricted
KRTAP9-3,skin,1,,2_restricted
KRTAP9-4,skin,1,,2_restricted
KRTAP9-6,skin,1,,2_restricted
KRTAP9-7,skin,1,,2_restricted
KRTAP9-8,skin,1,,2_restricted
KRTAP9-9,skin,1,,2_restricted
KRTCAP2,pancreas,1,,3_vital
KRTCAP3,,0,,4_broad
KRTDAP,skin,1,,2_restricted
KSR1,pancreas,1,,3_vital
KSR2,"cerebellum, pituitary gland",2,,3_vital
KTI12,bone marrow,1,8.451058367860403e-06,1a_lymphoid
KTN1,"skeletal muscle, tongue",2,,3_vital
KXD1,,0,,4_broad
KY,"skeletal muscle, tongue",2,,3_vital
KYAT1,choroid plexus,1,,3_vital
KYAT3,,0,,4_broad
KYNU,liver,1,,3_vital
L1CAM,cerebellum,1,,3_vital
L1TD1,placenta,1,,2_restricted
L2HGDH,"kidney, skeletal muscle",2,,3_vital
L3HYPDH,,0,,4_broad
L3MBTL1,cerebellum,1,,3_vital
L3MBTL2,,0,,4_broad
L3MBTL3,,0,,4_broad
L3MBTL4,testis,1,,1b_testis_CT
LACC1,midbrain,1,,3_vital
LACRT,salivary gland,1,,2_restricted
LACTB,"bone marrow, skeletal muscle",2,0.001082386889778046,3_vital
LACTB2,"kidney, liver",2,,3_vital
LACTBL1,retina,1,,3_vital
LAD1,"esophagus, skin",2,,2_restricted
LAG3,"ovary, spleen",2,0.00042637858190449165,1a_lymphoid
LAGE3,cerebral cortex,1,,3_vital
LAIR1,spleen,1,4.930967778082455e-07,1a_lymphoid
LAIR2,pituitary gland,1,,3_vital
LALBA,breast,1,,2_restricted
LAMA1,testis,1,,1b_testis_CT
LAMA2,placenta,1,,2_restricted
LAMA3,skin,1,,2_restricted
LAMA4,fallopian tube,1,,2_restricted
LAMA5,"blood vessel, colon",2,,2_restricted
LAMB1,placenta,1,,2_restricted
LAMB2,heart muscle,1,,3_vital
LAMB3,"stomach, urinary bladder",2,,2_restricted
LAMB4,skin,1,,2_restricted
LAMC1,placenta,1,,2_restricted
LAMC2,"fallopian tube, urinary bladder",2,,2_restricted
LAMC3,placenta,1,,2_restricted
LAMP1,blood vessel,1,,2_restricted
LAMP2,spinal cord,1,,3_vital
LAMP3,lung,1,,3_vital
LAMP5,basal ganglia,1,,3_vital
LAMTOR1,,0,,4_broad
LAMTOR2,liver,1,,3_vital
LAMTOR3,epididymis,1,,2_restricted
LAMTOR4,skin,1,,2_restricted
LAMTOR5,kidney,1,,3_vital
LANCL1,spinal cord,1,,3_vital
LANCL2,"cerebral cortex, hippocampal formation",2,,3_vital
LANCL3,esophagus,1,,2_restricted
LAP3,liver,1,,3_vital
LAPTM4A,,0,,4_broad
LAPTM4B,retina,1,,3_vital
LAPTM5,bone marrow,1,3.6549922740701184e-08,1a_lymphoid
LARGE1,"heart muscle, skeletal muscle",2,,3_vital
LARGE2,placenta,1,,2_restricted
LARP1,pancreas,1,,3_vital
LARP1B,"liver, testis",2,,3_vital
LARP4,liver,1,,3_vital
LARP4B,skeletal muscle,1,,3_vital
LARP6,spinal cord,1,,3_vital
LARP7,heart muscle,1,,3_vital
LARS1,skeletal muscle,1,,3_vital
LARS2,,0,,4_broad
LAS1L,spinal cord,1,,3_vital
LASP1,small intestine,1,,2_restricted
LAT,thymus,1,6.022993086029942e-10,1a_lymphoid
LAT2,"bone marrow, tonsil",2,0.00322179909175608,1a_lymphoid
LATS1,bone marrow,1,0.043699606719301294,1a_lymphoid
LATS2,blood vessel,1,,2_restricted
LAX1,tonsil,1,5.015469112549978e-07,1a_lymphoid
LAYN,,0,,4_broad
LBH,,0,,4_broad
LBHD1,retina,1,,3_vital
LBHD2,"hippocampal formation, hypothalamus",2,,3_vital
LBP,liver,1,,3_vital
LBR,"bone marrow, thymus",2,0.01262209109002167,1a_lymphoid
LBX1,skeletal muscle,1,,3_vital
LBX2,liver,1,,3_vital
LCA5,"choroid plexus, parathyroid gland",2,,3_vital
LCA5L,testis,1,,1b_testis_CT
LCAT,liver,1,,3_vital
LCE1A,skin,1,,2_restricted
LCE1B,skin,1,,2_restricted
LCE1C,skin,1,,2_restricted
LCE1D,skin,1,,2_restricted
LCE1E,skin,1,,2_restricted
LCE1F,skin,1,,2_restricted
LCE2A,skin,1,,2_restricted
LCE2B,skin,1,,2_restricted
LCE2C,skin,1,,2_restricted
LCE2D,skin,1,,2_restricted
LCE3A,tonsil,1,2.0462314517363396e-45,1a_lymphoid
LCE3B,tonsil,1,3.50969508248764e-273,1a_lymphoid
LCE3C,tonsil,1,2.382144267117624e-55,1a_lymphoid
LCE3D,"cervix, vagina",2,,2_restricted
LCE3E,"cervix, vagina",2,,2_restricted
LCE4A,skin,1,,2_restricted
LCE5A,skin,1,,2_restricted
LCE6A,skin,1,,2_restricted
LCE7A,skin,1,,2_restricted
LCK,thymus,1,3.3746972772570213e-21,1a_lymphoid
LCLAT1,,0,,4_broad
LCMT1,,0,,4_broad
LCMT2,,0,,4_broad
LCN1,"esophagus, seminal vesicle",2,,2_restricted
LCN10,epididymis,1,,2_restricted
LCN12,epididymis,1,,2_restricted
LCN15,duodenum,1,,2_restricted
LCN2,"bone marrow, gallbladder",2,1.6820444282812835e-06,1a_lymphoid
LCN6,epididymis,1,,2_restricted
LCN8,epididymis,1,,2_restricted
LCN9,midbrain,1,,3_vital
LCNL1,midbrain,1,,3_vital
LCOR,bone marrow,1,1.1481813183281217e-08,1a_lymphoid
LCORL,small intestine,1,,2_restricted
LCP1,bone marrow,1,0.005169291977708149,1a_lymphoid
LCP2,"bone marrow, thymus",2,4.941430048256614e-06,1a_lymphoid
LCT,"duodenum, small intestine",2,,2_restricted
LCTL,spinal cord,1,,3_vital
LDAF1,skeletal muscle,1,,3_vital
LDAH,kidney,1,,3_vital
LDB1,"ovary, skin",2,,2_restricted
LDB2,,0,,4_broad
LDB3,"skeletal muscle, tongue",2,,3_vital
LDHA,skeletal muscle,1,,3_vital
LDHAL6A,testis,1,,1b_testis_CT
LDHAL6B,testis,1,,1b_testis_CT
LDHB,"heart muscle, kidney",2,,3_vital
LDHC,testis,1,,1b_testis_CT
LDHD,liver,1,,3_vital
LDLR,adrenal gland,1,,3_vital
LDLRAD1,fallopian tube,1,,2_restricted
LDLRAD2,"heart muscle, salivary gland",2,,3_vital
LDLRAD3,spinal cord,1,,3_vital
LDLRAD4,"spinal cord, thymus",2,0.04623438468754331,3_vital
LDLRAP1,"cerebellum, spinal cord",2,,3_vital
LDOC1,blood vessel,1,,2_restricted
LEAP2,liver,1,,3_vital
LECT2,liver,1,,3_vital
LEF1,thymus,1,3.359206801840092e-44,1a_lymphoid
LEFTY1,"colon, pancreas",2,,3_vital
LEFTY2,"cervix, endometrium",2,,2_restricted
LEKR1,testis,1,,1b_testis_CT
LELP1,testis,1,,1b_testis_CT
LEMD1,testis,1,,1b_testis_CT
LEMD2,cerebellum,1,,3_vital
LEMD3,bone marrow,1,0.001886458349238507,1a_lymphoid
LENEP,salivary gland,1,,2_restricted
LENG1,,0,,4_broad
LENG8,,0,,4_broad
LENG9,pancreas,1,,3_vital
LEO1,,0,,4_broad
LEP,adipose tissue,1,,2_restricted
LEPR,liver,1,,3_vital
LEPROT,,0,,4_broad
LEPROTL1,"placenta, thymus",2,0.02288424969983421,1a_lymphoid
LETM1,,0,,4_broad
LETM2,"choroid plexus, testis",2,,3_vital
LETMD1,,0,,4_broad
LEUTX,,0,,4_broad
LEXM,esophagus,1,,2_restricted
LFNG,"pancreas, skin",2,,3_vital
LGALS1,,0,,4_broad
LGALS12,"adipose tissue, breast",2,,2_restricted
LGALS13,placenta,1,,2_restricted
LGALS14,placenta,1,,2_restricted
LGALS16,placenta,1,,2_restricted
LGALS2,gallbladder,1,,2_restricted
LGALS3,colon,1,,2_restricted
LGALS3BP,salivary gland,1,,2_restricted
LGALS4,colon,1,,2_restricted
LGALS7,skin,1,,2_restricted
LGALS7B,skin,1,,2_restricted
LGALS8,testis,1,,1b_testis_CT
LGALS9,colon,1,,2_restricted
LGALS9B,stomach,1,,2_restricted
LGALS9C,"colon, esophagus, stomach",3,,2_restricted
LGALSL,"retina, skin",2,,3_vital
LGI1,choroid plexus,1,,3_vital
LGI2,parathyroid gland,1,,2_restricted
LGI3,spinal cord,1,,3_vital
LGI4,,0,,4_broad
LGMN,placenta,1,,2_restricted
LGR4,pancreas,1,,3_vital
LGR5,"fallopian tube, placenta, skeletal muscle",3,,3_vital
LGR6,blood vessel,1,,2_restricted
LGSN,liver,1,,3_vital
LHB,pituitary gland,1,,3_vital
LHCGR,"ovary, testis",2,,2_restricted
LHFPL1,"basal ganglia, salivary gland",2,,3_vital
LHFPL2,urinary bladder,1,,2_restricted
LHFPL3,"cerebral cortex, retina",2,,3_vital
LHFPL4,cerebellum,1,,3_vital
LHFPL5,"bone marrow, epididymis",2,2.471482637786528e-06,1a_lymphoid
LHFPL6,,0,,4_broad
LHFPL7,"salivary gland, stomach",2,,2_restricted
LHPP,spinal cord,1,,3_vital
LHX1,cerebellum,1,,3_vital
LHX2,"amygdala, cerebral cortex",2,,3_vital
LHX3,pituitary gland,1,,3_vital
LHX4,retina,1,,3_vital
LHX5,"cerebellum, hypothalamus",2,,3_vital
LHX6,"adipose tissue, cerebral cortex",2,,3_vital
LHX8,"salivary gland, tonsil",2,0.04963627923996903,1a_lymphoid
LHX9,ovary,1,,2_restricted
LIAS,"skeletal muscle, tongue",2,,3_vital
LIF,urinary bladder,1,,2_restricted
LIFR,,0,,4_broad
LIG1,"bone marrow, thymus",2,2.1981720216159462e-07,1a_lymphoid
LIG3,testis,1,,1b_testis_CT
LIG4,"retina, thymus",2,0.002972028528916789,3_vital
LILRA1,"appendix, spleen",2,2.4831907198336432e-12,1a_lymphoid
LILRA2,spleen,1,5.5343036658021625e-24,1a_lymphoid
LILRA4,spleen,1,1.691919534979953e-14,1a_lymphoid
LILRA5,spleen,1,1.2863503990496689e-09,1a_lymphoid
LILRA6,"lung, spleen",2,5.69981390376936e-14,3_vital
LILRB1,spleen,1,2.2856823507756744e-14,1a_lymphoid
LILRB2,"bone marrow, spleen",2,6.62164667490596e-10,1a_lymphoid
LILRB3,spleen,1,5.583927906635622e-13,1a_lymphoid
LILRB4,spleen,1,0.0058327232231488715,1a_lymphoid
LILRB5,spleen,1,1.914171305998773e-17,1a_lymphoid
LIM2,bone marrow,1,5.176374041135651e-11,1a_lymphoid
LIMA1,,0,,4_broad
LIMCH1,"skeletal muscle, tongue",2,,3_vital
LIMD1,lung,1,,3_vital
LIMD2,"lymph node, spleen",2,0.0002352014079102068,1a_lymphoid
LIME1,liver,1,,3_vital
LIMK1,cerebral cortex,1,,3_vital
LIMK2,esophagus,1,,2_restricted
LIMS1,skeletal muscle,1,,3_vital
LIMS2,colon,1,,2_restricted
LIMS3,blood vessel,1,,2_restricted
LIMS4,blood vessel,1,,2_restricted
LIN28A,testis,1,,1b_testis_CT
LIN28B,placenta,1,,2_restricted
LIN37,,0,,4_broad
LIN52,kidney,1,,3_vital
LIN54,"bone marrow, thymus",2,0.02668827735081995,1a_lymphoid
LIN7A,"bone marrow, retina",2,0.0007230218983225711,3_vital
LIN7B,,0,,4_broad
LIN7C,"cerebellum, liver",2,,3_vital
LIN9,"heart muscle, testis",2,,3_vital
LINC00672,cerebral cortex,1,,3_vital
LINC02203,testis,1,,1b_testis_CT
LINC02210-CRHR1,cerebral cortex,1,,3_vital
LINC02218,epididymis,1,,2_restricted
LINGO1,"cerebral cortex, hippocampal formation",2,,3_vital
LINGO2,"endometrium, smooth muscle",2,,2_restricted
LINGO3,basal ganglia,1,,3_vital
LINGO4,skeletal muscle,1,,3_vital
LINS1,,0,,4_broad
LIPA,spleen,1,1.1721293546807476e-06,1a_lymphoid
LIPC,liver,1,,3_vital
LIPE,"adipose tissue, breast",2,,2_restricted
LIPF,stomach,1,,2_restricted
LIPG,"placenta, thyroid gland",2,,2_restricted
LIPH,"colon, rectum, stomach",3,,2_restricted
LIPI,epididymis,1,,2_restricted
LIPJ,testis,1,,1b_testis_CT
LIPK,skin,1,,2_restricted
LIPM,skin,1,,2_restricted
LIPN,skin,1,,2_restricted
LIPT1,,0,,4_broad
LIPT2,testis,1,,1b_testis_CT
LITAF,,0,,4_broad
LITAFD,testis,1,,1b_testis_CT
LIX1,retina,1,,3_vital
LIX1L,,0,,4_broad
LKAAEAR1,testis,1,,1b_testis_CT
LLCFC1,testis,1,,1b_testis_CT
LLGL1,spinal cord,1,,3_vital
LLGL2,,0,,4_broad
LLPH,bone marrow,1,1.1345825205274444e-05,1a_lymphoid
LMAN1,liver,1,,3_vital
LMAN1L,prostate,1,,2_restricted
LMAN2,liver,1,,3_vital
LMAN2L,,0,,4_broad
LMBR1,parathyroid gland,1,,2_restricted
LMBR1L,testis,1,,1b_testis_CT
LMBRD1,kidney,1,,3_vital
LMBRD2,cerebral cortex,1,,3_vital
LMCD1,"blood vessel, skeletal muscle",2,,3_vital
LMF1,pancreas,1,,3_vital
LMF2,pancreas,1,,3_vital
LMLN,"epididymis, retina, testis",3,,3_vital
LMNA,,0,,4_broad
LMNB1,thymus,1,0.00032788213800737386,1a_lymphoid
LMNB2,esophagus,1,,2_restricted
LMNTD1,"fallopian tube, testis",2,,2_restricted
LMNTD2,"liver, testis",2,,3_vital
LMO1,skeletal muscle,1,,3_vital
LMO2,,0,,4_broad
LMO3,"amygdala, basal ganglia",2,,3_vital
LMO4,cerebral cortex,1,,3_vital
LMO7,heart muscle,1,,3_vital
LMOD1,blood vessel,1,,2_restricted
LMOD2,"heart muscle, skeletal muscle, tongue",3,,3_vital
LMOD3,skeletal muscle,1,,3_vital
LMTK2,cerebral cortex,1,,3_vital
LMTK3,"basal ganglia, cerebral cortex",2,,3_vital
LMX1A,choroid plexus,1,,3_vital
LMX1B,salivary gland,1,,2_restricted
LNP1,"retina, testis",2,,3_vital
LNPEP,,0,,4_broad
LNPK,"bone marrow, skeletal muscle",2,0.04802511471643945,3_vital
LNX1,,0,,4_broad
LNX2,"liver, pancreas",2,,3_vital
LONP1,adrenal gland,1,,3_vital
LONP2,liver,1,,3_vital
LONRF1,skin,1,,2_restricted
LONRF2,"epididymis, fallopian tube",2,,2_restricted
LONRF3,liver,1,,3_vital
LORICRIN,skin,1,,2_restricted
LOX,"adipose tissue, heart muscle",2,,3_vital
LOXHD1,testis,1,,1b_testis_CT
LOXL1,blood vessel,1,,2_restricted
LOXL2,"placenta, smooth muscle",2,,2_restricted
LOXL3,"bone marrow, placenta",2,0.04713189881863352,1a_lymphoid
LOXL4,salivary gland,1,,2_restricted
LPA,liver,1,,3_vital
LPAR1,"midbrain, spinal cord",2,,3_vital
LPAR2,spleen,1,1.5563684344503364e-05,1a_lymphoid
LPAR3,fallopian tube,1,,2_restricted
LPAR4,ovary,1,,2_restricted
LPAR5,esophagus,1,,2_restricted
LPAR6,esophagus,1,,2_restricted
LPCAT1,"lung, spleen",2,0.015579774970229335,3_vital
LPCAT2,"bone marrow, thyroid gland",2,8.743012501216446e-06,1a_lymphoid
LPCAT3,"duodenum, liver",2,,3_vital
LPCAT4,cerebellum,1,,3_vital
LPGAT1,"liver, retina",2,,3_vital
LPIN1,"skeletal muscle, tongue",2,,3_vital
LPIN2,liver,1,,3_vital
LPIN3,,0,,4_broad
LPL,adipose tissue,1,,2_restricted
LPO,salivary gland,1,,2_restricted
LPP,blood vessel,1,,2_restricted
LPXN,"lymph node, thymus, tonsil",3,9.518121895535063e-05,1a_lymphoid
LRAT,liver,1,,3_vital
LRATD1,colon,1,,2_restricted
LRATD2,salivary gland,1,,2_restricted
LRBA,parathyroid gland,1,,2_restricted
LRCH1,cerebellum,1,,3_vital
LRCH2,,0,,4_broad
LRCH3,,0,,4_broad
LRCH4,spleen,1,7.180225813314653e-05,1a_lymphoid
LRCOL1,epididymis,1,,2_restricted
LRFN1,"cerebellum, cerebral cortex",2,,3_vital
LRFN2,cerebral cortex,1,,3_vital
LRFN3,,0,,4_broad
LRFN4,cerebellum,1,,3_vital
LRFN5,"cerebral cortex, parathyroid gland",2,,3_vital
LRG1,liver,1,,3_vital
LRGUK,"fallopian tube, testis",2,,2_restricted
LRIF1,testis,1,,1b_testis_CT
LRIG1,pancreas,1,,3_vital
LRIG2,retina,1,,3_vital
LRIG3,thyroid gland,1,,2_restricted
LRIT1,retina,1,,3_vital
LRIT2,retina,1,,3_vital
LRIT3,retina,1,,3_vital
LRMDA,"adrenal gland, epididymis",2,,3_vital
LRP1,adipose tissue,1,,2_restricted
LRP10,esophagus,1,,2_restricted
LRP11,parathyroid gland,1,,2_restricted
LRP12,smooth muscle,1,,2_restricted
LRP1B,,0,,4_broad
LRP2,"kidney, parathyroid gland",2,,3_vital
LRP2BP,retina,1,,3_vital
LRP3,,0,,4_broad
LRP4,skin,1,,2_restricted
LRP5,liver,1,,3_vital
LRP6,placenta,1,,2_restricted
LRP8,thyroid gland,1,,2_restricted
LRPAP1,basal ganglia,1,,3_vital
LRPPRC,"skeletal muscle, tongue",2,,3_vital
LRR1,"testis, thymus",2,0.04468736886751642,1a_lymphoid
LRRC1,,0,,4_broad
LRRC10,heart muscle,1,,3_vital
LRRC10B,basal ganglia,1,,3_vital
LRRC14,,0,,4_broad
LRRC14B,skeletal muscle,1,,3_vital
LRRC15,skin,1,,2_restricted
LRRC17,ovary,1,,2_restricted
LRRC18,"choroid plexus, testis",2,,3_vital
LRRC19,"colon, kidney",2,,3_vital
LRRC2,"skeletal muscle, tongue",2,,3_vital
LRRC20,skeletal muscle,1,,3_vital
LRRC23,fallopian tube,1,,2_restricted
LRRC24,,0,,4_broad
LRRC25,spleen,1,1.0972935304737713e-11,1a_lymphoid
LRRC26,salivary gland,1,,2_restricted
LRRC27,testis,1,,1b_testis_CT
LRRC28,liver,1,,3_vital
LRRC3,liver,1,,3_vital
LRRC30,skeletal muscle,1,,3_vital
LRRC31,"colon, rectum",2,,2_restricted
LRRC32,"adipose tissue, lung",2,,3_vital
LRRC34,testis,1,,1b_testis_CT
LRRC36,testis,1,,1b_testis_CT
LRRC37A,testis,1,,1b_testis_CT
LRRC37A2,testis,1,,1b_testis_CT
LRRC37A3,testis,1,,1b_testis_CT
LRRC37B,"bone marrow, cerebellum",2,0.0005526935148461772,3_vital
LRRC38,skeletal muscle,1,,3_vital
LRRC39,skeletal muscle,1,,3_vital
LRRC3B,"amygdala, basal ganglia, cerebral cortex",3,,3_vital
LRRC3C,"epididymis, testis",2,,2_restricted
LRRC4,"cerebellum, cerebral cortex",2,,3_vital
LRRC40,liver,1,,3_vital
LRRC41,,0,,4_broad
LRRC42,choroid plexus,1,,3_vital
LRRC43,"choroid plexus, fallopian tube",2,,3_vital
LRRC45,"cerebellum, liver",2,,3_vital
LRRC46,"fallopian tube, testis",2,,2_restricted
LRRC47,skeletal muscle,1,,3_vital
LRRC49,heart muscle,1,,3_vital
LRRC4B,,0,,4_broad
LRRC4C,"cerebral cortex, retina",2,,3_vital
LRRC51,"fallopian tube, testis",2,,2_restricted
LRRC52,testis,1,,1b_testis_CT
LRRC53,cerebral cortex,1,,3_vital
LRRC55,"cerebral cortex, hypothalamus, midbrain",3,,3_vital
LRRC56,testis,1,,1b_testis_CT
LRRC57,bone marrow,1,4.904157024309657e-07,1a_lymphoid
LRRC58,adrenal gland,1,,3_vital
LRRC59,pancreas,1,,3_vital
LRRC61,liver,1,,3_vital
LRRC63,spinal cord,1,,3_vital
LRRC66,"duodenum, small intestine",2,,2_restricted
LRRC69,testis,1,,1b_testis_CT
LRRC7,"basal ganglia, cerebral cortex",2,,3_vital
LRRC70,,0,,4_broad
LRRC71,testis,1,,1b_testis_CT
LRRC72,testis,1,,1b_testis_CT
LRRC73,testis,1,,1b_testis_CT
LRRC74A,testis,1,,1b_testis_CT
LRRC74B,"choroid plexus, fallopian tube",2,,3_vital
LRRC75A,"duodenum, small intestine",2,,2_restricted
LRRC75B,,0,,4_broad
LRRC8A,blood vessel,1,,2_restricted
LRRC8B,cerebral cortex,1,,3_vital
LRRC8C,smooth muscle,1,,2_restricted
LRRC8D,spinal cord,1,,3_vital
LRRC8E,skin,1,,2_restricted
LRRC9,testis,1,,1b_testis_CT
LRRCC1,testis,1,,1b_testis_CT
LRRD1,testis,1,,1b_testis_CT
LRRFIP1,skeletal muscle,1,,3_vital
LRRFIP2,skeletal muscle,1,,3_vital
LRRIQ1,"choroid plexus, fallopian tube, testis",3,,3_vital
LRRIQ3,testis,1,,1b_testis_CT
LRRIQ4,testis,1,,1b_testis_CT
LRRK1,,0,,4_broad
LRRK2,lung,1,,3_vital
LRRN1,cerebral cortex,1,,3_vital
LRRN2,choroid plexus,1,,3_vital
LRRN3,adrenal gland,1,,3_vital
LRRN4,"adipose tissue, lung",2,,3_vital
LRRN4CL,endometrium,1,,2_restricted
LRRTM1,basal ganglia,1,,3_vital
LRRTM2,cerebral cortex,1,,3_vital
LRRTM3,cerebral cortex,1,,3_vital
LRRTM4,cerebral cortex,1,,3_vital
LRSAM1,,0,,4_broad
LRTM1,retina,1,,3_vital
LRTM2,"basal ganglia, cerebral cortex",2,,3_vital
LRTOMT,"fallopian tube, testis",2,,2_restricted
LRWD1,testis,1,,1b_testis_CT
LSAMP,cerebral cortex,1,,3_vital
LSG1,bone marrow,1,0.01930583486994307,1a_lymphoid
LSM1,heart muscle,1,,3_vital
LSM10,skeletal muscle,1,,3_vital
LSM11,urinary bladder,1,,2_restricted
LSM12,skeletal muscle,1,,3_vital
LSM14A,"bone marrow, skeletal muscle",2,0.021320478976095306,3_vital
LSM14B,"cerebellum, skeletal muscle",2,,3_vital
LSM2,,0,,4_broad
LSM3,skeletal muscle,1,,3_vital
LSM4,,0,,4_broad
LSM5,,0,,4_broad
LSM6,lymph node,1,0.0017947215023137932,1a_lymphoid
LSM7,,0,,4_broad
LSM8,bone marrow,1,5.162713339724242e-05,1a_lymphoid
LSMEM1,skeletal muscle,1,,3_vital
LSMEM2,"heart muscle, skeletal muscle",2,,3_vital
LSP1,"adrenal gland, spleen",2,0.0013509054496037654,3_vital
LSR,"liver, stomach",2,,3_vital
LSS,"liver, spinal cord",2,,3_vital
LST1,spleen,1,4.4401393319407815e-13,1a_lymphoid
LTA,"spleen, testis",2,5.593317893272716e-07,1a_lymphoid
LTA4H,"bone marrow, lung",2,0.0012014149657791234,3_vital
LTB,spleen,1,1.113017472590618e-10,1a_lymphoid
LTB4R,"esophagus, skin",2,,2_restricted
LTB4R2,"esophagus, skin",2,,2_restricted
LTBP1,blood vessel,1,,2_restricted
LTBP2,blood vessel,1,,2_restricted
LTBP3,blood vessel,1,,2_restricted
LTBP4,blood vessel,1,,2_restricted
LTBR,liver,1,,3_vital
LTC4S,fallopian tube,1,,2_restricted
LTF,bone marrow,1,1.0744505223473865e-23,1a_lymphoid
LTK,lung,1,,3_vital
LTN1,placenta,1,,2_restricted
LTO1,,0,,4_broad
LTV1,bone marrow,1,6.725818033662886e-06,1a_lymphoid
LUC7L,,0,,4_broad
LUC7L2,bone marrow,1,0.004232029732099354,1a_lymphoid
LUC7L3,cerebellum,1,,3_vital
LUM,"gallbladder, placenta",2,,2_restricted
LURAP1,spinal cord,1,,3_vital
LURAP1L,liver,1,,3_vital
LUZP1,small intestine,1,,2_restricted
LUZP2,cerebral cortex,1,,3_vital
LUZP4,testis,1,,1b_testis_CT
LVRN,"adipose tissue, placenta",2,,2_restricted
LXN,urinary bladder,1,,2_restricted
LY6D,esophagus,1,,2_restricted
LY6E,liver,1,,3_vital
LY6G5B,cerebellum,1,,3_vital
LY6G5C,cerebellum,1,,3_vital
LY6G6C,skin,1,,2_restricted
LY6G6D,skin,1,,2_restricted
LY6G6F,bone marrow,1,1.0268094345616329e-14,1a_lymphoid
LY6G6F-LY6G6D,testis,1,,1b_testis_CT
LY6H,"amygdala, hippocampal formation, hypothalamus",3,,3_vital
LY6K,testis,1,,1b_testis_CT
LY6L,epididymis,1,,2_restricted
LY75,thymus,1,1.0120520573561983e-11,1a_lymphoid
LY75-CD302,"appendix, bone marrow",2,0.023239060128547304,1a_lymphoid
LY86,"lymph node, spleen, tonsil",3,0.0019161337535679303,1a_lymphoid
LY9,"lymph node, spleen, tonsil",3,0.0081966784244679,1a_lymphoid
LY96,spleen,1,0.002744826022877289,1a_lymphoid
LYAR,testis,1,,1b_testis_CT
LYG1,kidney,1,,3_vital
LYG2,skin,1,,2_restricted
LYL1,"bone marrow, spleen",2,0.00013911502929800845,1a_lymphoid
LYN,"appendix, bone marrow, spleen",3,0.004891892387275222,1a_lymphoid
LYNX1,"cerebral cortex, hippocampal formation",2,,3_vital
LYNX1-SLURP2,"colon, esophagus",2,,2_restricted
LYPD1,"basal ganglia, fallopian tube",2,,3_vital
LYPD2,esophagus,1,,2_restricted
LYPD3,"esophagus, skin",2,,2_restricted
LYPD4,testis,1,,1b_testis_CT
LYPD5,skin,1,,2_restricted
LYPD6,placenta,1,,2_restricted
LYPD6B,skin,1,,2_restricted
LYPD8,"colon, rectum",2,,2_restricted
LYPLA1,,0,,4_broad
LYPLA2,choroid plexus,1,,3_vital
LYPLAL1,"heart muscle, kidney",2,,3_vital
LYRM1,liver,1,,3_vital
LYRM2,thyroid gland,1,,2_restricted
LYRM4,,0,,4_broad
LYRM7,"skeletal muscle, tongue",2,,3_vital
LYRM9,"basal ganglia, cerebral cortex",2,,3_vital
LYSMD1,"skeletal muscle, tongue",2,,3_vital
LYSMD2,cerebral cortex,1,,3_vital
LYSMD3,liver,1,,3_vital
LYSMD4,heart muscle,1,,3_vital
LYST,bone marrow,1,1.086548704974774e-14,1a_lymphoid
LYVE1,"adipose tissue, placenta",2,,2_restricted
LYZ,salivary gland,1,,2_restricted
LYZL1,testis,1,,1b_testis_CT
LYZL2,testis,1,,1b_testis_CT
LYZL4,testis,1,,1b_testis_CT
LYZL6,testis,1,,1b_testis_CT
LZIC,testis,1,,1b_testis_CT
LZTFL1,,0,,4_broad
LZTR1,,0,,4_broad
LZTS1,parathyroid gland,1,,2_restricted
LZTS2,,0,,4_broad
LZTS3,"cerebellum, cerebral cortex",2,,3_vital
M1AP,testis,1,,1b_testis_CT
M6PR,,0,,4_broad
MAB21L1,retina,1,,3_vital
MAB21L2,colon,1,,2_restricted
MAB21L3,"retina, skin",2,,3_vital
MAB21L4,esophagus,1,,2_restricted
MACC1,small intestine,1,,2_restricted
MACF1,,0,,4_broad
MACIR,bone marrow,1,0.0060229730401176185,1a_lymphoid
MACO1,bone marrow,1,0.019131325907409052,1a_lymphoid
MACROD1,skeletal muscle,1,,3_vital
MACROD2,"basal ganglia, lung",2,,3_vital
MACROH2A1,"bone marrow, thymus",2,0.00016612810265052958,1a_lymphoid
MACROH2A2,,0,,4_broad
MAD1L1,,0,,4_broad
MAD2L1,"bone marrow, thymus",2,0.001833393283094585,1a_lymphoid
MAD2L1BP,"bone marrow, tongue",2,6.228076763429202e-05,1a_lymphoid
MAD2L2,testis,1,,1b_testis_CT
MADCAM1,"appendix, small intestine",2,0.0003286320082491059,1a_lymphoid
MADD,cerebellum,1,,3_vital
MAEA,,0,,4_broad
MAEL,testis,1,,1b_testis_CT
MAF,small intestine,1,,2_restricted
MAF1,"skeletal muscle, tongue",2,,3_vital
MAFA,skeletal muscle,1,,3_vital
MAFB,parathyroid gland,1,,2_restricted
MAFF,adipose tissue,1,,2_restricted
MAFG,"bone marrow, skeletal muscle",2,0.0033770462723198332,3_vital
MAFK,blood vessel,1,,2_restricted
MAG,spinal cord,1,,3_vital
MAGEA1,testis,1,,1b_testis_CT
MAGEA10,placenta,1,,2_restricted
MAGEA11,epididymis,1,,2_restricted
MAGEA12,testis,1,,1b_testis_CT
MAGEA2,testis,1,,1b_testis_CT
MAGEA2B,testis,1,,1b_testis_CT
MAGEA3,testis,1,,1b_testis_CT
MAGEA4,testis,1,,1b_testis_CT
MAGEA6,testis,1,,1b_testis_CT
MAGEA8,placenta,1,,2_restricted
MAGEA9,testis,1,,1b_testis_CT
MAGEA9B,testis,1,,1b_testis_CT
MAGEB1,testis,1,,1b_testis_CT
MAGEB10,testis,1,,1b_testis_CT
MAGEB16,testis,1,,1b_testis_CT
MAGEB17,"pancreas, testis",2,,3_vital
MAGEB18,testis,1,,1b_testis_CT
MAGEB2,testis,1,,1b_testis_CT
MAGEB3,epididymis,1,,2_restricted
MAGEB4,epididymis,1,,2_restricted
MAGEB5,testis,1,,1b_testis_CT
MAGEB6,testis,1,,1b_testis_CT
MAGEB6B,testis,1,,1b_testis_CT
MAGEC1,testis,1,,1b_testis_CT
MAGEC2,testis,1,,1b_testis_CT
MAGEC3,spinal cord,1,,3_vital
MAGED1,choroid plexus,1,,3_vital
MAGED2,ovary,1,,2_restricted
MAGED4,"cerebral cortex, ovary",2,,3_vital
MAGED4B,"basal ganglia, hypothalamus",2,,3_vital
MAGEE1,"cerebellum, cerebral cortex, hypothalamus",3,,3_vital
MAGEE2,"cerebellum, hypothalamus",2,,3_vital
MAGEF1,pituitary gland,1,,3_vital
MAGEH1,epididymis,1,,2_restricted
MAGEL2,hypothalamus,1,,3_vital
MAGI1,cerebellum,1,,3_vital
MAGI2,cerebral cortex,1,,3_vital
MAGI3,retina,1,,3_vital
MAGIX,liver,1,,3_vital
MAGOH,bone marrow,1,6.060034972001549e-06,1a_lymphoid
MAGOHB,liver,1,,3_vital
MAGT1,thyroid gland,1,,2_restricted
MAIP1,liver,1,,3_vital
MAJIN,testis,1,,1b_testis_CT
MAK,retina,1,,3_vital
MAK16,,0,,4_broad
MAL,esophagus,1,,2_restricted
MAL2,esophagus,1,,2_restricted
MALL,esophagus,1,,2_restricted
MALRD1,"duodenum, small intestine",2,,2_restricted
MALSU1,choroid plexus,1,,3_vital
MALT1,"lymph node, tonsil",2,0.00030332295754180216,1a_lymphoid
MAMDC2,endometrium,1,,2_restricted
MAMDC4,"cerebellum, liver",2,,3_vital
MAML1,,0,,4_broad
MAML2,,0,,4_broad
MAML3,,0,,4_broad
MAMLD1,ovary,1,,2_restricted
MAMSTR,skeletal muscle,1,,3_vital
MAN1A1,liver,1,,3_vital
MAN1A2,"pancreas, parathyroid gland",2,,3_vital
MAN1B1,ovary,1,,2_restricted
MAN1C1,,0,,4_broad
MAN2A1,liver,1,,3_vital
MAN2A2,bone marrow,1,0.03128663193381028,1a_lymphoid
MAN2B1,bone marrow,1,0.003692822407099225,1a_lymphoid
MAN2B2,blood vessel,1,,2_restricted
MAN2C1,,0,,4_broad
MANBA,"adrenal gland, pancreas",2,,3_vital
MANBAL,,0,,4_broad
MANEA,liver,1,,3_vital
MANEAL,hypothalamus,1,,3_vital
MANF,"epididymis, liver",2,,3_vital
MANSC1,salivary gland,1,,2_restricted
MANSC4,"cerebellum, testis",2,,3_vital
MAOA,small intestine,1,,2_restricted
MAOB,liver,1,,3_vital
MAP10,,0,,4_broad
MAP1A,cerebral cortex,1,,3_vital
MAP1B,retina,1,,3_vital
MAP1LC3A,,0,,4_broad
MAP1LC3B,"bone marrow, skeletal muscle",2,0.023700806299209547,3_vital
MAP1LC3B2,cerebellum,1,,3_vital
MAP1LC3C,"adipose tissue, breast",2,,2_restricted
MAP1S,"cerebral cortex, testis",2,,3_vital
MAP2,"cerebral cortex, retina",2,,3_vital
MAP2K1,cerebral cortex,1,,3_vital
MAP2K2,skeletal muscle,1,,3_vital
MAP2K3,bone marrow,1,2.9770762319587895e-07,1a_lymphoid
MAP2K4,cerebral cortex,1,,3_vital
MAP2K5,skeletal muscle,1,,3_vital
MAP2K6,skeletal muscle,1,,3_vital
MAP2K7,skeletal muscle,1,,3_vital
MAP3K1,,0,,4_broad
MAP3K10,"amygdala, cerebral cortex, hippocampal formation",3,,3_vital
MAP3K11,liver,1,,3_vital
MAP3K12,cerebellum,1,,3_vital
MAP3K13,epididymis,1,,2_restricted
MAP3K14,skeletal muscle,1,,3_vital
MAP3K15,adrenal gland,1,,3_vital
MAP3K19,fallopian tube,1,,2_restricted
MAP3K2,bone marrow,1,0.00013526536004908606,1a_lymphoid
MAP3K20,"skeletal muscle, tongue",2,,3_vital
MAP3K21,pancreas,1,,3_vital
MAP3K3,,0,,4_broad
MAP3K4,,0,,4_broad
MAP3K5,adrenal gland,1,,3_vital
MAP3K6,,0,,4_broad
MAP3K7,thymus,1,0.044242536250181416,1a_lymphoid
MAP3K7CL,"skeletal muscle, tongue",2,,3_vital
MAP3K8,bone marrow,1,3.397246885189768e-22,1a_lymphoid
MAP3K9,cerebellum,1,,3_vital
MAP4,spinal cord,1,,3_vital
MAP4K1,spleen,1,1.9814142367482572e-07,1a_lymphoid
MAP4K2,cerebellum,1,,3_vital
MAP4K3,,0,,4_broad
MAP4K4,spinal cord,1,,3_vital
MAP4K5,,0,,4_broad
MAP6,,0,,4_broad
MAP6D1,"cerebellum, spinal cord",2,,3_vital
MAP7,spinal cord,1,,3_vital
MAP7D1,skeletal muscle,1,,3_vital
MAP7D2,"cerebral cortex, epididymis",2,,3_vital
MAP7D3,blood vessel,1,,2_restricted
MAP9,parathyroid gland,1,,2_restricted
MAPK1,"basal ganglia, cerebral cortex",2,,3_vital
MAPK10,cerebral cortex,1,,3_vital
MAPK11,"cerebellum, cerebral cortex",2,,3_vital
MAPK12,skeletal muscle,1,,3_vital
MAPK13,esophagus,1,,2_restricted
MAPK14,bone marrow,1,3.5628655003074814e-07,1a_lymphoid
MAPK15,choroid plexus,1,,3_vital
MAPK1IP1L,bone marrow,1,1.7685644220416009e-12,1a_lymphoid
MAPK3,"amygdala, cerebral cortex",2,,3_vital
MAPK4,basal ganglia,1,,3_vital
MAPK6,,0,,4_broad
MAPK7,,0,,4_broad
MAPK8,"cerebellum, retina",2,,3_vital
MAPK8IP1,spinal cord,1,,3_vital
MAPK8IP2,"amygdala, cerebellum, cerebral cortex",3,,3_vital
MAPK8IP3,cerebellum,1,,3_vital
MAPK9,"cerebellum, cerebral cortex",2,,3_vital
MAPKAP1,skeletal muscle,1,,3_vital
MAPKAPK2,"bone marrow, heart muscle, skeletal muscle",3,0.013656231736586743,3_vital
MAPKAPK3,"heart muscle, skeletal muscle, tongue",3,,3_vital
MAPKAPK5,,0,,4_broad
MAPKBP1,cerebellum,1,,3_vital
MAPRE1,bone marrow,1,6.152235184805452e-09,1a_lymphoid
MAPRE2,spinal cord,1,,3_vital
MAPRE3,,0,,4_broad
MAPT,"cerebellum, cerebral cortex",2,,3_vital
MARCHF1,lymph node,1,0.003326362382368894,1a_lymphoid
MARCHF10,testis,1,,1b_testis_CT
MARCHF11,testis,1,,1b_testis_CT
MARCHF2,,0,,4_broad
MARCHF3,,0,,4_broad
MARCHF4,basal ganglia,1,,3_vital
MARCHF5,,0,,4_broad
MARCHF6,"bone marrow, parathyroid gland",2,0.00013340226653992996,1a_lymphoid
MARCHF7,,0,,4_broad
MARCHF8,"bone marrow, testis",2,0.0010148204027228046,1a_lymphoid
MARCHF9,retina,1,,3_vital
MARCKS,cerebral cortex,1,,3_vital
MARCKSL1,spinal cord,1,,3_vital
MARCO,lung,1,,3_vital
MARCOL,"epididymis, urinary bladder",2,,2_restricted
MARF1,,0,,4_broad
MARK1,,0,,4_broad
MARK2,esophagus,1,,2_restricted
MARK3,skeletal muscle,1,,3_vital
MARK4,skeletal muscle,1,,3_vital
MARS1,,0,,4_broad
MARS2,,0,,4_broad
MARVELD1,blood vessel,1,,2_restricted
MARVELD2,thyroid gland,1,,2_restricted
MARVELD3,"duodenum, small intestine",2,,2_restricted
MAS1,"cerebral cortex, hippocampal formation",2,,3_vital
MAS1L,"cervix, epididymis",2,,2_restricted
MASP1,liver,1,,3_vital
MASP2,liver,1,,3_vital
MAST1,cerebellum,1,,3_vital
MAST2,skeletal muscle,1,,3_vital
MAST3,cerebral cortex,1,,3_vital
MAST4,"esophagus, heart muscle",2,,3_vital
MASTL,bone marrow,1,9.738087721926749e-09,1a_lymphoid
MAT1A,liver,1,,3_vital
MAT2A,pancreas,1,,3_vital
MAT2B,,0,,4_broad
MATCAP1,cerebellum,1,,3_vital
MATCAP2,testis,1,,1b_testis_CT
MATK,"amygdala, cerebral cortex, hippocampal formation",3,,3_vital
MATN1,retina,1,,3_vital
MATN2,thyroid gland,1,,2_restricted
MATN3,"lung, placenta",2,,3_vital
MATN4,pancreas,1,,3_vital
MATR3,bone marrow,1,0.0012787628742085314,1a_lymphoid
MAU2,skeletal muscle,1,,3_vital
MAVS,"skeletal muscle, tongue",2,,3_vital
MAX,bone marrow,1,0.0012598470133888227,1a_lymphoid
MAZ,"bone marrow, thymus",2,0.00010275628901705747,1a_lymphoid
MB,"skeletal muscle, tongue",2,,3_vital
MB21D2,placenta,1,,2_restricted
MBD1,testis,1,,1b_testis_CT
MBD2,,0,,4_broad
MBD3,skin,1,,2_restricted
MBD3L1,testis,1,,1b_testis_CT
MBD3L2,,0,,4_broad
MBD3L2B,testis,1,,1b_testis_CT
MBD3L3,testis,1,,1b_testis_CT
MBD3L4,,0,,4_broad
MBD3L5,,0,,4_broad
MBD4,"lymph node, tonsil",2,4.3332681987890265e-05,1a_lymphoid
MBD5,retina,1,,3_vital
MBD6,"pituitary gland, thyroid gland",2,,3_vital
MBIP,"lung, thyroid gland",2,,3_vital
MBL2,liver,1,,3_vital
MBLAC1,cerebellum,1,,3_vital
MBLAC2,,0,,4_broad
MBNL1,skeletal muscle,1,,3_vital
MBNL2,"liver, tongue",2,,3_vital
MBNL3,placenta,1,,2_restricted
MBOAT1,,0,,4_broad
MBOAT2,parathyroid gland,1,,2_restricted
MBOAT4,"pancreas, stomach",2,,3_vital
MBOAT7,adrenal gland,1,,3_vital
MBP,spinal cord,1,,3_vital
MBTD1,testis,1,,1b_testis_CT
MBTPS1,retina,1,,3_vital
MBTPS2,liver,1,,3_vital
MC1R,"cerebellum, pituitary gland, testis",3,,3_vital
MC2R,adrenal gland,1,,3_vital
MC3R,hypothalamus,1,,3_vital
MC4R,"hypothalamus, retina",2,,3_vital
MC5R,epididymis,1,,2_restricted
MCAM,blood vessel,1,,2_restricted
MCAT,,0,,4_broad
MCC,ovary,1,,2_restricted
MCCC1,"kidney, liver",2,,3_vital
MCCC2,liver,1,,3_vital
MCCD1,kidney,1,,3_vital
MCEE,"liver, tongue",2,,3_vital
MCEMP1,"bone marrow, lung",2,0.00013118596781429967,3_vital
MCF2,adrenal gland,1,,3_vital
MCF2L,cerebellum,1,,3_vital
MCF2L2,"cerebral cortex, retina",2,,3_vital
MCFD2,"adrenal gland, salivary gland",2,,3_vital
MCHR1,"cerebral cortex, ovary",2,,3_vital
MCHR2,cerebral cortex,1,,3_vital
MCIDAS,parathyroid gland,1,,2_restricted
MCL1,bone marrow,1,1.2225183123977703e-07,1a_lymphoid
MCM10,"bone marrow, thymus",2,4.747116591529919e-05,1a_lymphoid
MCM2,bone marrow,1,1.7977587285097619e-09,1a_lymphoid
MCM3,"thymus, tonsil",2,0.007772819043176632,1a_lymphoid
MCM3AP,skeletal muscle,1,,3_vital
MCM4,bone marrow,1,0.0033613395101500464,1a_lymphoid
MCM5,bone marrow,1,4.006164204605001e-09,1a_lymphoid
MCM6,"thymus, tonsil",2,0.0003394365590237544,1a_lymphoid
MCM7,"bone marrow, thymus",2,4.362068068790528e-05,1a_lymphoid
MCM8,testis,1,,1b_testis_CT
MCM9,bone marrow,1,0.003735050739314275,1a_lymphoid
MCMBP,,0,,4_broad
MCMDC2,testis,1,,1b_testis_CT
MCOLN1,"adrenal gland, spleen",2,4.687828606852283e-06,3_vital
MCOLN2,"rectum, tonsil",2,0.04428461011979898,1a_lymphoid
MCOLN3,"adrenal gland, parathyroid gland",2,,3_vital
MCPH1,"bone marrow, thymus",2,4.70828047786591e-07,1a_lymphoid
MCRIP1,,0,,4_broad
MCRIP2,"heart muscle, liver",2,,3_vital
MCRS1,"heart muscle, tongue",2,,3_vital
MCTP1,bone marrow,1,9.73064260641589e-08,1a_lymphoid
MCTP2,"placenta, spleen",2,0.003280622697849511,1a_lymphoid
MCTS1,,0,,4_broad
MCTS2,,0,,4_broad
MCU,tongue,1,,2_restricted
MCUB,"lymph node, thymus",2,0.002104144250428821,1a_lymphoid
MCUR1,retina,1,,3_vital
MDC1,testis,1,,1b_testis_CT
MDFI,"adipose tissue, esophagus",2,,2_restricted
MDFIC,adipose tissue,1,,2_restricted
MDFIC2,basal ganglia,1,,3_vital
MDGA1,cerebellum,1,,3_vital
MDGA2,"cerebral cortex, retina, testis",3,,3_vital
MDH1,"heart muscle, tongue",2,,3_vital
MDH1B,"choroid plexus, fallopian tube, testis",3,,3_vital
MDH2,"skeletal muscle, tongue",2,,3_vital
MDK,ovary,1,,2_restricted
MDM1,retina,1,,3_vital
MDM2,"bone marrow, liver",2,0.008414528056549936,3_vital
MDM4,bone marrow,1,1.6625962642766016e-08,1a_lymphoid
MDN1,,0,,4_broad
MDP1,,0,,4_broad
ME1,adrenal gland,1,,3_vital
ME2,choroid plexus,1,,3_vital
ME3,,0,,4_broad
MEA1,testis,1,,1b_testis_CT
MEAF6,prostate,1,,2_restricted
MEAK7,esophagus,1,,2_restricted
MECOM,stomach,1,,2_restricted
MECP2,,0,,4_broad
MECR,,0,,4_broad
MED1,,0,,4_broad
MED10,bone marrow,1,0.011118800028701125,1a_lymphoid
MED11,,0,,4_broad
MED12,,0,,4_broad
MED12L,testis,1,,1b_testis_CT
MED13,bone marrow,1,0.0006832928387774934,1a_lymphoid
MED13L,bone marrow,1,1.5931207774207538e-05,1a_lymphoid
MED14,skeletal muscle,1,,3_vital
MED15,skeletal muscle,1,,3_vital
MED16,,0,,4_broad
MED17,,0,,4_broad
MED18,liver,1,,3_vital
MED19,"choroid plexus, testis",2,,3_vital
MED20,,0,,4_broad
MED21,tongue,1,,2_restricted
MED22,,0,,4_broad
MED23,,0,,4_broad
MED24,skeletal muscle,1,,3_vital
MED25,"adrenal gland, skeletal muscle, testis",3,,3_vital
MED26,testis,1,,1b_testis_CT
MED27,blood vessel,1,,2_restricted
MED28,ovary,1,,2_restricted
MED29,,0,,4_broad
MED30,bone marrow,1,1.326772851706346e-08,1a_lymphoid
MED31,,0,,4_broad
MED4,bone marrow,1,0.0012767902415193747,1a_lymphoid
MED6,,0,,4_broad
MED7,testis,1,,1b_testis_CT
MED8,esophagus,1,,2_restricted
MED9,tongue,1,,2_restricted
MEDAG,"adipose tissue, blood vessel",2,,2_restricted
MEF2A,"heart muscle, tongue",2,,3_vital
MEF2B,"lymph node, tonsil",2,8.10269187281943e-08,1a_lymphoid
MEF2C,skeletal muscle,1,,3_vital
MEF2D,skeletal muscle,1,,3_vital
MEFV,"appendix, spleen",2,9.280950128308147e-07,1a_lymphoid
MEGF10,spinal cord,1,,3_vital
MEGF11,cerebellum,1,,3_vital
MEGF6,blood vessel,1,,2_restricted
MEGF8,cerebral cortex,1,,3_vital
MEGF9,retina,1,,3_vital
MEI1,"spleen, testis",2,0.04700102786092726,1a_lymphoid
MEI4,"kidney, testis",2,,3_vital
MEIG1,testis,1,,1b_testis_CT
MEIKIN,testis,1,,1b_testis_CT
MEIOB,testis,1,,1b_testis_CT
MEIOC,testis,1,,1b_testis_CT
MEIOSIN,testis,1,,1b_testis_CT
MEIS1,endometrium,1,,2_restricted
MEIS2,salivary gland,1,,2_restricted
MEIS3,"amygdala, cerebral cortex",2,,3_vital
MELK,thymus,1,3.4350608292246355e-05,1a_lymphoid
MELTF,"kidney, salivary gland",2,,3_vital
MEMO1,"skeletal muscle, testis",2,,3_vital
MEN1,,0,,4_broad
MEOX1,adipose tissue,1,,2_restricted
MEOX2,"adipose tissue, placenta",2,,2_restricted
MEP1A,"duodenum, small intestine",2,,2_restricted
MEP1B,"duodenum, small intestine",2,,2_restricted
MEPCE,testis,1,,1b_testis_CT
MEPE,cerebral cortex,1,,3_vital
MERTK,"adrenal gland, choroid plexus",2,,3_vital
MESD,epididymis,1,,2_restricted
MESP1,prostate,1,,2_restricted
MESP2,,0,,4_broad
MEST,placenta,1,,2_restricted
MET,liver,1,,3_vital
METAP1,,0,,4_broad
METAP1D,ovary,1,,2_restricted
METAP2,"skeletal muscle, tonsil",2,0.009033150512748887,3_vital
METRN,basal ganglia,1,,3_vital
METRNL,"esophagus, skin",2,,2_restricted
METTL1,pancreas,1,,3_vital
METTL13,epididymis,1,,2_restricted
METTL14,bone marrow,1,0.0005689763800191728,1a_lymphoid
METTL15,tongue,1,,2_restricted
METTL16,,0,,4_broad
METTL17,adrenal gland,1,,3_vital
METTL18,parathyroid gland,1,,2_restricted
METTL21A,,0,,4_broad
METTL21C,epididymis,1,,2_restricted
METTL22,skeletal muscle,1,,3_vital
METTL23,,0,,4_broad
METTL24,"colon, smooth muscle",2,,2_restricted
METTL25,,0,,4_broad
METTL25B,,0,,4_broad
METTL26,,0,,4_broad
METTL27,choroid plexus,1,,3_vital
METTL2A,skeletal muscle,1,,3_vital
METTL2B,,0,,4_broad
METTL3,,0,,4_broad
METTL4,lymph node,1,0.019068936697896895,1a_lymphoid
METTL5,skeletal muscle,1,,3_vital
METTL6,testis,1,,1b_testis_CT
METTL7A,liver,1,,3_vital
METTL7B,liver,1,,3_vital
METTL8,esophagus,1,,2_restricted
METTL9,"bone marrow, kidney",2,0.03828797299733284,3_vital
MEX3A,ovary,1,,2_restricted
MEX3B,testis,1,,1b_testis_CT
MEX3C,testis,1,,1b_testis_CT
MEX3D,testis,1,,1b_testis_CT
MFAP1,,0,,4_broad
MFAP2,cervix,1,,2_restricted
MFAP3,parathyroid gland,1,,2_restricted
MFAP3L,,0,,4_broad
MFAP4,blood vessel,1,,2_restricted
MFAP5,endometrium,1,,2_restricted
MFF,testis,1,,1b_testis_CT
MFGE8,blood vessel,1,,2_restricted
MFHAS1,,0,,4_broad
MFN1,heart muscle,1,,3_vital
MFN2,"heart muscle, skeletal muscle, tongue",3,,3_vital
MFNG,"lymph node, spleen",2,0.003885788414924867,1a_lymphoid
MFRP,choroid plexus,1,,3_vital
MFSD1,,0,,4_broad
MFSD10,bone marrow,1,0.026914013155375095,1a_lymphoid
MFSD11,retina,1,,3_vital
MFSD12,kidney,1,,3_vital
MFSD13A,cerebellum,1,,3_vital
MFSD14A,"bone marrow, parathyroid gland",2,0.009515891656547457,1a_lymphoid
MFSD14B,parathyroid gland,1,,2_restricted
MFSD2A,liver,1,,3_vital
MFSD2B,bone marrow,1,4.192415559859269e-58,1a_lymphoid
MFSD3,liver,1,,3_vital
MFSD4A,stomach,1,,2_restricted
MFSD4B,placenta,1,,2_restricted
MFSD5,"esophagus, skin",2,,2_restricted
MFSD6,parathyroid gland,1,,2_restricted
MFSD6L,testis,1,,1b_testis_CT
MFSD8,,0,,4_broad
MFSD9,liver,1,,3_vital
MGA,,0,,4_broad
MGAM,"duodenum, small intestine",2,,2_restricted
MGAM2,"salivary gland, small intestine",2,,2_restricted
MGARP,"adrenal gland, retina",2,,3_vital
MGAT1,,0,,4_broad
MGAT2,liver,1,,3_vital
MGAT3,cerebellum,1,,3_vital
MGAT4A,bone marrow,1,9.029878509760012e-10,1a_lymphoid
MGAT4B,liver,1,,3_vital
MGAT4C,thyroid gland,1,,2_restricted
MGAT4D,testis,1,,1b_testis_CT
MGAT5,heart muscle,1,,3_vital
MGAT5B,cerebral cortex,1,,3_vital
MGLL,adipose tissue,1,,2_restricted
MGME1,skin,1,,2_restricted
MGMT,liver,1,,3_vital
MGP,blood vessel,1,,2_restricted
MGRN1,cerebellum,1,,3_vital
MGST1,liver,1,,3_vital
MGST2,liver,1,,3_vital
MGST3,heart muscle,1,,3_vital
MIA,"breast, pituitary gland, stomach",3,,3_vital
MIA2,liver,1,,3_vital
MIA3,liver,1,,3_vital
MIB1,,0,,4_broad
MIB2,skeletal muscle,1,,3_vital
MICA,,0,,4_broad
MICAL1,urinary bladder,1,,2_restricted
MICAL2,cerebellum,1,,3_vital
MICAL3,skeletal muscle,1,,3_vital
MICALL1,esophagus,1,,2_restricted
MICALL2,small intestine,1,,2_restricted
MICB,spleen,1,6.112515196777484e-08,1a_lymphoid
MICOS10,,0,,4_broad
MICOS13,heart muscle,1,,3_vital
MICU1,"kidney, liver",2,,3_vital
MICU2,kidney,1,,3_vital
MICU3,cerebellum,1,,3_vital
MID1,colon,1,,2_restricted
MID1IP1,,0,,4_broad
MID2,,0,,4_broad
MIDEAS,,0,,4_broad
MIDN,skeletal muscle,1,,3_vital
MIEF1,"liver, testis",2,,3_vital
MIEF2,skeletal muscle,1,,3_vital
MIEN1,,0,,4_broad
MIER1,bone marrow,1,8.4435380523254055e-19,1a_lymphoid
MIER2,,0,,4_broad
MIER3,colon,1,,2_restricted
MIF,,0,,4_broad
MIF4GD,skeletal muscle,1,,3_vital
MIGA1,"cerebral cortex, parathyroid gland",2,,3_vital
MIGA2,duodenum,1,,2_restricted
MIIP,bone marrow,1,0.0007090802091206737,1a_lymphoid
MILR1,"appendix, lymph node",2,0.01329103816846995,1a_lymphoid
MINAR1,"adrenal gland, cerebellum, retina",3,,3_vital
MINAR2,skeletal muscle,1,,3_vital
MINDY1,"pancreas, spinal cord, thyroid gland",3,,3_vital
MINDY2,"cerebellum, retina",2,,3_vital
MINDY3,,0,,4_broad
MINDY4,,0,,4_broad
MINDY4B,basal ganglia,1,,3_vital
MINK1,"esophagus, skin",2,,2_restricted
MINPP1,"bone marrow, liver",2,0.0008261240079184734,3_vital
MIOS,skeletal muscle,1,,3_vital
MIOX,kidney,1,,3_vital
MIP,"liver, testis",2,,3_vital
MIPEP,kidney,1,,3_vital
MIPOL1,testis,1,,1b_testis_CT
MIS12,epididymis,1,,2_restricted
MIS18A,testis,1,,1b_testis_CT
MIS18BP1,bone marrow,1,1.3699434207549924e-05,1a_lymphoid
MISP,"duodenum, small intestine",2,,2_restricted
MISP3,,0,,4_broad
MITD1,lymph node,1,0.0010842278455520924,1a_lymphoid
MITF,cervix,1,,2_restricted
MIX23,skeletal muscle,1,,3_vital
MIXL1,"lymph node, tonsil",2,7.436407967378286e-07,1a_lymphoid
MKI67,"bone marrow, thymus",2,1.6315438632833723e-06,1a_lymphoid
MKKS,heart muscle,1,,3_vital
MKLN1,retina,1,,3_vital
MKNK1,pancreas,1,,3_vital
MKNK2,skeletal muscle,1,,3_vital
MKRN1,bone marrow,1,1.5135418528566412e-10,1a_lymphoid
MKRN2,testis,1,,1b_testis_CT
MKRN2OS,cerebellum,1,,3_vital
MKRN3,retina,1,,3_vital
MKS1,fallopian tube,1,,2_restricted
MKX,"ovary, prostate",2,,2_restricted
MLANA,skin,1,,2_restricted
MLC1,"amygdala, basal ganglia, cerebral cortex",3,,3_vital
MLEC,,0,,4_broad
MLF1,testis,1,,1b_testis_CT
MLF2,,0,,4_broad
MLH1,"skeletal muscle, tongue",2,,3_vital
MLH3,parathyroid gland,1,,2_restricted
MLIP,"heart muscle, skeletal muscle",2,,3_vital
MLKL,spleen,1,0.0017919642079466556,1a_lymphoid
MLLT1,cerebellum,1,,3_vital
MLLT10,testis,1,,1b_testis_CT
MLLT11,cerebral cortex,1,,3_vital
MLLT3,"bone marrow, rectum",2,0.010283662698035193,1a_lymphoid
MLLT6,,0,,4_broad
MLN,duodenum,1,,2_restricted
MLNR,"bone marrow, thyroid gland",2,0.0004759499276535286,1a_lymphoid
MLPH,"prostate, salivary gland",2,,2_restricted
MLST8,,0,,4_broad
MLX,"skeletal muscle, tongue",2,,3_vital
MLXIP,skeletal muscle,1,,3_vital
MLXIPL,liver,1,,3_vital
MLYCD,tongue,1,,2_restricted
MMAA,liver,1,,3_vital
MMAB,liver,1,,3_vital
MMACHC,liver,1,,3_vital
MMADHC,"liver, skeletal muscle",2,,3_vital
MMD,"adipose tissue, basal ganglia",2,,3_vital
MMD2,"cerebral cortex, spinal cord",2,,3_vital
MME,"duodenum, kidney, small intestine",3,,3_vital
MMEL1,testis,1,,1b_testis_CT
MMGT1,bone marrow,1,0.007713260865138061,1a_lymphoid
MMP1,"gallbladder, urinary bladder",2,,2_restricted
MMP10,endometrium,1,,2_restricted
MMP11,"cervix, endometrium",2,,2_restricted
MMP12,appendix,1,8.645132261578526e-09,1a_lymphoid
MMP13,urinary bladder,1,,2_restricted
MMP14,,0,,4_broad
MMP15,liver,1,,3_vital
MMP16,cerebral cortex,1,,3_vital
MMP17,"basal ganglia, cerebral cortex, hippocampal formation",3,,3_vital
MMP19,adipose tissue,1,,2_restricted
MMP2,gallbladder,1,,2_restricted
MMP20,testis,1,,1b_testis_CT
MMP21,epididymis,1,,2_restricted
MMP23B,"blood vessel, ovary",2,,2_restricted
MMP24,cerebellum,1,,3_vital
MMP24OS,,0,,4_broad
MMP25,spleen,1,3.0665838033773036e-17,1a_lymphoid
MMP26,endometrium,1,,2_restricted
MMP27,breast,1,,2_restricted
MMP28,,0,,4_broad
MMP3,salivary gland,1,,2_restricted
MMP7,gallbladder,1,,2_restricted
MMP8,bone marrow,1,8.89886592717166e-73,1a_lymphoid
MMP9,bone marrow,1,3.972107238003025e-19,1a_lymphoid
MMRN1,placenta,1,,2_restricted
MMRN2,"adipose tissue, placenta",2,,2_restricted
MMS19,choroid plexus,1,,3_vital
MMS22L,"bone marrow, testis",2,0.001861260632218936,1a_lymphoid
MMUT,liver,1,,3_vital
MN1,skeletal muscle,1,,3_vital
MNAT1,"skeletal muscle, tongue",2,,3_vital
MND1,thymus,1,1.5078841860324272e-06,1a_lymphoid
MNDA,bone marrow,1,3.527988592179341e-17,1a_lymphoid
MNS1,testis,1,,1b_testis_CT
MNT,,0,,4_broad
MNX1,pancreas,1,,3_vital
MOAP1,cerebral cortex,1,,3_vital
MOB1A,tonsil,1,0.043084910247779405,1a_lymphoid
MOB1B,"bone marrow, kidney",2,1.7995106779408331e-06,3_vital
MOB2,"blood vessel, colon",2,,2_restricted
MOB3A,lymph node,1,0.00844809479928515,1a_lymphoid
MOB3B,spinal cord,1,,3_vital
MOB3C,"pancreas, tongue",2,,3_vital
MOB4,adrenal gland,1,,3_vital
MOBP,spinal cord,1,,3_vital
MOCOS,"adrenal gland, liver",2,,3_vital
MOCS1,,0,,4_broad
MOCS2,,0,,4_broad
MOCS3,testis,1,,1b_testis_CT
MOG,spinal cord,1,,3_vital
MOGAT1,gallbladder,1,,2_restricted
MOGAT2,"duodenum, small intestine",2,,2_restricted
MOGAT3,"duodenum, liver, small intestine",3,,3_vital
MOGS,duodenum,1,,2_restricted
MOK,retina,1,,3_vital
MON1A,,0,,4_broad
MON1B,,0,,4_broad
MON2,,0,,4_broad
MORC1,testis,1,,1b_testis_CT
MORC2,testis,1,,1b_testis_CT
MORC3,bone marrow,1,0.0013315600174269695,1a_lymphoid
MORC4,placenta,1,,2_restricted
MORF4L1,"skeletal muscle, testis",2,,3_vital
MORF4L2,ovary,1,,2_restricted
MORN1,cerebellum,1,,3_vital
MORN2,"choroid plexus, testis",2,,3_vital
MORN3,choroid plexus,1,,3_vital
MORN4,,0,,4_broad
MORN5,"choroid plexus, fallopian tube, testis",3,,3_vital
MOS,testis,1,,1b_testis_CT
MOSMO,adrenal gland,1,,3_vital
MOSPD1,fallopian tube,1,,2_restricted
MOSPD2,spinal cord,1,,3_vital
MOSPD3,testis,1,,1b_testis_CT
MOV10,skin,1,,2_restricted
MOV10L1,testis,1,,1b_testis_CT
MOXD1,"endometrium, smooth muscle",2,,2_restricted
MPC1,"heart muscle, tongue",2,,3_vital
MPC1L,testis,1,,1b_testis_CT
MPC2,"liver, testis",2,,3_vital
MPDU1,liver,1,,3_vital
MPDZ,liver,1,,3_vital
MPEG1,spleen,1,5.591585131861871e-08,1a_lymphoid
MPG,blood vessel,1,,2_restricted
MPHOSPH10,skeletal muscle,1,,3_vital
MPHOSPH6,breast,1,,2_restricted
MPHOSPH8,,0,,4_broad
MPHOSPH9,"bone marrow, thymus",2,3.732685239613287e-05,1a_lymphoid
MPI,tongue,1,,2_restricted
MPIG6B,"skin, spleen",2,0.04180596469920119,1a_lymphoid
MPL,ovary,1,,2_restricted
MPLKIP,liver,1,,3_vital
MPND,liver,1,,3_vital
MPO,bone marrow,1,4.510302518335236e-103,1a_lymphoid
MPP1,"bone marrow, placenta",2,2.9082918200676584e-05,1a_lymphoid
MPP2,spinal cord,1,,3_vital
MPP3,"cerebellum, heart muscle",2,,3_vital
MPP4,retina,1,,3_vital
MPP7,esophagus,1,,2_restricted
MPPE1,thyroid gland,1,,2_restricted
MPPED1,cerebral cortex,1,,3_vital
MPPED2,"cervix, thyroid gland",2,,2_restricted
MPRIP,blood vessel,1,,2_restricted
MPST,liver,1,,3_vital
MPV17,"adrenal gland, choroid plexus",2,,3_vital
MPV17L,pancreas,1,,3_vital
MPV17L2,,0,,4_broad
MPZ,spinal cord,1,,3_vital
MPZL1,,0,,4_broad
MPZL2,"esophagus, urinary bladder",2,,2_restricted
MPZL3,"esophagus, skin",2,,2_restricted
MR1,,0,,4_broad
MRAP,adrenal gland,1,,3_vital
MRAP2,blood vessel,1,,2_restricted
MRAS,,0,,4_broad
MRC1,lung,1,,3_vital
MRC2,blood vessel,1,,2_restricted
MRE11,bone marrow,1,0.001492891079085259,1a_lymphoid
MREG,retina,1,,3_vital
MRFAP1,,0,,4_broad
MRFAP1L1,,0,,4_broad
MRGBP,testis,1,,1b_testis_CT
MRGPRD,"cerebellum, colon",2,,3_vital
MRGPRE,"cervix, hypothalamus",2,,3_vital
MRGPRF,"colon, endometrium",2,,2_restricted
MRGPRG,testis,1,,1b_testis_CT
MRGPRX1,,0,,4_broad
MRGPRX2,"breast, skin",2,,2_restricted
MRGPRX3,salivary gland,1,,2_restricted
MRGPRX4,,0,,4_broad
MRI1,,0,,4_broad
MRLN,"skeletal muscle, tongue",2,,3_vital
MRM1,,0,,4_broad
MRM2,skeletal muscle,1,,3_vital
MRM3,skeletal muscle,1,,3_vital
MRNIP,cerebellum,1,,3_vital
MRO,,0,,4_broad
MROH1,thyroid gland,1,,2_restricted
MROH2A,"testis, thyroid gland",2,,2_restricted
MROH2B,testis,1,,1b_testis_CT
MROH6,esophagus,1,,2_restricted
MROH7,testis,1,,1b_testis_CT
MROH8,testis,1,,1b_testis_CT
MROH9,"fallopian tube, testis",2,,2_restricted
MRPL1,"skeletal muscle, tongue",2,,3_vital
MRPL10,skeletal muscle,1,,3_vital
MRPL11,skeletal muscle,1,,3_vital
MRPL12,"heart muscle, liver",2,,3_vital
MRPL13,liver,1,,3_vital
MRPL14,skeletal muscle,1,,3_vital
MRPL15,"skeletal muscle, tongue",2,,3_vital
MRPL16,"heart muscle, tongue",2,,3_vital
MRPL17,,0,,4_broad
MRPL18,,0,,4_broad
MRPL19,"liver, skeletal muscle",2,,3_vital
MRPL2,skeletal muscle,1,,3_vital
MRPL20,skeletal muscle,1,,3_vital
MRPL21,"heart muscle, skeletal muscle",2,,3_vital
MRPL22,liver,1,,3_vital
MRPL23,,0,,4_broad
MRPL24,skeletal muscle,1,,3_vital
MRPL27,,0,,4_broad
MRPL28,,0,,4_broad
MRPL3,,0,,4_broad
MRPL30,tongue,1,,2_restricted
MRPL32,liver,1,,3_vital
MRPL33,"adrenal gland, skeletal muscle, tongue",3,,3_vital
MRPL34,liver,1,,3_vital
MRPL35,tongue,1,,2_restricted
MRPL36,skeletal muscle,1,,3_vital
MRPL37,"skeletal muscle, tongue",2,,3_vital
MRPL38,skeletal muscle,1,,3_vital
MRPL39,parathyroid gland,1,,2_restricted
MRPL4,,0,,4_broad
MRPL40,"skeletal muscle, tongue",2,,3_vital
MRPL41,heart muscle,1,,3_vital
MRPL42,,0,,4_broad
MRPL43,,0,,4_broad
MRPL44,bone marrow,1,0.04228589129045174,1a_lymphoid
MRPL45,skeletal muscle,1,,3_vital
MRPL46,"heart muscle, skeletal muscle, tongue",3,,3_vital
MRPL47,choroid plexus,1,,3_vital
MRPL48,"choroid plexus, spinal cord",2,,3_vital
MRPL49,adrenal gland,1,,3_vital
MRPL50,retina,1,,3_vital
MRPL51,,0,,4_broad
MRPL52,,0,,4_broad
MRPL53,skeletal muscle,1,,3_vital
MRPL54,liver,1,,3_vital
MRPL55,,0,,4_broad
MRPL57,skeletal muscle,1,,3_vital
MRPL58,skeletal muscle,1,,3_vital
MRPL9,skeletal muscle,1,,3_vital
MRPS10,"skeletal muscle, tongue",2,,3_vital
MRPS11,,0,,4_broad
MRPS12,"heart muscle, liver",2,,3_vital
MRPS14,,0,,4_broad
MRPS15,skeletal muscle,1,,3_vital
MRPS16,skeletal muscle,1,,3_vital
MRPS17,"skeletal muscle, tongue",2,,3_vital
MRPS18A,"choroid plexus, skeletal muscle",2,,3_vital
MRPS18B,"skeletal muscle, tongue",2,,3_vital
MRPS18C,skeletal muscle,1,,3_vital
MRPS2,"liver, skeletal muscle",2,,3_vital
MRPS21,choroid plexus,1,,3_vital
MRPS22,"skeletal muscle, tongue",2,,3_vital
MRPS23,heart muscle,1,,3_vital
MRPS24,skeletal muscle,1,,3_vital
MRPS25,heart muscle,1,,3_vital
MRPS26,liver,1,,3_vital
MRPS27,tongue,1,,2_restricted
MRPS28,"skeletal muscle, tongue",2,,3_vital
MRPS30,skeletal muscle,1,,3_vital
MRPS31,,0,,4_broad
MRPS33,"skeletal muscle, tongue",2,,3_vital
MRPS34,,0,,4_broad
MRPS35,,0,,4_broad
MRPS36,"heart muscle, tongue",2,,3_vital
MRPS5,tongue,1,,2_restricted
MRPS6,"choroid plexus, kidney",2,,3_vital
MRPS7,"skeletal muscle, tongue",2,,3_vital
MRPS9,"skeletal muscle, tongue",2,,3_vital
MRRF,skeletal muscle,1,,3_vital
MRS2,"skeletal muscle, tongue",2,,3_vital
MRTFA,bone marrow,1,9.406278805295692e-07,1a_lymphoid
MRTFB,cerebral cortex,1,,3_vital
MRTO4,,0,,4_broad
MS4A1,"lymph node, tonsil",2,2.992419701218654e-08,1a_lymphoid
MS4A10,"duodenum, small intestine",2,,2_restricted
MS4A12,"colon, rectum",2,,2_restricted
MS4A13,testis,1,,1b_testis_CT
MS4A14,testis,1,,1b_testis_CT
MS4A15,lung,1,,3_vital
MS4A18,duodenum,1,,2_restricted
MS4A2,lung,1,,3_vital
MS4A3,bone marrow,1,1.3691919398182684e-93,1a_lymphoid
MS4A4A,placenta,1,,2_restricted
MS4A4E,spleen,1,0.002577999233873066,1a_lymphoid
MS4A5,testis,1,,1b_testis_CT
MS4A6A,,0,,4_broad
MS4A6E,testis,1,,1b_testis_CT
MS4A7,spleen,1,9.1641020198543e-12,1a_lymphoid
MS4A8,"duodenum, small intestine",2,,2_restricted
MSANTD1,"basal ganglia, hypothalamus",2,,3_vital
MSANTD2,thyroid gland,1,,2_restricted
MSANTD3,tongue,1,,2_restricted
MSANTD3-TMEFF1,spinal cord,1,,3_vital
MSANTD4,retina,1,,3_vital
MSANTD5,testis,1,,1b_testis_CT
MSANTD7,,0,,4_broad
MSC,blood vessel,1,,2_restricted
MSGN1,choroid plexus,1,,3_vital
MSH2,"retina, thymus",2,0.007623310557621836,3_vital
MSH3,kidney,1,,3_vital
MSH4,testis,1,,1b_testis_CT
MSH5,testis,1,,1b_testis_CT
MSH6,ovary,1,,2_restricted
MSI1,retina,1,,3_vital
MSI2,retina,1,,3_vital
MSL1,,0,,4_broad
MSL2,"bone marrow, thymus",2,4.5194131373430744e-05,1a_lymphoid
MSL3,thymus,1,0.013125632748056948,1a_lymphoid
MSLN,fallopian tube,1,,2_restricted
MSLNL,"cerebral cortex, epididymis",2,,3_vital
MSMB,prostate,1,,2_restricted
MSMO1,liver,1,,3_vital
MSMP,choroid plexus,1,,3_vital
MSN,,0,,4_broad
MSR1,lung,1,,3_vital
MSRA,"kidney, liver",2,,3_vital
MSRB1,liver,1,,3_vital
MSRB2,heart muscle,1,,3_vital
MSRB3,blood vessel,1,,2_restricted
MSS51,skeletal muscle,1,,3_vital
MST1,liver,1,,3_vital
MST1R,"skin, stomach",2,,2_restricted
MSTN,"skeletal muscle, tongue",2,,3_vital
MSTO1,liver,1,,3_vital
MSX1,choroid plexus,1,,3_vital
MSX2,"parathyroid gland, placenta",2,,2_restricted
MT-ATP6,heart muscle,1,,3_vital
MT-ATP8,heart muscle,1,,3_vital
MT-CO1,heart muscle,1,,3_vital
MT-CO2,heart muscle,1,,3_vital
MT-CO3,heart muscle,1,,3_vital
MT-CYB,heart muscle,1,,3_vital
MT-ND1,heart muscle,1,,3_vital
MT-ND2,"basal ganglia, heart muscle",2,,3_vital
MT-ND3,heart muscle,1,,3_vital
MT-ND4,heart muscle,1,,3_vital
MT-ND4L,heart muscle,1,,3_vital
MT-ND5,"heart muscle, skeletal muscle",2,,3_vital
MT-ND6,skeletal muscle,1,,3_vital
MT1A,"adipose tissue, liver",2,,3_vital
MT1B,liver,1,,3_vital
MT1E,liver,1,,3_vital
MT1F,"liver, thyroid gland",2,,3_vital
MT1G,liver,1,,3_vital
MT1H,"kidney, liver",2,,3_vital
MT1HL1,heart muscle,1,,3_vital
MT1M,"adipose tissue, liver",2,,3_vital
MT1X,"liver, skeletal muscle",2,,3_vital
MT2A,liver,1,,3_vital
MT3,"amygdala, basal ganglia",2,,3_vital
MT4,skin,1,,2_restricted
MTA1,,0,,4_broad
MTA2,retina,1,,3_vital
MTA3,thymus,1,7.490541870784842e-10,1a_lymphoid
MTAP,,0,,4_broad
MTARC1,adipose tissue,1,,2_restricted
MTARC2,liver,1,,3_vital
MTBP,cerebellum,1,,3_vital
MTCH1,,0,,4_broad
MTCH2,liver,1,,3_vital
MTCL1,cerebellum,1,,3_vital
MTCP1,testis,1,,1b_testis_CT
MTDH,bone marrow,1,0.0026414165609013308,1a_lymphoid
MTERF1,lymph node,1,0.0218078184520931,1a_lymphoid
MTERF2,,0,,4_broad
MTERF3,tongue,1,,2_restricted
MTERF4,skeletal muscle,1,,3_vital
MTF1,bone marrow,1,4.6329936622266344e-17,1a_lymphoid
MTF2,"bone marrow, thymus",2,0.00023992306114648193,1a_lymphoid
MTFMT,heart muscle,1,,3_vital
MTFP1,"choroid plexus, kidney",2,,3_vital
MTFR1,"kidney, liver, retina",3,,3_vital
MTFR1L,"skeletal muscle, tongue",2,,3_vital
MTFR2,bone marrow,1,1.2832944885593727e-09,1a_lymphoid
MTG1,liver,1,,3_vital
MTG2,"liver, skeletal muscle",2,,3_vital
MTHFD1,liver,1,,3_vital
MTHFD1L,blood vessel,1,,2_restricted
MTHFD2,blood vessel,1,,2_restricted
MTHFD2L,"epididymis, heart muscle, liver",3,,3_vital
MTHFR,epididymis,1,,2_restricted
MTHFS,liver,1,,3_vital
MTHFSD,testis,1,,1b_testis_CT
MTIF2,"skeletal muscle, tongue",2,,3_vital
MTIF3,heart muscle,1,,3_vital
MTLN,skeletal muscle,1,,3_vital
MTM1,,0,,4_broad
MTMR1,thymus,1,0.005257866043138557,1a_lymphoid
MTMR10,spinal cord,1,,3_vital
MTMR11,rectum,1,,2_restricted
MTMR12,,0,,4_broad
MTMR14,bone marrow,1,0.005031375866097674,1a_lymphoid
MTMR2,testis,1,,1b_testis_CT
MTMR3,bone marrow,1,6.5405098190649224e-15,1a_lymphoid
MTMR4,"cerebellum, liver",2,,3_vital
MTMR6,bone marrow,1,5.27435595531874e-05,1a_lymphoid
MTMR7,retina,1,,3_vital
MTMR8,fallopian tube,1,,2_restricted
MTMR9,"cerebral cortex, retina",2,,3_vital
MTNR1A,kidney,1,,3_vital
MTNR1B,placenta,1,,2_restricted
MTO1,liver,1,,3_vital
MTOR,testis,1,,1b_testis_CT
MTPAP,bone marrow,1,6.212535178826897e-13,1a_lymphoid
MTPN,bone marrow,1,0.001564761868354364,1a_lymphoid
MTR,parathyroid gland,1,,2_restricted
MTRES1,"skeletal muscle, tongue",2,,3_vital
MTREX,skeletal muscle,1,,3_vital
MTRF1,,0,,4_broad
MTRF1L,"skeletal muscle, tongue",2,,3_vital
MTRFR,thymus,1,1.085893498334096e-15,1a_lymphoid
MTRR,"skeletal muscle, tongue",2,,3_vital
MTSS1,liver,1,,3_vital
MTSS2,,0,,4_broad
MTTP,"duodenum, liver, small intestine",3,,3_vital
MTURN,"midbrain, spinal cord",2,,3_vital
MTUS1,tongue,1,,2_restricted
MTUS2,heart muscle,1,,3_vital
MTX1,testis,1,,1b_testis_CT
MTX2,skeletal muscle,1,,3_vital
MTX3,"parathyroid gland, retina",2,,3_vital
MUC1,stomach,1,,2_restricted
MUC12,"colon, rectum",2,,2_restricted
MUC13,"duodenum, small intestine",2,,2_restricted
MUC15,epididymis,1,,2_restricted
MUC16,cervix,1,,2_restricted
MUC17,"duodenum, small intestine",2,,2_restricted
MUC2,"colon, small intestine",2,,2_restricted
MUC20,"esophagus, kidney",2,,3_vital
MUC21,esophagus,1,,2_restricted
MUC22,esophagus,1,,2_restricted
MUC3A,"duodenum, small intestine",2,,2_restricted
MUC4,colon,1,,2_restricted
MUC5AC,stomach,1,,2_restricted
MUC5B,salivary gland,1,,2_restricted
MUC6,stomach,1,,2_restricted
MUC7,salivary gland,1,,2_restricted
MUCL1,breast,1,,2_restricted
MUCL3,stomach,1,,2_restricted
MUL1,tongue,1,,2_restricted
MUS81,,0,,4_broad
MUSK,skeletal muscle,1,,3_vital
MUSTN1,"blood vessel, skeletal muscle",2,,3_vital
MUTYH,"cerebellum, thymus",2,0.036505597044482606,3_vital
MVB12A,,0,,4_broad
MVB12B,spinal cord,1,,3_vital
MVD,"esophagus, liver",2,,3_vital
MVK,liver,1,,3_vital
MVP,,0,,4_broad
MX1,salivary gland,1,,2_restricted
MX2,thymus,1,0.0003384583185676672,1a_lymphoid
MXD1,"bone marrow, esophagus",2,9.754904743727235e-08,1a_lymphoid
MXD3,bone marrow,1,2.6900030428759466e-07,1a_lymphoid
MXD4,cerebellum,1,,3_vital
MXI1,blood vessel,1,,2_restricted
MXRA5,"cervix, skin",2,,2_restricted
MXRA7,choroid plexus,1,,3_vital
MXRA8,blood vessel,1,,2_restricted
MYADM,,0,,4_broad
MYADML2,skeletal muscle,1,,3_vital
MYB,thymus,1,8.512826772156784e-09,1a_lymphoid
MYBBP1A,skeletal muscle,1,,3_vital
MYBL1,"lymph node, tonsil",2,2.5522655460145962e-05,1a_lymphoid
MYBL2,bone marrow,1,5.093032494794653e-07,1a_lymphoid
MYBPC1,skeletal muscle,1,,3_vital
MYBPC2,skeletal muscle,1,,3_vital
MYBPC3,heart muscle,1,,3_vital
MYBPH,skeletal muscle,1,,3_vital
MYBPHL,heart muscle,1,,3_vital
MYC,"adipose tissue, skin",2,,2_restricted
MYCBP,,0,,4_broad
MYCBP2,skin,1,,2_restricted
MYCBPAP,testis,1,,1b_testis_CT
MYCL,"pancreas, skin",2,,3_vital
MYCN,placenta,1,,2_restricted
MYCT1,spleen,1,4.320282016302319e-07,1a_lymphoid
MYD88,,0,,4_broad
MYDGF,"liver, pancreas",2,,3_vital
MYEF2,,0,,4_broad
MYEOV,esophagus,1,,2_restricted
MYF5,"skeletal muscle, tongue",2,,3_vital
MYF6,skeletal muscle,1,,3_vital
MYG1,testis,1,,1b_testis_CT
MYH1,skeletal muscle,1,,3_vital
MYH10,blood vessel,1,,2_restricted
MYH11,"blood vessel, colon, urinary bladder",3,,2_restricted
MYH13,"skeletal muscle, stomach",2,,3_vital
MYH14,skeletal muscle,1,,3_vital
MYH15,"retina, tongue",2,,3_vital
MYH2,skeletal muscle,1,,3_vital
MYH3,"prostate, skeletal muscle",2,,3_vital
MYH4,skeletal muscle,1,,3_vital
MYH6,heart muscle,1,,3_vital
MYH7,"heart muscle, skeletal muscle",2,,3_vital
MYH7B,heart muscle,1,,3_vital
MYH8,"esophagus, skeletal muscle",2,,3_vital
MYH9,blood vessel,1,,2_restricted
MYL1,"skeletal muscle, tongue",2,,3_vital
MYL10,skeletal muscle,1,,3_vital
MYL11,skeletal muscle,1,,3_vital
MYL12A,"heart muscle, skeletal muscle",2,,3_vital
MYL12B,,0,,4_broad
MYL2,"heart muscle, skeletal muscle",2,,3_vital
MYL3,"heart muscle, skeletal muscle",2,,3_vital
MYL4,heart muscle,1,,3_vital
MYL5,retina,1,,3_vital
MYL6,colon,1,,2_restricted
MYL6B,"skeletal muscle, tongue",2,,3_vital
MYL7,heart muscle,1,,3_vital
MYL9,"blood vessel, colon",2,,2_restricted
MYLIP,bone marrow,1,2.5365842915109563e-05,1a_lymphoid
MYLK,"seminal vesicle, smooth muscle",2,,2_restricted
MYLK2,skeletal muscle,1,,3_vital
MYLK3,"heart muscle, tongue",2,,3_vital
MYLK4,tongue,1,,2_restricted
MYMK,skeletal muscle,1,,3_vital
MYMX,"adipose tissue, breast, pancreas",3,,3_vital
MYNN,"bone marrow, retina",2,0.03228981062267245,3_vital
MYO10,,0,,4_broad
MYO15A,pituitary gland,1,,3_vital
MYO15B,"duodenum, small intestine",2,,2_restricted
MYO16,"cerebral cortex, pituitary gland",2,,3_vital
MYO18A,skeletal muscle,1,,3_vital
MYO18B,skeletal muscle,1,,3_vital
MYO19,skin,1,,2_restricted
MYO1A,"duodenum, small intestine",2,,2_restricted
MYO1B,liver,1,,3_vital
MYO1C,adipose tissue,1,,2_restricted
MYO1D,blood vessel,1,,2_restricted
MYO1E,,0,,4_broad
MYO1F,"bone marrow, spleen",2,7.372071219002497e-06,1a_lymphoid
MYO1G,bone marrow,1,1.1673263945527505e-05,1a_lymphoid
MYO1H,testis,1,,1b_testis_CT
MYO3A,retina,1,,3_vital
MYO3B,"epididymis, parathyroid gland",2,,2_restricted
MYO5A,"cerebral cortex, parathyroid gland",2,,3_vital
MYO5B,"duodenum, small intestine",2,,2_restricted
MYO5C,pancreas,1,,3_vital
MYO6,kidney,1,,3_vital
MYO7A,adrenal gland,1,,3_vital
MYO7B,"duodenum, small intestine",2,,2_restricted
MYO9A,retina,1,,3_vital
MYO9B,spleen,1,2.2305727456544507e-06,1a_lymphoid
MYOC,"blood vessel, tongue",2,,2_restricted
MYOCD,blood vessel,1,,2_restricted
MYOCOS,"cervix, epididymis",2,,2_restricted
MYOD1,skeletal muscle,1,,3_vital
MYOF,,0,,4_broad
MYOG,skeletal muscle,1,,3_vital
MYOM1,skeletal muscle,1,,3_vital
MYOM2,"heart muscle, skeletal muscle",2,,3_vital
MYOM3,"heart muscle, skeletal muscle, tongue",3,,3_vital
MYORG,skeletal muscle,1,,3_vital
MYOT,"skeletal muscle, tongue",2,,3_vital
MYOZ1,skeletal muscle,1,,3_vital
MYOZ2,heart muscle,1,,3_vital
MYOZ3,"skeletal muscle, tongue",2,,3_vital
MYPN,"skeletal muscle, tongue",2,,3_vital
MYPOP,cerebral cortex,1,,3_vital
MYRF,"spinal cord, stomach",2,,3_vital
MYRFL,"duodenum, small intestine",2,,2_restricted
MYRIP,"amygdala, cerebral cortex",2,,3_vital
MYSM1,bone marrow,1,0.002534690524628635,1a_lymphoid
MYT1,cerebellum,1,,3_vital
MYT1L,"cerebellum, cerebral cortex",2,,3_vital
MYZAP,heart muscle,1,,3_vital
MZB1,spleen,1,4.2427452720527975e-05,1a_lymphoid
MZF1,,0,,4_broad
MZT1,basal ganglia,1,,3_vital
MZT2A,heart muscle,1,,3_vital
MZT2B,,0,,4_broad
N4BP1,"esophagus, skin",2,,2_restricted
N4BP2,thymus,1,2.8109339156848055e-08,1a_lymphoid
N4BP2L1,liver,1,,3_vital
N4BP2L2,"skeletal muscle, tongue",2,,3_vital
N4BP3,esophagus,1,,2_restricted
N6AMT1,,0,,4_broad
NAA10,skeletal muscle,1,,3_vital
NAA11,"placenta, testis",2,,2_restricted
NAA15,,0,,4_broad
NAA16,"bone marrow, pancreas",2,5.646112185113284e-07,3_vital
NAA20,esophagus,1,,2_restricted
NAA25,"retina, skeletal muscle",2,,3_vital
NAA30,"skeletal muscle, tongue",2,,3_vital
NAA35,retina,1,,3_vital
NAA38,,0,,4_broad
NAA40,testis,1,,1b_testis_CT
NAA50,skeletal muscle,1,,3_vital
NAA60,liver,1,,3_vital
NAA80,testis,1,,1b_testis_CT
NAAA,,0,,4_broad
NAALAD2,pituitary gland,1,,3_vital
NAALADL1,small intestine,1,,2_restricted
NAALADL2,parathyroid gland,1,,2_restricted
NAB1,skin,1,,2_restricted
NAB2,cerebellum,1,,3_vital
NABP1,appendix,1,0.022670407390618152,1a_lymphoid
NABP2,skeletal muscle,1,,3_vital
NACA,ovary,1,,2_restricted
NACA2,testis,1,,1b_testis_CT
NACAD,spinal cord,1,,3_vital
NACC1,,0,,4_broad
NACC2,spinal cord,1,,3_vital
NADK,liver,1,,3_vital
NADK2,liver,1,,3_vital
NADSYN1,,0,,4_broad
NAE1,testis,1,,1b_testis_CT
NAF1,skeletal muscle,1,,3_vital
NAGA,,0,,4_broad
NAGK,esophagus,1,,2_restricted
NAGLU,,0,,4_broad
NAGPA,"cerebral cortex, hippocampal formation",2,,3_vital
NAGS,liver,1,,3_vital
NAIF1,bone marrow,1,0.0035478652404061757,1a_lymphoid
NAIP,spleen,1,3.830807462010654e-19,1a_lymphoid
NALCN,cerebral cortex,1,,3_vital
NALF1,cerebral cortex,1,,3_vital
NALF2,heart muscle,1,,3_vital
NAMPT,"appendix, bone marrow",2,0.0038841523127943886,1a_lymphoid
NANOG,testis,1,,1b_testis_CT
NANOGNB,"bone marrow, testis",2,0.002632929706919614,1a_lymphoid
NANOGP8,testis,1,,1b_testis_CT
NANOS1,skeletal muscle,1,,3_vital
NANOS2,testis,1,,1b_testis_CT
NANOS3,"cerebellum, cerebral cortex, testis",3,,3_vital
NANP,,0,,4_broad
NANS,colon,1,,2_restricted
NAP1L1,ovary,1,,2_restricted
NAP1L2,"cerebellum, cerebral cortex",2,,3_vital
NAP1L3,"cerebellum, cerebral cortex, hypothalamus",3,,3_vital
NAP1L4,,0,,4_broad
NAP1L5,"cerebral cortex, hypothalamus",2,,3_vital
NAPA,cerebellum,1,,3_vital
NAPB,cerebral cortex,1,,3_vital
NAPEPLD,"duodenum, kidney",2,,3_vital
NAPG,cerebral cortex,1,,3_vital
NAPRT,liver,1,,3_vital
NAPSA,lung,1,,3_vital
NARF,"skeletal muscle, testis",2,,3_vital
NARS1,,0,,4_broad
NARS2,"choroid plexus, liver",2,,3_vital
NASP,bone marrow,1,1.878647861920091e-05,1a_lymphoid
NAT1,epididymis,1,,2_restricted
NAT10,,0,,4_broad
NAT14,,0,,4_broad
NAT16,"basal ganglia, retina",2,,3_vital
NAT2,liver,1,,3_vital
NAT8,kidney,1,,3_vital
NAT8L,"basal ganglia, cerebral cortex",2,,3_vital
NAT9,adrenal gland,1,,3_vital
NATD1,skeletal muscle,1,,3_vital
NAV1,blood vessel,1,,2_restricted
NAV2,heart muscle,1,,3_vital
NAV3,"cerebral cortex, ovary",2,,3_vital
NAXD,liver,1,,3_vital
NAXE,,0,,4_broad
NBAS,choroid plexus,1,,3_vital
NBDY,,0,,4_broad
NBEA,retina,1,,3_vital
NBEAL1,,0,,4_broad
NBEAL2,esophagus,1,,2_restricted
NBL1,"cervix, ovary",2,,2_restricted
NBN,,0,,4_broad
NBPF1,adrenal gland,1,,3_vital
NBPF10,"bone marrow, skin",2,0.03379028385501541,1a_lymphoid
NBPF11,liver,1,,3_vital
NBPF12,"pancreas, stomach",2,,3_vital
NBPF14,skin,1,,2_restricted
NBPF15,cerebellum,1,,3_vital
NBPF19,skin,1,,2_restricted
NBPF20,cerebellum,1,,3_vital
NBPF26,skin,1,,2_restricted
NBPF3,testis,1,,1b_testis_CT
NBPF4,testis,1,,1b_testis_CT
NBPF6,"liver, testis",2,,3_vital
NBPF9,,0,,4_broad
NBR1,testis,1,,1b_testis_CT
NCALD,"cerebral cortex, salivary gland",2,,3_vital
NCAM1,cerebral cortex,1,,3_vital
NCAM2,cerebral cortex,1,,3_vital
NCAN,cerebral cortex,1,,3_vital
NCAPD2,thymus,1,3.6543613637399564e-08,1a_lymphoid
NCAPD3,prostate,1,,2_restricted
NCAPG,"bone marrow, thymus",2,0.000176778890470417,1a_lymphoid
NCAPG2,"bone marrow, thymus",2,4.2920755854757957e-05,1a_lymphoid
NCAPH,"bone marrow, testis, thymus",3,0.004209846805814798,1a_lymphoid
NCAPH2,bone marrow,1,3.138470666470456e-05,1a_lymphoid
NCBP1,"bone marrow, retina",2,0.004258635493957623,3_vital
NCBP2,,0,,4_broad
NCBP2AS2,,0,,4_broad
NCBP2L,"adrenal gland, testis",2,,3_vital
NCBP3,"bone marrow, testis",2,0.04214782035519182,1a_lymphoid
NCCRP1,"esophagus, skin",2,,2_restricted
NCDN,basal ganglia,1,,3_vital
NCEH1,,0,,4_broad
NCF1,"bone marrow, spleen",2,3.3344578311905516e-05,1a_lymphoid
NCF2,bone marrow,1,3.045328019075816e-07,1a_lymphoid
NCF4,"bone marrow, spleen",2,1.4485417982562933e-06,1a_lymphoid
NCK1,thymus,1,0.034662741552310174,1a_lymphoid
NCK2,esophagus,1,,2_restricted
NCKAP1,,0,,4_broad
NCKAP1L,spleen,1,0.04660140165152598,1a_lymphoid
NCKAP5,lung,1,,3_vital
NCKAP5L,adrenal gland,1,,3_vital
NCKIPSD,parathyroid gland,1,,2_restricted
NCL,skeletal muscle,1,,3_vital
NCLN,adrenal gland,1,,3_vital
NCMAP,"pancreas, salivary gland",2,,3_vital
NCOA1,retina,1,,3_vital
NCOA2,epididymis,1,,2_restricted
NCOA3,tonsil,1,0.007103122535489968,1a_lymphoid
NCOA4,liver,1,,3_vital
NCOA5,,0,,4_broad
NCOA6,retina,1,,3_vital
NCOA7,urinary bladder,1,,2_restricted
NCOR1,,0,,4_broad
NCOR2,skeletal muscle,1,,3_vital
NCR1,spleen,1,3.5745718300301588e-22,1a_lymphoid
NCR2,"duodenum, tonsil",2,0.013596304540122542,1a_lymphoid
NCR3,spleen,1,4.2035897035030136e-13,1a_lymphoid
NCR3LG1,"cerebellum, parathyroid gland",2,,3_vital
NCS1,"amygdala, cerebral cortex, hippocampal formation",3,,3_vital
NCSTN,placenta,1,,2_restricted
NDC1,tonsil,1,0.010301157998222137,1a_lymphoid
NDC80,"bone marrow, thymus",2,0.0019156382941771875,1a_lymphoid
NDE1,spinal cord,1,,3_vital
NDEL1,"bone marrow, skin",2,7.579931025408472e-05,1a_lymphoid
NDFIP1,,0,,4_broad
NDFIP2,,0,,4_broad
NDN,hypothalamus,1,,3_vital
NDNF,lung,1,,3_vital
NDOR1,bone marrow,1,0.00041021398121559357,1a_lymphoid
NDP,,0,,4_broad
NDRG1,spinal cord,1,,3_vital
NDRG2,,0,,4_broad
NDRG3,cerebellum,1,,3_vital
NDRG4,"cerebellum, heart muscle",2,,3_vital
NDST1,,0,,4_broad
NDST2,bone marrow,1,7.138111923141076e-07,1a_lymphoid
NDST3,"basal ganglia, cerebellum",2,,3_vital
NDST4,"cerebral cortex, ovary, spleen",3,0.03167657172292985,3_vital
NDUFA1,heart muscle,1,,3_vital
NDUFA10,"heart muscle, tongue",2,,3_vital
NDUFA11,heart muscle,1,,3_vital
NDUFA12,"heart muscle, skeletal muscle, tongue",3,,3_vital
NDUFA13,"choroid plexus, heart muscle",2,,3_vital
NDUFA2,skeletal muscle,1,,3_vital
NDUFA3,heart muscle,1,,3_vital
NDUFA4,"heart muscle, tongue",2,,3_vital
NDUFA4L2,"blood vessel, esophagus",2,,2_restricted
NDUFA5,tongue,1,,2_restricted
NDUFA6,"heart muscle, skeletal muscle",2,,3_vital
NDUFA7,"skeletal muscle, tongue",2,,3_vital
NDUFA8,"heart muscle, tongue",2,,3_vital
NDUFA9,"heart muscle, skeletal muscle, tongue",3,,3_vital
NDUFAB1,"heart muscle, skeletal muscle",2,,3_vital
NDUFAF1,"skeletal muscle, tongue",2,,3_vital
NDUFAF2,skeletal muscle,1,,3_vital
NDUFAF3,testis,1,,1b_testis_CT
NDUFAF4,tongue,1,,2_restricted
NDUFAF5,"skeletal muscle, tongue",2,,3_vital
NDUFAF6,"skeletal muscle, tongue",2,,3_vital
NDUFAF7,testis,1,,1b_testis_CT
NDUFAF8,,0,,4_broad
NDUFB1,heart muscle,1,,3_vital
NDUFB10,"skeletal muscle, tongue",2,,3_vital
NDUFB11,skeletal muscle,1,,3_vital
NDUFB2,"heart muscle, tongue",2,,3_vital
NDUFB3,"skeletal muscle, tongue",2,,3_vital
NDUFB4,"heart muscle, skeletal muscle",2,,3_vital
NDUFB5,"skeletal muscle, tongue",2,,3_vital
NDUFB6,"heart muscle, skeletal muscle",2,,3_vital
NDUFB7,"heart muscle, skeletal muscle",2,,3_vital
NDUFB8,,0,,4_broad
NDUFB9,"skeletal muscle, tongue",2,,3_vital
NDUFC1,"skeletal muscle, tongue",2,,3_vital
NDUFC2,skeletal muscle,1,,3_vital
NDUFC2-KCTD14,tongue,1,,2_restricted
NDUFS1,"heart muscle, skeletal muscle, tongue",3,,3_vital
NDUFS2,"skeletal muscle, tongue",2,,3_vital
NDUFS3,skeletal muscle,1,,3_vital
NDUFS4,"skeletal muscle, tongue",2,,3_vital
NDUFS5,heart muscle,1,,3_vital
NDUFS6,"heart muscle, skeletal muscle",2,,3_vital
NDUFS7,"heart muscle, skeletal muscle",2,,3_vital
NDUFS8,"heart muscle, skeletal muscle",2,,3_vital
NDUFV1,"heart muscle, skeletal muscle, tongue",3,,3_vital
NDUFV2,"skeletal muscle, tongue",2,,3_vital
NDUFV3,"heart muscle, skeletal muscle",2,,3_vital
NEB,skeletal muscle,1,,3_vital
NEBL,heart muscle,1,,3_vital
NECAB1,cerebral cortex,1,,3_vital
NECAB2,"amygdala, basal ganglia",2,,3_vital
NECAB3,"adrenal gland, skeletal muscle",2,,3_vital
NECAP1,"cerebellum, cerebral cortex",2,,3_vital
NECAP2,"lymph node, spleen",2,0.037814500423488724,1a_lymphoid
NECTIN1,"esophagus, skin",2,,2_restricted
NECTIN2,,0,,4_broad
NECTIN3,testis,1,,1b_testis_CT
NECTIN4,"esophagus, skin",2,,2_restricted
NEDD1,skeletal muscle,1,,3_vital
NEDD4,"skeletal muscle, tongue",2,,3_vital
NEDD4L,,0,,4_broad
NEDD8,,0,,4_broad
NEDD8-MDP1,"skeletal muscle, testis",2,,3_vital
NEDD9,"adipose tissue, lung",2,,3_vital
NEFH,prostate,1,,2_restricted
NEFL,cerebral cortex,1,,3_vital
NEFM,cerebral cortex,1,,3_vital
NEGR1,"cerebral cortex, retina",2,,3_vital
NEIL1,cerebellum,1,,3_vital
NEIL2,,0,,4_broad
NEIL3,thymus,1,1.5699685494091456e-21,1a_lymphoid
NEK1,,0,,4_broad
NEK10,testis,1,,1b_testis_CT
NEK11,choroid plexus,1,,3_vital
NEK2,testis,1,,1b_testis_CT
NEK3,,0,,4_broad
NEK4,testis,1,,1b_testis_CT
NEK5,"fallopian tube, testis",2,,2_restricted
NEK6,liver,1,,3_vital
NEK7,heart muscle,1,,3_vital
NEK8,kidney,1,,3_vital
NEK9,,0,,4_broad
NELFA,,0,,4_broad
NELFB,,0,,4_broad
NELFCD,,0,,4_broad
NELFE,testis,1,,1b_testis_CT
NELL1,"cerebral cortex, kidney",2,,3_vital
NELL2,"cerebral cortex, choroid plexus",2,,3_vital
NEMF,bone marrow,1,7.510099286568054e-08,1a_lymphoid
NEMP1,thymus,1,0.003702921358193266,1a_lymphoid
NEMP2,thymus,1,0.0005799506790070718,1a_lymphoid
NENF,spinal cord,1,,3_vital
NEO1,rectum,1,,2_restricted
NEPRO,skeletal muscle,1,,3_vital
NES,heart muscle,1,,3_vital
NET1,,0,,4_broad
NETO1,"cerebral cortex, retina",2,,3_vital
NETO2,"basal ganglia, spleen",2,0.0006686248712008021,3_vital
NEU1,adrenal gland,1,,3_vital
NEU2,skin,1,,2_restricted
NEU3,"bone marrow, skeletal muscle, tongue",3,0.02357117710676587,3_vital
NEU4,liver,1,,3_vital
NEURL1,skeletal muscle,1,,3_vital
NEURL1B,,0,,4_broad
NEURL2,"kidney, skeletal muscle",2,,3_vital
NEURL3,"pancreas, salivary gland",2,,3_vital
NEURL4,cerebellum,1,,3_vital
NEUROD1,"cerebellum, retina",2,,3_vital
NEUROD2,cerebellum,1,,3_vital
NEUROD4,retina,1,,3_vital
NEUROD6,"cerebral cortex, hippocampal formation",2,,3_vital
NEUROG1,"choroid plexus, retina",2,,3_vital
NEUROG2,"basal ganglia, cerebellum, hippocampal formation",3,,3_vital
NEUROG3,"duodenum, hippocampal formation",2,,3_vital
NEXMIF,cerebral cortex,1,,3_vital
NEXN,"skeletal muscle, tongue",2,,3_vital
NF1,retina,1,,3_vital
NF2,,0,,4_broad
NFAM1,"bone marrow, spleen",2,2.0845164915440547e-09,1a_lymphoid
NFASC,cerebral cortex,1,,3_vital
NFAT5,bone marrow,1,0.03748664539545822,1a_lymphoid
NFATC1,"choroid plexus, skeletal muscle",2,,3_vital
NFATC2,gallbladder,1,,2_restricted
NFATC2IP,,0,,4_broad
NFATC3,thymus,1,5.839813643362044e-16,1a_lymphoid
NFATC4,ovary,1,,2_restricted
NFE2,bone marrow,1,2.7742041539550555e-18,1a_lymphoid
NFE2L1,"skeletal muscle, tongue",2,,3_vital
NFE2L2,esophagus,1,,2_restricted
NFE2L3,placenta,1,,2_restricted
NFIA,liver,1,,3_vital
NFIB,salivary gland,1,,2_restricted
NFIC,skeletal muscle,1,,3_vital
NFIL3,bone marrow,1,0.0014513746170469754,1a_lymphoid
NFILZ,testis,1,,1b_testis_CT
NFIX,skeletal muscle,1,,3_vital
NFKB1,urinary bladder,1,,2_restricted
NFKB2,spleen,1,0.03304621973796823,1a_lymphoid
NFKBIA,bone marrow,1,1.9459061505795546e-13,1a_lymphoid
NFKBIB,testis,1,,1b_testis_CT
NFKBID,bone marrow,1,4.901097820157335e-12,1a_lymphoid
NFKBIE,"bone marrow, spleen",2,0.0009837766868175607,1a_lymphoid
NFKBIL1,,0,,4_broad
NFKBIZ,bone marrow,1,2.0176578542050525e-22,1a_lymphoid
NFRKB,,0,,4_broad
NFS1,kidney,1,,3_vital
NFU1,"skeletal muscle, tongue",2,,3_vital
NFX1,skeletal muscle,1,,3_vital
NFXL1,testis,1,,1b_testis_CT
NFYA,"bone marrow, testis, thymus",3,0.0016936139463089464,1a_lymphoid
NFYB,seminal vesicle,1,,2_restricted
NFYC,skeletal muscle,1,,3_vital
NGB,hypothalamus,1,,3_vital
NGDN,"bone marrow, skeletal muscle",2,0.010017780946217757,3_vital
NGEF,"basal ganglia, cerebral cortex",2,,3_vital
NGF,"heart muscle, ovary",2,,3_vital
NGFR,retina,1,,3_vital
NGLY1,"skeletal muscle, testis",2,,3_vital
NGRN,cerebral cortex,1,,3_vital
NHEJ1,,0,,4_broad
NHLH1,basal ganglia,1,,3_vital
NHLH2,"cerebellum, hypothalamus",2,,3_vital
NHLRC1,liver,1,,3_vital
NHLRC2,heart muscle,1,,3_vital
NHLRC3,liver,1,,3_vital
NHLRC4,"fallopian tube, kidney",2,,3_vital
NHP2,,0,,4_broad
NHS,blood vessel,1,,2_restricted
NHSL1,small intestine,1,,2_restricted
NHSL2,cerebellum,1,,3_vital
NIBAN1,heart muscle,1,,3_vital
NIBAN2,esophagus,1,,2_restricted
NIBAN3,"lymph node, spleen",2,1.6431473086283945e-07,1a_lymphoid
NICN1,cerebral cortex,1,,3_vital
NID1,placenta,1,,2_restricted
NID2,"ovary, placenta",2,,2_restricted
NIF3L1,,0,,4_broad
NIFK,,0,,4_broad
NIM1K,cerebral cortex,1,,3_vital
NIN,bone marrow,1,0.0003061243095967596,1a_lymphoid
NINJ1,bone marrow,1,1.0749542358084298e-07,1a_lymphoid
NINJ2,spinal cord,1,,3_vital
NINL,"kidney, ovary",2,,3_vital
NIP7,,0,,4_broad
NIPA1,"midbrain, spinal cord",2,,3_vital
NIPA2,,0,,4_broad
NIPAL1,"esophagus, skin",2,,2_restricted
NIPAL2,skin,1,,2_restricted
NIPAL3,,0,,4_broad
NIPAL4,skin,1,,2_restricted
NIPBL,thymus,1,0.011647279704970068,1a_lymphoid
NIPSNAP1,liver,1,,3_vital
NIPSNAP2,"skeletal muscle, tongue",2,,3_vital
NIPSNAP3A,liver,1,,3_vital
NIPSNAP3B,"skeletal muscle, tongue",2,,3_vital
NISCH,cerebellum,1,,3_vital
NIT1,"adrenal gland, liver",2,,3_vital
NIT2,"kidney, liver",2,,3_vital
NKAIN1,"adrenal gland, cerebellum",2,,3_vital
NKAIN2,spinal cord,1,,3_vital
NKAIN3,"amygdala, basal ganglia, cerebral cortex",3,,3_vital
NKAIN4,basal ganglia,1,,3_vital
NKAP,skeletal muscle,1,,3_vital
NKAPD1,retina,1,,3_vital
NKAPL,testis,1,,1b_testis_CT
NKD1,blood vessel,1,,2_restricted
NKD2,lung,1,,3_vital
NKG7,bone marrow,1,2.43562510705852e-22,1a_lymphoid
NKIRAS1,,0,,4_broad
NKIRAS2,"heart muscle, skeletal muscle",2,,3_vital
NKPD1,skin,1,,2_restricted
NKRF,cerebral cortex,1,,3_vital
NKTR,,0,,4_broad
NKX1-1,testis,1,,1b_testis_CT
NKX1-2,esophagus,1,,2_restricted
NKX2-1,thyroid gland,1,,2_restricted
NKX2-2,spinal cord,1,,3_vital
NKX2-3,"colon, spleen",2,0.0031350095362817965,1a_lymphoid
NKX2-4,"hypothalamus, testis",2,,3_vital
NKX2-5,heart muscle,1,,3_vital
NKX2-6,"heart muscle, salivary gland",2,,3_vital
NKX2-8,"spinal cord, testis",2,,3_vital
NKX3-1,prostate,1,,2_restricted
NKX3-2,colon,1,,2_restricted
NKX6-1,"esophagus, pancreas",2,,3_vital
NKX6-2,spinal cord,1,,3_vital
NKX6-3,stomach,1,,2_restricted
NLE1,pancreas,1,,3_vital
NLGN1,"cerebral cortex, retina",2,,3_vital
NLGN2,cerebellum,1,,3_vital
NLGN3,cerebral cortex,1,,3_vital
NLGN4X,"ovary, thymus",2,0.024293307333231397,1a_lymphoid
NLGN4Y,"prostate, seminal vesicle",2,,2_restricted
NLK,retina,1,,3_vital
NLN,"liver, skeletal muscle",2,,3_vital
NLRC3,"lymph node, spleen",2,0.004407515740346766,1a_lymphoid
NLRC4,"appendix, bone marrow, spleen",3,4.31869452563563e-05,1a_lymphoid
NLRC5,"bone marrow, spleen",2,0.004421131000010682,1a_lymphoid
NLRP1,"choroid plexus, spleen",2,0.014535439459723517,3_vital
NLRP10,skin,1,,2_restricted
NLRP11,"epididymis, liver",2,,3_vital
NLRP12,"bone marrow, spleen",2,1.4096051959729942e-08,1a_lymphoid
NLRP13,ovary,1,,2_restricted
NLRP14,"retina, testis",2,,3_vital
NLRP2,esophagus,1,,2_restricted
NLRP2B,"cerebellum, tongue",2,,3_vital
NLRP3,bone marrow,1,3.190493113376493e-27,1a_lymphoid
NLRP4,"testis, tonsil",2,0.0011595927239588092,1a_lymphoid
NLRP5,parathyroid gland,1,,2_restricted
NLRP6,"duodenum, small intestine",2,,2_restricted
NLRP7,testis,1,,1b_testis_CT
NLRP8,breast,1,,2_restricted
NLRP9,ovary,1,,2_restricted
NLRX1,esophagus,1,,2_restricted
NMB,adipose tissue,1,,2_restricted
NMBR,"basal ganglia, testis",2,,3_vital
NMD3,"bone marrow, liver",2,0.0255351427761644,3_vital
NME1,retina,1,,3_vital
NME1-NME2,retina,1,,3_vital
NME2,choroid plexus,1,,3_vital
NME3,,0,,4_broad
NME4,colon,1,,2_restricted
NME5,testis,1,,1b_testis_CT
NME6,,0,,4_broad
NME7,fallopian tube,1,,2_restricted
NME8,"bone marrow, testis",2,8.46662337229887e-09,1a_lymphoid
NME9,"choroid plexus, fallopian tube",2,,3_vital
NMI,bone marrow,1,0.0012474415689245923,1a_lymphoid
NMNAT1,"skeletal muscle, tongue",2,,3_vital
NMNAT2,cerebellum,1,,3_vital
NMNAT3,"retina, skeletal muscle",2,,3_vital
NMRAL1,,0,,4_broad
NMRK1,"liver, parathyroid gland",2,,3_vital
NMRK2,heart muscle,1,,3_vital
NMS,hypothalamus,1,,3_vital
NMT1,tongue,1,,2_restricted
NMT2,"adipose tissue, thymus",2,0.0015057455515448813,1a_lymphoid
NMU,esophagus,1,,2_restricted
NMUR1,retina,1,,3_vital
NMUR2,testis,1,,1b_testis_CT
NNAT,"basal ganglia, pituitary gland",2,,3_vital
NNMT,liver,1,,3_vital
NNT,"skeletal muscle, tongue",2,,3_vital
NOA1,"pancreas, skeletal muscle",2,,3_vital
NOB1,pancreas,1,,3_vital
NOBOX,"ovary, testis",2,,2_restricted
NOC2L,skeletal muscle,1,,3_vital
NOC3L,,0,,4_broad
NOC4L,testis,1,,1b_testis_CT
NOCT,bone marrow,1,3.5094702762712644e-17,1a_lymphoid
NOD1,,0,,4_broad
NOD2,skin,1,,2_restricted
NODAL,skeletal muscle,1,,3_vital
NOG,placenta,1,,2_restricted
NOL10,,0,,4_broad
NOL11,,0,,4_broad
NOL12,,0,,4_broad
NOL3,skeletal muscle,1,,3_vital
NOL4,testis,1,,1b_testis_CT
NOL4L,"retina, testis",2,,3_vital
NOL6,,0,,4_broad
NOL7,,0,,4_broad
NOL8,,0,,4_broad
NOL9,spleen,1,0.0035798469129373,1a_lymphoid
NOLC1,,0,,4_broad
NOM1,,0,,4_broad
NOMO1,pancreas,1,,3_vital
NOMO2,pancreas,1,,3_vital
NOMO3,cerebellum,1,,3_vital
NONO,"ovary, thymus",2,8.52162901506664e-05,1a_lymphoid
NOP10,,0,,4_broad
NOP14,skeletal muscle,1,,3_vital
NOP16,skeletal muscle,1,,3_vital
NOP2,skeletal muscle,1,,3_vital
NOP53,pancreas,1,,3_vital
NOP56,,0,,4_broad
NOP58,bone marrow,1,0.000523022523050245,1a_lymphoid
NOP9,skeletal muscle,1,,3_vital
NOPCHAP1,pancreas,1,,3_vital
NOS1,"skeletal muscle, tongue",2,,3_vital
NOS1AP,"cerebellum, cerebral cortex, hippocampal formation",3,,3_vital
NOS2,"appendix, small intestine",2,0.016800008085644476,1a_lymphoid
NOS3,spleen,1,2.7317843580632317e-14,1a_lymphoid
NOSIP,"skeletal muscle, testis",2,,3_vital
NOSTRIN,salivary gland,1,,2_restricted
NOTCH1,,0,,4_broad
NOTCH2,,0,,4_broad
NOTCH2NLA,testis,1,,1b_testis_CT
NOTCH2NLB,testis,1,,1b_testis_CT
NOTCH2NLC,"retina, skin",2,,3_vital
NOTCH2NLR,skin,1,,2_restricted
NOTCH3,blood vessel,1,,2_restricted
NOTCH4,"adipose tissue, breast",2,,2_restricted
NOTO,bone marrow,1,5.048882703357192e-09,1a_lymphoid
NOTUM,placenta,1,,2_restricted
NOVA1,cerebellum,1,,3_vital
NOVA2,"basal ganglia, cerebral cortex",2,,3_vital
NOX1,"colon, rectum",2,,2_restricted
NOX3,adrenal gland,1,,3_vital
NOX4,kidney,1,,3_vital
NOX5,spleen,1,9.081251668863157e-35,1a_lymphoid
NOXA1,,0,,4_broad
NOXO1,colon,1,,2_restricted
NOXRED1,"retina, testis",2,,3_vital
NPAP1,testis,1,,1b_testis_CT
NPAS1,"amygdala, cerebral cortex, hippocampal formation",3,,3_vital
NPAS2,esophagus,1,,2_restricted
NPAS3,cerebral cortex,1,,3_vital
NPAS4,"cerebellum, pituitary gland",2,,3_vital
NPAT,"lymph node, tonsil",2,0.004919790488250958,1a_lymphoid
NPB,"hypothalamus, spinal cord",2,,3_vital
NPBWR1,liver,1,,3_vital
NPBWR2,"adrenal gland, cerebral cortex",2,,3_vital
NPC1,"adrenal gland, parathyroid gland, spinal cord",3,,3_vital
NPC1L1,"duodenum, liver, small intestine",3,,3_vital
NPC2,epididymis,1,,2_restricted
NPDC1,cerebellum,1,,3_vital
NPEPL1,skeletal muscle,1,,3_vital
NPEPPS,skeletal muscle,1,,3_vital
NPFF,epididymis,1,,2_restricted
NPFFR1,cerebellum,1,,3_vital
NPFFR2,thymus,1,8.894699575199839e-16,1a_lymphoid
NPHP1,"choroid plexus, skeletal muscle",2,,3_vital
NPHP3,ovary,1,,2_restricted
NPHP3-ACAD11,"choroid plexus, ovary",2,,3_vital
NPHP4,"fallopian tube, pituitary gland",2,,3_vital
NPHS1,"kidney, pancreas",2,,3_vital
NPHS2,kidney,1,,3_vital
NPIPA1,cerebellum,1,,3_vital
NPIPA2,cerebellum,1,,3_vital
NPIPA3,cerebellum,1,,3_vital
NPIPA5,cerebellum,1,,3_vital
NPIPA7,pituitary gland,1,,3_vital
NPIPA8,cerebellum,1,,3_vital
NPIPA9,cerebellum,1,,3_vital
NPIPB11,skin,1,,2_restricted
NPIPB12,,0,,4_broad
NPIPB13,skin,1,,2_restricted
NPIPB15,testis,1,,1b_testis_CT
NPIPB2,skin,1,,2_restricted
NPIPB3,"bone marrow, skin",2,0.02965380363117804,1a_lymphoid
NPIPB4,,0,,4_broad
NPIPB5,cerebellum,1,,3_vital
NPIPB6,testis,1,,1b_testis_CT
NPIPB7,testis,1,,1b_testis_CT
NPIPB8,testis,1,,1b_testis_CT
NPIPB9,testis,1,,1b_testis_CT
NPL,"kidney, placenta",2,,3_vital
NPLOC4,skeletal muscle,1,,3_vital
NPM1,ovary,1,,2_restricted
NPM2,cerebral cortex,1,,3_vital
NPM3,,0,,4_broad
NPNT,"blood vessel, thyroid gland",2,,2_restricted
NPPA,heart muscle,1,,3_vital
NPPB,heart muscle,1,,3_vital
NPPC,spinal cord,1,,3_vital
NPR1,blood vessel,1,,2_restricted
NPR2,blood vessel,1,,2_restricted
NPR3,kidney,1,,3_vital
NPRL2,pancreas,1,,3_vital
NPRL3,,0,,4_broad
NPS,,0,,4_broad
NPSR1,"hypothalamus, stomach",2,,3_vital
NPTN,smooth muscle,1,,2_restricted
NPTX1,cerebellum,1,,3_vital
NPTX2,pituitary gland,1,,3_vital
NPTXR,"cerebral cortex, hippocampal formation",2,,3_vital
NPVF,retina,1,,3_vital
NPW,liver,1,,3_vital
NPY,"basal ganglia, prostate",2,,3_vital
NPY1R,spleen,1,4.5114092004779416e-12,1a_lymphoid
NPY2R,"breast, hypothalamus",2,,3_vital
NPY4R,"colon, rectum",2,,2_restricted
NPY4R2,colon,1,,2_restricted
NPY5R,"adipose tissue, spleen",2,0.0004267548409756759,1a_lymphoid
NQO1,stomach,1,,2_restricted
NQO2,kidney,1,,3_vital
NR0B1,"adrenal gland, testis",2,,3_vital
NR0B2,liver,1,,3_vital
NR1D1,skin,1,,2_restricted
NR1D2,,0,,4_broad
NR1H2,skeletal muscle,1,,3_vital
NR1H3,liver,1,,3_vital
NR1H4,liver,1,,3_vital
NR1I2,"liver, small intestine",2,,3_vital
NR1I3,liver,1,,3_vital
NR2C1,cerebellum,1,,3_vital
NR2C2,,0,,4_broad
NR2C2AP,,0,,4_broad
NR2E1,"basal ganglia, retina",2,,3_vital
NR2E3,retina,1,,3_vital
NR2F1,,0,,4_broad
NR2F2,ovary,1,,2_restricted
NR2F6,liver,1,,3_vital
NR3C1,,0,,4_broad
NR3C2,rectum,1,,2_restricted
NR4A1,ovary,1,,2_restricted
NR4A2,"adrenal gland, bone marrow, ovary",3,0.0029471051458093075,3_vital
NR4A3,"adrenal gland, heart muscle",2,,3_vital
NR5A1,"adrenal gland, spleen",2,0.00037216295443632397,3_vital
NR5A2,"liver, pancreas",2,,3_vital
NR6A1,testis,1,,1b_testis_CT
NRAP,skeletal muscle,1,,3_vital
NRARP,colon,1,,2_restricted
NRAS,bone marrow,1,8.532622275655343e-05,1a_lymphoid
NRBF2,liver,1,,3_vital
NRBP1,skeletal muscle,1,,3_vital
NRBP2,spinal cord,1,,3_vital
NRCAM,cerebral cortex,1,,3_vital
NRDC,"skeletal muscle, tongue",2,,3_vital
NRDE2,"bone marrow, cerebellum",2,0.023029029218155715,3_vital
NREP,cerebellum,1,,3_vital
NRF1,thymus,1,0.03274585646011144,1a_lymphoid
NRG1,liver,1,,3_vital
NRG2,cerebellum,1,,3_vital
NRG3,cerebral cortex,1,,3_vital
NRG4,cerebellum,1,,3_vital
NRGN,"basal ganglia, cerebral cortex",2,,3_vital
NRIP1,,0,,4_broad
NRIP2,cerebellum,1,,3_vital
NRIP3,"cerebellum, hippocampal formation",2,,3_vital
NRK,"ovary, placenta",2,,2_restricted
NRL,retina,1,,3_vital
NRM,,0,,4_broad
NRN1,"cerebellum, cerebral cortex",2,,3_vital
NRN1L,choroid plexus,1,,3_vital
NRP1,"adipose tissue, placenta",2,,2_restricted
NRP2,colon,1,,2_restricted
NRROS,bone marrow,1,4.714474189320912e-11,1a_lymphoid
NRSN1,"basal ganglia, cerebral cortex",2,,3_vital
NRSN2,cerebral cortex,1,,3_vital
NRTN,heart muscle,1,,3_vital
NRXN1,"cerebellum, cerebral cortex",2,,3_vital
NRXN2,cerebellum,1,,3_vital
NRXN3,cerebellum,1,,3_vital
NSA2,"ovary, skeletal muscle",2,,3_vital
NSD1,,0,,4_broad
NSD2,"bone marrow, thymus",2,0.00012262761590213744,1a_lymphoid
NSD3,bone marrow,1,5.836589666546359e-06,1a_lymphoid
NSDHL,"esophagus, liver",2,,3_vital
NSF,cerebral cortex,1,,3_vital
NSFL1C,"choroid plexus, skeletal muscle",2,,3_vital
NSG1,pituitary gland,1,,3_vital
NSG2,basal ganglia,1,,3_vital
NSL1,,0,,4_broad
NSMAF,thymus,1,2.631853494607196e-05,1a_lymphoid
NSMCE1,choroid plexus,1,,3_vital
NSMCE2,skeletal muscle,1,,3_vital
NSMCE3,,0,,4_broad
NSMCE4A,,0,,4_broad
NSMF,"cerebral cortex, hippocampal formation",2,,3_vital
NSRP1,spinal cord,1,,3_vital
NSUN2,,0,,4_broad
NSUN3,,0,,4_broad
NSUN4,testis,1,,1b_testis_CT
NSUN5,"bone marrow, skeletal muscle",2,0.024317332434329302,3_vital
NSUN6,liver,1,,3_vital
NSUN7,testis,1,,1b_testis_CT
NT5C,,0,,4_broad
NT5C1A,skeletal muscle,1,,3_vital
NT5C1B,testis,1,,1b_testis_CT
NT5C1B-RDH14,testis,1,,1b_testis_CT
NT5C2,esophagus,1,,2_restricted
NT5C3A,skeletal muscle,1,,3_vital
NT5C3B,,0,,4_broad
NT5DC1,choroid plexus,1,,3_vital
NT5DC2,heart muscle,1,,3_vital
NT5DC3,colon,1,,2_restricted
NT5DC4,testis,1,,1b_testis_CT
NT5E,"cervix, retina",2,,3_vital
NT5M,skeletal muscle,1,,3_vital
NTAN1,,0,,4_broad
NTAQ1,,0,,4_broad
NTF3,blood vessel,1,,2_restricted
NTF4,"prostate, skin",2,,2_restricted
NTHL1,,0,,4_broad
NTM,"cerebellum, retina",2,,3_vital
NTMT1,"skeletal muscle, testis",2,,3_vital
NTMT2,"heart muscle, skeletal muscle",2,,3_vital
NTN1,"blood vessel, heart muscle",2,,3_vital
NTN3,"basal ganglia, testis",2,,3_vital
NTN4,spleen,1,1.3071467882828517e-06,1a_lymphoid
NTN5,pituitary gland,1,,3_vital
NTNG1,"hypothalamus, retina",2,,3_vital
NTNG2,bone marrow,1,0.007330896319364591,1a_lymphoid
NTPCR,skeletal muscle,1,,3_vital
NTRK1,adrenal gland,1,,3_vital
NTRK2,cerebral cortex,1,,3_vital
NTRK3,blood vessel,1,,2_restricted
NTS,small intestine,1,,2_restricted
NTSR1,colon,1,,2_restricted
NTSR2,"basal ganglia, midbrain",2,,3_vital
NUAK1,cerebral cortex,1,,3_vital
NUAK2,"esophagus, vagina",2,,2_restricted
NUB1,,0,,4_broad
NUBP1,heart muscle,1,,3_vital
NUBP2,liver,1,,3_vital
NUBPL,"heart muscle, tongue",2,,3_vital
NUCB1,"blood vessel, liver",2,,3_vital
NUCB2,"pancreas, salivary gland",2,,3_vital
NUCKS1,,0,,4_broad
NUDC,choroid plexus,1,,3_vital
NUDCD1,placenta,1,,2_restricted
NUDCD2,spinal cord,1,,3_vital
NUDCD3,basal ganglia,1,,3_vital
NUDT1,"bone marrow, testis",2,0.0004521654791015125,1a_lymphoid
NUDT10,testis,1,,1b_testis_CT
NUDT11,"basal ganglia, testis",2,,3_vital
NUDT12,"kidney, liver",2,,3_vital
NUDT13,liver,1,,3_vital
NUDT14,,0,,4_broad
NUDT15,,0,,4_broad
NUDT16,spinal cord,1,,3_vital
NUDT16L1,,0,,4_broad
NUDT17,,0,,4_broad
NUDT18,pancreas,1,,3_vital
NUDT19,skeletal muscle,1,,3_vital
NUDT2,,0,,4_broad
NUDT21,testis,1,,1b_testis_CT
NUDT22,,0,,4_broad
NUDT3,skeletal muscle,1,,3_vital
NUDT4,bone marrow,1,0.030858304337829795,1a_lymphoid
NUDT4B,,0,,4_broad
NUDT5,liver,1,,3_vital
NUDT6,"kidney, liver",2,,3_vital
NUDT7,liver,1,,3_vital
NUDT8,heart muscle,1,,3_vital
NUDT9,choroid plexus,1,,3_vital
NUF2,testis,1,,1b_testis_CT
NUFIP1,bone marrow,1,6.619182632406407e-05,1a_lymphoid
NUFIP2,bone marrow,1,8.239976057718417e-17,1a_lymphoid
NUGGC,"liver, lymph node, tonsil",3,9.735024290056225e-05,3_vital
NUMA1,,0,,4_broad
NUMB,,0,,4_broad
NUMBL,pituitary gland,1,,3_vital
NUP107,,0,,4_broad
NUP133,,0,,4_broad
NUP153,bone marrow,1,2.746998356555611e-05,1a_lymphoid
NUP155,testis,1,,1b_testis_CT
NUP160,thymus,1,0.005684787095127391,1a_lymphoid
NUP188,testis,1,,1b_testis_CT
NUP205,thymus,1,0.024043498790392585,1a_lymphoid
NUP210,bone marrow,1,0.005526690512174813,1a_lymphoid
NUP210L,testis,1,,1b_testis_CT
NUP214,testis,1,,1b_testis_CT
NUP35,testis,1,,1b_testis_CT
NUP37,tonsil,1,0.04310621371931608,1a_lymphoid
NUP42,,0,,4_broad
NUP43,,0,,4_broad
NUP50,"bone marrow, thymus",2,0.0005000910411987338,1a_lymphoid
NUP54,,0,,4_broad
NUP58,testis,1,,1b_testis_CT
NUP62,testis,1,,1b_testis_CT
NUP62CL,"epididymis, fallopian tube",2,,2_restricted
NUP85,cerebellum,1,,3_vital
NUP88,testis,1,,1b_testis_CT
NUP93,bone marrow,1,0.0001476032655942398,1a_lymphoid
NUP98,testis,1,,1b_testis_CT
NUPR1,pancreas,1,,3_vital
NUPR2,testis,1,,1b_testis_CT
NUS1,cervix,1,,2_restricted
NUSAP1,"bone marrow, thymus",2,6.620161312629347e-07,1a_lymphoid
NUTF2,tongue,1,,2_restricted
NUTM1,testis,1,,1b_testis_CT
NUTM2A,,0,,4_broad
NUTM2B,testis,1,,1b_testis_CT
NUTM2D,,0,,4_broad
NUTM2E,skeletal muscle,1,,3_vital
NUTM2F,testis,1,,1b_testis_CT
NUTM2G,testis,1,,1b_testis_CT
NVL,skin,1,,2_restricted
NWD1,choroid plexus,1,,3_vital
NWD2,"adipose tissue, cerebral cortex",2,,3_vital
NXF1,bone marrow,1,0.0027702598078656235,1a_lymphoid
NXF2,"epididymis, testis",2,,2_restricted
NXF2B,epididymis,1,,2_restricted
NXF3,testis,1,,1b_testis_CT
NXN,skeletal muscle,1,,3_vital
NXNL1,retina,1,,3_vital
NXNL2,"cervix, fallopian tube",2,,2_restricted
NXPE1,"colon, rectum",2,,2_restricted
NXPE2,"epididymis, salivary gland",2,,2_restricted
NXPE3,"skeletal muscle, tongue",2,,3_vital
NXPE4,"colon, rectum",2,,2_restricted
NXPH1,"adrenal gland, cerebral cortex",2,,3_vital
NXPH2,"cerebral cortex, kidney, ovary",3,,3_vital
NXPH3,"blood vessel, cerebellum",2,,3_vital
NXPH4,"cerebellum, skin",2,,3_vital
NXT1,bone marrow,1,3.395629430087067e-05,1a_lymphoid
NXT2,testis,1,,1b_testis_CT
NYAP1,cerebral cortex,1,,3_vital
NYAP2,"cerebral cortex, retina",2,,3_vital
NYNRIN,"cerebellum, ovary",2,,3_vital
NYX,"choroid plexus, retina",2,,3_vital
OAF,liver,1,,3_vital
OARD1,"liver, testis",2,,3_vital
OAS1,"salivary gland, urinary bladder",2,,2_restricted
OAS2,salivary gland,1,,2_restricted
OAS3,salivary gland,1,,2_restricted
OASL,"bone marrow, stomach",2,8.780588016695617e-10,1a_lymphoid
OAT,"duodenum, small intestine",2,,2_restricted
OAZ1,skeletal muscle,1,,3_vital
OAZ2,skeletal muscle,1,,3_vital
OAZ3,testis,1,,1b_testis_CT
OBI1,testis,1,,1b_testis_CT
OBP2A,fallopian tube,1,,2_restricted
OBP2B,testis,1,,1b_testis_CT
OBSCN,skeletal muscle,1,,3_vital
OBSL1,ovary,1,,2_restricted
OC90,midbrain,1,,3_vital
OCA2,choroid plexus,1,,3_vital
OCEL1,liver,1,,3_vital
OCIAD1,liver,1,,3_vital
OCIAD2,"kidney, liver",2,,3_vital
OCLN,thyroid gland,1,,2_restricted
OCM,amygdala,1,,3_vital
OCM2,,0,,4_broad
OCRL,parathyroid gland,1,,2_restricted
OCSTAMP,testis,1,,1b_testis_CT
ODAD1,"choroid plexus, fallopian tube, testis",3,,3_vital
ODAD2,"fallopian tube, testis",2,,2_restricted
ODAD3,choroid plexus,1,,3_vital
ODAD4,"fallopian tube, testis",2,,2_restricted
ODAM,salivary gland,1,,2_restricted
ODAPH,placenta,1,,2_restricted
ODC1,,0,,4_broad
ODF1,testis,1,,1b_testis_CT
ODF2,testis,1,,1b_testis_CT
ODF2L,retina,1,,3_vital
ODF3,testis,1,,1b_testis_CT
ODF3B,choroid plexus,1,,3_vital
ODF3L1,testis,1,,1b_testis_CT
ODF3L2,testis,1,,1b_testis_CT
ODF4,testis,1,,1b_testis_CT
ODR4,"pancreas, parathyroid gland",2,,3_vital
OFD1,,0,,4_broad
OGA,,0,,4_broad
OGDH,"heart muscle, skeletal muscle, tongue",3,,3_vital
OGDHL,"choroid plexus, kidney",2,,3_vital
OGFOD1,skeletal muscle,1,,3_vital
OGFOD2,testis,1,,1b_testis_CT
OGFOD3,,0,,4_broad
OGFR,liver,1,,3_vital
OGFRL1,breast,1,,2_restricted
OGG1,kidney,1,,3_vital
OGN,blood vessel,1,,2_restricted
OGT,spleen,1,0.04032777369060667,1a_lymphoid
OIP5,testis,1,,1b_testis_CT
OIT3,liver,1,,3_vital
OLA1,"skeletal muscle, tongue",2,,3_vital
OLAH,testis,1,,1b_testis_CT
OLFM1,"amygdala, cerebral cortex, hippocampal formation",3,,3_vital
OLFM2,"amygdala, basal ganglia, cerebral cortex",3,,3_vital
OLFM3,"cerebellum, cerebral cortex",2,,3_vital
OLFM4,"duodenum, small intestine",2,,2_restricted
OLFML1,ovary,1,,2_restricted
OLFML2A,spleen,1,0.03927479440914577,1a_lymphoid
OLFML2B,"blood vessel, gallbladder",2,,2_restricted
OLFML3,ovary,1,,2_restricted
OLIG1,"amygdala, hippocampal formation",2,,3_vital
OLIG2,"amygdala, hippocampal formation",2,,3_vital
OLIG3,,0,,4_broad
OLR1,"lung, placenta",2,,3_vital
OMA1,,0,,4_broad
OMD,blood vessel,1,,2_restricted
OMG,,0,,4_broad
OMP,"duodenum, small intestine",2,,2_restricted
ONECUT1,"liver, pancreas",2,,3_vital
ONECUT2,"duodenum, gallbladder, liver",3,,3_vital
ONECUT3,stomach,1,,2_restricted
OOEP,testis,1,,1b_testis_CT
OOSP1,"cerebral cortex, testis",2,,3_vital
OOSP2,testis,1,,1b_testis_CT
OOSP3,testis,1,,1b_testis_CT
OOSP4A,"cerebral cortex, kidney, ovary",3,,3_vital
OOSP4B,testis,1,,1b_testis_CT
OPA1,"heart muscle, tongue",2,,3_vital
OPA3,"parathyroid gland, tongue",2,,2_restricted
OPALIN,"amygdala, basal ganglia, hippocampal formation",3,,3_vital
OPCML,"cerebellum, cerebral cortex",2,,3_vital
OPHN1,cerebral cortex,1,,3_vital
OPLAH,testis,1,,1b_testis_CT
OPN1LW,retina,1,,3_vital
OPN1MW,retina,1,,3_vital
OPN1MW2,,0,,4_broad
OPN1MW3,retina,1,,3_vital
OPN1SW,retina,1,,3_vital
OPN3,placenta,1,,2_restricted
OPN4,"adipose tissue, skeletal muscle",2,,3_vital
OPN5,testis,1,,1b_testis_CT
OPRD1,cerebral cortex,1,,3_vital
OPRK1,"basal ganglia, hypothalamus",2,,3_vital
OPRL1,cerebral cortex,1,,3_vital
OPRM1,"cerebellum, testis",2,,3_vital
OPRPN,salivary gland,1,,2_restricted
OPTC,"retina, testis",2,,3_vital
OPTN,skeletal muscle,1,,3_vital
OR10A2,,0,,4_broad
OR10A3,skin,1,,2_restricted
OR10A4,,0,,4_broad
OR10A5,,0,,4_broad
OR10A6,skin,1,,2_restricted
OR10A7,,0,,4_broad
OR10AD1,retina,1,,3_vital
OR10AG1,,0,,4_broad
OR10C1,,0,,4_broad
OR10D3,testis,1,,1b_testis_CT
OR10G2,"lymph node, spleen",2,7.194361018193167e-07,1a_lymphoid
OR10G3,pituitary gland,1,,3_vital
OR10G4,retina,1,,3_vital
OR10G6,pancreas,1,,3_vital
OR10G7,,0,,4_broad
OR10G8,,0,,4_broad
OR10G9,,0,,4_broad
OR10H1,retina,1,,3_vital
OR10H2,,0,,4_broad
OR10H3,,0,,4_broad
OR10H4,,0,,4_broad
OR10H5,"bone marrow, skeletal muscle",2,0.0035189351601720054,3_vital
OR10J1,testis,1,,1b_testis_CT
OR10J5,liver,1,,3_vital
OR10K1,"esophagus, retina",2,,3_vital
OR10K2,,0,,4_broad
OR10P1,heart muscle,1,,3_vital
OR10Q1,"pancreas, placenta",2,,3_vital
OR10R2,,0,,4_broad
OR10S1,,0,,4_broad
OR10T2,thymus,1,4.5728863583239725e-243,1a_lymphoid
OR10V1,,0,,4_broad
OR10W1,,0,,4_broad
OR10X1,bone marrow,1,8.362876661298447e-202,1a_lymphoid
OR10Z1,bone marrow,1,6.303146747913242e-61,1a_lymphoid
OR11A1,,0,,4_broad
OR11G2,"bone marrow, choroid plexus",2,0.03607637196019961,3_vital
OR11H1,,0,,4_broad
OR11H12,,0,,4_broad
OR11H2,,0,,4_broad
OR11H4,,0,,4_broad
OR11H6,testis,1,,1b_testis_CT
OR11L1,thyroid gland,1,,2_restricted
OR12D2,"basal ganglia, hippocampal formation, hypothalamus",3,,3_vital
OR12D3,,0,,4_broad
OR13A1,urinary bladder,1,,2_restricted
OR13C2,pituitary gland,1,,3_vital
OR13C3,testis,1,,1b_testis_CT
OR13C4,,0,,4_broad
OR13C5,pituitary gland,1,,3_vital
OR13C8,,0,,4_broad
OR13C9,,0,,4_broad
OR13D1,testis,1,,1b_testis_CT
OR13F1,,0,,4_broad
OR13G1,testis,1,,1b_testis_CT
OR13H1,,0,,4_broad
OR13J1,retina,1,,3_vital
OR14A16,"retina, testis",2,,3_vital
OR14A2,testis,1,,1b_testis_CT
OR14C36,prostate,1,,2_restricted
OR14I1,cerebral cortex,1,,3_vital
OR14J1,retina,1,,3_vital
OR14K1,testis,1,,1b_testis_CT
OR14L1P,bone marrow,1,1.2315217654150555e-05,1a_lymphoid
OR1A1,"bone marrow, retina",2,0.005007223365868885,3_vital
OR1A2,,0,,4_broad
OR1B1,retina,1,,3_vital
OR1C1,testis,1,,1b_testis_CT
OR1D2,retina,1,,3_vital
OR1D5,,0,,4_broad
OR1E1,"skeletal muscle, testis",2,,3_vital
OR1E2,,0,,4_broad
OR1F1,cerebellum,1,,3_vital
OR1G1,testis,1,,1b_testis_CT
OR1I1,"bone marrow, skin",2,0.00012524591835822167,1a_lymphoid
OR1J1,"bone marrow, choroid plexus, retina, testis",4,0.00921219486219206,3_vital
OR1J2,epididymis,1,,2_restricted
OR1J4,epididymis,1,,2_restricted
OR1K1,testis,1,,1b_testis_CT
OR1L1,retina,1,,3_vital
OR1L3,retina,1,,3_vital
OR1L4,,0,,4_broad
OR1L6,,0,,4_broad
OR1L8,spleen,1,6.924671645787355e-08,1a_lymphoid
OR1M1,"bone marrow, skin",2,3.495148373093574e-05,1a_lymphoid
OR1N1,"retina, testis",2,,3_vital
OR1N2,,0,,4_broad
OR1Q1,"epididymis, retina",2,,3_vital
OR1R1P,testis,1,,1b_testis_CT
OR1S1,,0,,4_broad
OR1S2,,0,,4_broad
OR2A1,thyroid gland,1,,2_restricted
OR2A12,,0,,4_broad
OR2A14,,0,,4_broad
OR2A2,,0,,4_broad
OR2A25,appendix,1,8.362876661298447e-202,1a_lymphoid
OR2A4,prostate,1,,2_restricted
OR2A42,thyroid gland,1,,2_restricted
OR2A5,retina,1,,3_vital
OR2A7,skin,1,,2_restricted
OR2AE1,"breast, duodenum, skeletal muscle",3,,3_vital
OR2AG1,"bone marrow, retina",2,7.194361018193167e-07,3_vital
OR2AG2,bone marrow,1,3.902316519785546e-11,1a_lymphoid
OR2AJ1,spleen,1,8.362876661298447e-202,1a_lymphoid
OR2AK2,"bone marrow, testis",2,1.9574989875587274e-16,1a_lymphoid
OR2AP1,retina,1,,3_vital
OR2AT4,"bone marrow, retina",2,0.00203903415183575,3_vital
OR2B11,bone marrow,1,2.545495226931981e-13,1a_lymphoid
OR2B2,,0,,4_broad
OR2B3,,0,,4_broad
OR2B6,"prostate, testis",2,,2_restricted
OR2C1,fallopian tube,1,,2_restricted
OR2C3,testis,1,,1b_testis_CT
OR2D2,,0,,4_broad
OR2D3,,0,,4_broad
OR2F1,testis,1,,1b_testis_CT
OR2F2,testis,1,,1b_testis_CT
OR2G2,,0,,4_broad
OR2G3,,0,,4_broad
OR2G6,retina,1,,3_vital
OR2H1,testis,1,,1b_testis_CT
OR2H2,epididymis,1,,2_restricted
OR2I1P,retina,1,,3_vital
OR2J1,,0,,4_broad
OR2J2,"bone marrow, testis",2,0.04823689522221011,1a_lymphoid
OR2J3,"bone marrow, testis",2,0.03607637196019961,1a_lymphoid
OR2K2,"midbrain, spinal cord",2,,3_vital
OR2L13,spinal cord,1,,3_vital
OR2L2,"retina, spinal cord",2,,3_vital
OR2L3,"bone marrow, prostate",2,0.00015645344909194384,1a_lymphoid
OR2L5,"bone marrow, retina",2,0.00019632437579437056,3_vital
OR2L8,,0,,4_broad
OR2M2,,0,,4_broad
OR2M3,retina,1,,3_vital
OR2M4,retina,1,,3_vital
OR2M5,,0,,4_broad
OR2M7,,0,,4_broad
OR2S2,,0,,4_broad
OR2T1,,0,,4_broad
OR2T10,kidney,1,,3_vital
OR2T11,,0,,4_broad
OR2T12,retina,1,,3_vital
OR2T2,kidney,1,,3_vital
OR2T27,,0,,4_broad
OR2T29,"kidney, prostate",2,,3_vital
OR2T3,salivary gland,1,,2_restricted
OR2T33,"bone marrow, testis, thyroid gland",3,0.026170306550752077,1a_lymphoid
OR2T34,,0,,4_broad
OR2T35,,0,,4_broad
OR2T4,,0,,4_broad
OR2T5,,0,,4_broad
OR2T6,retina,1,,3_vital
OR2T8,"bone marrow, thyroid gland",2,0.04922880732053193,1a_lymphoid
OR2V1,"liver, retina",2,,3_vital
OR2V2,"bone marrow, fallopian tube",2,4.5209775363724097e-07,1a_lymphoid
OR2W1,testis,1,,1b_testis_CT
OR2W3,bone marrow,1,6.3285913028013014e-15,1a_lymphoid
OR2Y1,,0,,4_broad
OR2Z1,,0,,4_broad
OR3A1,testis,1,,1b_testis_CT
OR3A2,testis,1,,1b_testis_CT
OR3A3,"bone marrow, testis",2,8.181153396187044e-06,1a_lymphoid
OR4A15,,0,,4_broad
OR4A16,,0,,4_broad
OR4A47,,0,,4_broad
OR4A5,,0,,4_broad
OR4B1,,0,,4_broad
OR4C11,,0,,4_broad
OR4C12,,0,,4_broad
OR4C13,,0,,4_broad
OR4C15,,0,,4_broad
OR4C16,,0,,4_broad
OR4C3,,0,,4_broad
OR4C46,,0,,4_broad
OR4C5,,0,,4_broad
OR4C6,"lymph node, tonsil",2,7.194361018193167e-07,1a_lymphoid
OR4D1,"bone marrow, lymph node",2,4.461225343753456e-05,1a_lymphoid
OR4D10,,0,,4_broad
OR4D11,,0,,4_broad
OR4D2,,0,,4_broad
OR4D5,pancreas,1,,3_vital
OR4D6,testis,1,,1b_testis_CT
OR4D9,bone marrow,1,8.945175252479813e-10,1a_lymphoid
OR4E1,"appendix, bone marrow, lymph node, spleen",4,0.00921219486219206,1a_lymphoid
OR4E2,,0,,4_broad
OR4F15,"appendix, retina, skin",3,0.0006146719758324831,3_vital
OR4F16,"choroid plexus, testis",2,,3_vital
OR4F17,,0,,4_broad
OR4F21,,0,,4_broad
OR4F29,"choroid plexus, testis",2,,3_vital
OR4F3,testis,1,,1b_testis_CT
OR4F4,,0,,4_broad
OR4F5,,0,,4_broad
OR4F6,,0,,4_broad
OR4K1,testis,1,,1b_testis_CT
OR4K13,"bone marrow, skin",2,7.194361018193167e-07,1a_lymphoid
OR4K14,,0,,4_broad
OR4K15,,0,,4_broad
OR4K17,liver,1,,3_vital
OR4K2,,0,,4_broad
OR4K5,,0,,4_broad
OR4L1,,0,,4_broad
OR4M1,testis,1,,1b_testis_CT
OR4M2,testis,1,,1b_testis_CT
OR4M2-OT1,testis,1,,1b_testis_CT
OR4M2B,testis,1,,1b_testis_CT
OR4N2,testis,1,,1b_testis_CT
OR4N4,testis,1,,1b_testis_CT
OR4N4C,testis,1,,1b_testis_CT
OR4N5,,0,,4_broad
OR4P4,bone marrow,1,2.778027342473464e-14,1a_lymphoid
OR4Q3,testis,1,,1b_testis_CT
OR4S1,,0,,4_broad
OR4S2,,0,,4_broad
OR4X1,,0,,4_broad
OR4X2,,0,,4_broad
OR51A2,,0,,4_broad
OR51A4,,0,,4_broad
OR51A7,testis,1,,1b_testis_CT
OR51B2,,0,,4_broad
OR51B4,"ovary, testis",2,,2_restricted
OR51B5,epididymis,1,,2_restricted
OR51B6,,0,,4_broad
OR51C1P,prostate,1,,2_restricted
OR51D1,"adipose tissue, choroid plexus",2,,3_vital
OR51E1,"placenta, prostate",2,,2_restricted
OR51E2,prostate,1,,2_restricted
OR51F1,,0,,4_broad
OR51F2,,0,,4_broad
OR51G1,,0,,4_broad
OR51G2,,0,,4_broad
OR51I1,"epididymis, testis",2,,2_restricted
OR51I2,,0,,4_broad
OR51L1,,0,,4_broad
OR51M1,,0,,4_broad
OR51Q1,epididymis,1,,2_restricted
OR51S1,,0,,4_broad
OR51T1,,0,,4_broad
OR51V1,bone marrow,1,8.362876661298447e-202,1a_lymphoid
OR52A1,skeletal muscle,1,,3_vital
OR52A5,bone marrow,1,8.362876661298447e-202,1a_lymphoid
OR52B2,,0,,4_broad
OR52B4,,0,,4_broad
OR52B6,"ovary, pancreas",2,,3_vital
OR52D1,testis,1,,1b_testis_CT
OR52E2,testis,1,,1b_testis_CT
OR52E4,retina,1,,3_vital
OR52E5,,0,,4_broad
OR52E6,,0,,4_broad
OR52E8,,0,,4_broad
OR52H1,,0,,4_broad
OR52I1,cerebellum,1,,3_vital
OR52I2,epididymis,1,,2_restricted
OR52J3,,0,,4_broad
OR52K1,bone marrow,1,0.0003816629232701929,1a_lymphoid
OR52K2,bone marrow,1,1.7113483574675845e-216,1a_lymphoid
OR52L1,testis,1,,1b_testis_CT
OR52M1,,0,,4_broad
OR52N1,retina,1,,3_vital
OR52N2,testis,1,,1b_testis_CT
OR52N4,spleen,1,9.652819258914093e-06,1a_lymphoid
OR52N5,adipose tissue,1,,2_restricted
OR52R1,,0,,4_broad
OR52W1,bone marrow,1,8.362876661298447e-202,1a_lymphoid
OR56A1,testis,1,,1b_testis_CT
OR56A3,,0,,4_broad
OR56A4,retina,1,,3_vital
OR56A5,,0,,4_broad
OR56B1,spleen,1,0.00014773168989626754,1a_lymphoid
OR56B2P,,0,,4_broad
OR56B4,"pancreas, retina",2,,3_vital
OR5A1,"bone marrow, retina",2,0.002004886290429069,3_vital
OR5A2,retina,1,,3_vital
OR5AC2,testis,1,,1b_testis_CT
OR5AK2,spleen,1,7.069024361853552e-76,1a_lymphoid
OR5AN1,bone marrow,1,3.902316519785546e-11,1a_lymphoid
OR5AP2,,0,,4_broad
OR5AR1,,0,,4_broad
OR5AS1,retina,1,,3_vital
OR5AU1,bone marrow,1,1.0944903820246125e-07,1a_lymphoid
OR5B12,,0,,4_broad
OR5B17,,0,,4_broad
OR5B2,"bone marrow, retina",2,8.526545261553205e-06,3_vital
OR5B21,testis,1,,1b_testis_CT
OR5B3,,0,,4_broad
OR5BS1P,,0,,4_broad
OR5C1,,0,,4_broad
OR5D13,,0,,4_broad
OR5D14,,0,,4_broad
OR5D16,,0,,4_broad
OR5D18,,0,,4_broad
OR5D3P,,0,,4_broad
OR5F1,,0,,4_broad
OR5H1,retina,1,,3_vital
OR5H14,"bone marrow, placenta",2,0.014307446174631042,1a_lymphoid
OR5H15,,0,,4_broad
OR5H2,,0,,4_broad
OR5H6,testis,1,,1b_testis_CT
OR5I1,,0,,4_broad
OR5J2,,0,,4_broad
OR5K1,,0,,4_broad
OR5K2,skeletal muscle,1,,3_vital
OR5K3,,0,,4_broad
OR5K4,,0,,4_broad
OR5L1,,0,,4_broad
OR5L2,,0,,4_broad
OR5M1,,0,,4_broad
OR5M11,"testis, urinary bladder",2,,2_restricted
OR5M3,,0,,4_broad
OR5M8,,0,,4_broad
OR5M9,,0,,4_broad
OR5P2,skin,1,,2_restricted
OR5P3,"retina, skin",2,,3_vital
OR5T1,,0,,4_broad
OR5T2,retina,1,,3_vital
OR5T3,,0,,4_broad
OR5V1,testis,1,,1b_testis_CT
OR5W2,,0,,4_broad
OR6A2,,0,,4_broad
OR6B1,"pancreas, testis",2,,3_vital
OR6B3,retina,1,,3_vital
OR6C1,,0,,4_broad
OR6C2,epididymis,1,,2_restricted
OR6C3,,0,,4_broad
OR6C4,"retina, skin",2,,3_vital
OR6C6,retina,1,,3_vital
OR6C65,,0,,4_broad
OR6C68,heart muscle,1,,3_vital
OR6C70,heart muscle,1,,3_vital
OR6C75,,0,,4_broad
OR6C76,,0,,4_broad
OR6F1,testis,1,,1b_testis_CT
OR6J1,retina,1,,3_vital
OR6K2,,0,,4_broad
OR6K3,bone marrow,1,9.84086304779154e-34,1a_lymphoid
OR6K6,,0,,4_broad
OR6M1,pancreas,1,,3_vital
OR6N1,bone marrow,1,6.650324396085652e-246,1a_lymphoid
OR6N2,bone marrow,1,1.2414993632494792e-250,1a_lymphoid
OR6P1,,0,,4_broad
OR6Q1,,0,,4_broad
OR6S1,,0,,4_broad
OR6T1,pancreas,1,,3_vital
OR6V1,,0,,4_broad
OR6X1,epididymis,1,,2_restricted
OR6Y1,"bone marrow, retina",2,0.015213819991542832,3_vital
OR7A10,,0,,4_broad
OR7A17,bone marrow,1,0.001445713349598114,1a_lymphoid
OR7A5,"epididymis, parathyroid gland",2,,2_restricted
OR7C1,parathyroid gland,1,,2_restricted
OR7C2,,0,,4_broad
OR7D2,testis,1,,1b_testis_CT
OR7D4,"bone marrow, retina",2,3.595302356383063e-06,3_vital
OR7E24,testis,1,,1b_testis_CT
OR7G1,,0,,4_broad
OR7G2,"bone marrow, skin",2,0.0013162822383483747,1a_lymphoid
OR7G3,,0,,4_broad
OR8A1,"bone marrow, liver",2,0.0018883096864846063,3_vital
OR8B12,testis,1,,1b_testis_CT
OR8B2,testis,1,,1b_testis_CT
OR8B3,testis,1,,1b_testis_CT
OR8B4,,0,,4_broad
OR8B8,"bone marrow, skin",2,7.194361018193167e-07,1a_lymphoid
OR8D1,testis,1,,1b_testis_CT
OR8D2,,0,,4_broad
OR8D4,pancreas,1,,3_vital
OR8G1,testis,1,,1b_testis_CT
OR8G5,testis,1,,1b_testis_CT
OR8H1,retina,1,,3_vital
OR8H2,bone marrow,1,8.362876661298447e-202,1a_lymphoid
OR8H3,,0,,4_broad
OR8I2,,0,,4_broad
OR8J1,,0,,4_broad
OR8J3,,0,,4_broad
OR8K1,,0,,4_broad
OR8K3,,0,,4_broad
OR8K5,,0,,4_broad
OR8S1,"duodenum, ovary",2,,2_restricted
OR8U1,,0,,4_broad
OR8U3,,0,,4_broad
OR9A2,spinal cord,1,,3_vital
OR9A4,"bone marrow, testis",2,1.9574989875587274e-16,1a_lymphoid
OR9G1,,0,,4_broad
OR9G4,,0,,4_broad
OR9I1,,0,,4_broad
OR9K2,,0,,4_broad
OR9Q1,skeletal muscle,1,,3_vital
OR9Q2,,0,,4_broad
ORAI1,"choroid plexus, skeletal muscle",2,,3_vital
ORAI2,,0,,4_broad
ORAI3,liver,1,,3_vital
ORC1,bone marrow,1,1.1280731315981233e-14,1a_lymphoid
ORC2,testis,1,,1b_testis_CT
ORC3,retina,1,,3_vital
ORC4,,0,,4_broad
ORC5,testis,1,,1b_testis_CT
ORC6,"bone marrow, testis",2,0.003574831281066963,1a_lymphoid
ORM1,liver,1,,3_vital
ORM2,liver,1,,3_vital
ORMDL1,epididymis,1,,2_restricted
ORMDL2,esophagus,1,,2_restricted
ORMDL3,liver,1,,3_vital
OS9,pancreas,1,,3_vital
OSBP,"liver, skeletal muscle",2,,3_vital
OSBP2,retina,1,,3_vital
OSBPL10,urinary bladder,1,,2_restricted
OSBPL11,"skeletal muscle, tongue",2,,3_vital
OSBPL1A,skeletal muscle,1,,3_vital
OSBPL2,cerebellum,1,,3_vital
OSBPL3,,0,,4_broad
OSBPL5,,0,,4_broad
OSBPL6,"skeletal muscle, tongue",2,,3_vital
OSBPL7,stomach,1,,2_restricted
OSBPL8,,0,,4_broad
OSBPL9,skeletal muscle,1,,3_vital
OSCAR,"lung, spleen",2,3.266884587004606e-06,3_vital
OSCP1,"choroid plexus, testis",2,,3_vital
OSER1,"bone marrow, skeletal muscle, testis",3,7.831687635316136e-05,3_vital
OSGEP,,0,,4_broad
OSGEPL1,skeletal muscle,1,,3_vital
OSGIN1,liver,1,,3_vital
OSGIN2,bone marrow,1,6.059106182053519e-07,1a_lymphoid
OSM,bone marrow,1,3.3422593542542745e-36,1a_lymphoid
OSMR,adipose tissue,1,,2_restricted
OSR1,"blood vessel, urinary bladder",2,,2_restricted
OSR2,"cervix, endometrium, fallopian tube",3,,2_restricted
OST4,,0,,4_broad
OSTC,liver,1,,3_vital
OSTF1,esophagus,1,,2_restricted
OSTM1,blood vessel,1,,2_restricted
OSTN,"cerebral cortex, cervix",2,,3_vital
OTC,liver,1,,3_vital
OTOA,"spleen, testis",2,0.04954920099738303,1a_lymphoid
OTOF,basal ganglia,1,,3_vital
OTOG,"pituitary gland, testis",2,,3_vital
OTOGL,"heart muscle, kidney",2,,3_vital
OTOL1,cerebral cortex,1,,3_vital
OTOP1,"esophagus, skin",2,,2_restricted
OTOP2,"colon, rectum",2,,2_restricted
OTOP3,duodenum,1,,2_restricted
OTOR,stomach,1,,2_restricted
OTOS,pituitary gland,1,,3_vital
OTP,hypothalamus,1,,3_vital
OTUB1,cerebral cortex,1,,3_vital
OTUB2,"skin, testis",2,,2_restricted
OTUD1,bone marrow,1,5.2289651528529373e-08,1a_lymphoid
OTUD3,"cerebellum, testis",2,,3_vital
OTUD4,"skeletal muscle, tongue",2,,3_vital
OTUD5,,0,,4_broad
OTUD6A,testis,1,,1b_testis_CT
OTUD6B,skeletal muscle,1,,3_vital
OTUD7A,cerebellum,1,,3_vital
OTUD7B,spinal cord,1,,3_vital
OTULIN,bone marrow,1,3.949848695598762e-10,1a_lymphoid
OTULINL,bone marrow,1,3.20333894435905e-08,1a_lymphoid
OTX1,salivary gland,1,,2_restricted
OTX2,"choroid plexus, retina",2,,3_vital
OVCA2,,0,,4_broad
OVCH1,"lung, testis",2,,3_vital
OVCH2,epididymis,1,,2_restricted
OVGP1,fallopian tube,1,,2_restricted
OVOL1,"esophagus, skin",2,,2_restricted
OVOL2,stomach,1,,2_restricted
OVOL3,testis,1,,1b_testis_CT
OXA1L,"skeletal muscle, tongue",2,,3_vital
OXCT1,heart muscle,1,,3_vital
OXCT2,testis,1,,1b_testis_CT
OXER1,liver,1,,3_vital
OXGR1,"breast, kidney",2,,3_vital
OXLD1,testis,1,,1b_testis_CT
OXNAD1,,0,,4_broad
OXR1,retina,1,,3_vital
OXSM,liver,1,,3_vital
OXSR1,,0,,4_broad
OXT,hypothalamus,1,,3_vital
OXTR,breast,1,,2_restricted
P2RX1,blood vessel,1,,2_restricted
P2RX2,"epididymis, prostate",2,,2_restricted
P2RX3,"heart muscle, testis",2,,3_vital
P2RX4,,0,,4_broad
P2RX5,"lymph node, spleen, tonsil",3,1.3555010208213365e-05,1a_lymphoid
P2RX6,skeletal muscle,1,,3_vital
P2RX7,spinal cord,1,,3_vital
P2RY1,"esophagus, placenta",2,,2_restricted
P2RY10,"lymph node, tonsil",2,0.00031054971418905075,1a_lymphoid
P2RY11,,0,,4_broad
P2RY12,cerebral cortex,1,,3_vital
P2RY13,"bone marrow, spleen",2,2.4453692674325686e-06,1a_lymphoid
P2RY14,placenta,1,,2_restricted
P2RY2,skeletal muscle,1,,3_vital
P2RY4,small intestine,1,,2_restricted
P2RY6,spleen,1,6.735884493997612e-18,1a_lymphoid
P2RY8,"bone marrow, lymph node, tonsil",3,0.0005016195527380167,1a_lymphoid
P3H1,placenta,1,,2_restricted
P3H2,spleen,1,0.01773582277632183,1a_lymphoid
P3H3,endometrium,1,,2_restricted
P3H4,,0,,4_broad
P3R3URF,testis,1,,1b_testis_CT
P3R3URF-PIK3R3,testis,1,,1b_testis_CT
P4HA1,skeletal muscle,1,,3_vital
P4HA2,,0,,4_broad
P4HA3,"blood vessel, smooth muscle",2,,2_restricted
P4HB,pancreas,1,,3_vital
P4HTM,choroid plexus,1,,3_vital
PA2G4,skeletal muscle,1,,3_vital
PAAF1,"midbrain, spinal cord",2,,3_vital
PABIR1,,0,,4_broad
PABIR2,,0,,4_broad
PABIR3,ovary,1,,2_restricted
PABPC1,salivary gland,1,,2_restricted
PABPC1L,thyroid gland,1,,2_restricted
PABPC1L2A,"cerebellum, cerebral cortex, hypothalamus",3,,3_vital
PABPC1L2B,"cerebral cortex, hypothalamus",2,,3_vital
PABPC3,testis,1,,1b_testis_CT
PABPC4,"pancreas, skeletal muscle",2,,3_vital
PABPC4L,placenta,1,,2_restricted
PABPC5,"adrenal gland, ovary",2,,3_vital
PABPN1,cerebellum,1,,3_vital
PABPN1L,"adrenal gland, cerebellum",2,,3_vital
PACC1,spinal cord,1,,3_vital
PACRG,"fallopian tube, testis",2,,2_restricted
PACRGL,testis,1,,1b_testis_CT
PACS1,salivary gland,1,,2_restricted
PACS2,spinal cord,1,,3_vital
PACSIN1,cerebral cortex,1,,3_vital
PACSIN2,"blood vessel, pancreas",2,,3_vital
PACSIN3,"skeletal muscle, tongue",2,,3_vital
PADI1,esophagus,1,,2_restricted
PADI2,"skeletal muscle, tongue",2,,3_vital
PADI3,"esophagus, urinary bladder",2,,2_restricted
PADI4,bone marrow,1,6.79048273957832e-26,1a_lymphoid
PADI6,ovary,1,,2_restricted
PAEP,endometrium,1,,2_restricted
PAF1,,0,,4_broad
PAFAH1B1,cerebral cortex,1,,3_vital
PAFAH1B2,spinal cord,1,,3_vital
PAFAH1B3,cerebellum,1,,3_vital
PAFAH2,thymus,1,3.0872101538176533e-06,1a_lymphoid
PAG1,,0,,4_broad
PAGE1,testis,1,,1b_testis_CT
PAGE2,testis,1,,1b_testis_CT
PAGE2B,testis,1,,1b_testis_CT
PAGE3,testis,1,,1b_testis_CT
PAGE4,"epididymis, placenta",2,,2_restricted
PAGE5,testis,1,,1b_testis_CT
PAGR1,cerebellum,1,,3_vital
PAH,liver,1,,3_vital
PAICS,liver,1,,3_vital
PAIP1,skeletal muscle,1,,3_vital
PAIP2,,0,,4_broad
PAIP2B,"midbrain, spinal cord",2,,3_vital
PAK1,cerebral cortex,1,,3_vital
PAK1IP1,prostate,1,,2_restricted
PAK2,,0,,4_broad
PAK3,"cerebral cortex, pancreas",2,,3_vital
PAK4,,0,,4_broad
PAK5,cerebellum,1,,3_vital
PAK6,cerebral cortex,1,,3_vital
PALB2,,0,,4_broad
PALD1,lung,1,,3_vital
PALLD,smooth muscle,1,,2_restricted
PALM,"amygdala, cerebral cortex",2,,3_vital
PALM2AKAP2,"adipose tissue, placenta",2,,2_restricted
PALM3,"kidney, liver",2,,3_vital
PALMD,"adipose tissue, skeletal muscle",2,,3_vital
PALS1,kidney,1,,3_vital
PALS2,"gallbladder, testis",2,,2_restricted
PAM,heart muscle,1,,3_vital
PAM16,skeletal muscle,1,,3_vital
PAMR1,"cervix, endometrium",2,,2_restricted
PAN2,,0,,4_broad
PAN3,bone marrow,1,0.024706141896357052,1a_lymphoid
PANK1,liver,1,,3_vital
PANK2,testis,1,,1b_testis_CT
PANK3,"duodenum, liver",2,,3_vital
PANK4,skeletal muscle,1,,3_vital
PANO1,"cerebellum, pancreas",2,,3_vital
PANX1,"skeletal muscle, urinary bladder",2,,3_vital
PANX2,"cerebellum, cerebral cortex",2,,3_vital
PANX3,"basal ganglia, salivary gland, testis",3,,3_vital
PAOX,testis,1,,1b_testis_CT
PAPLN,kidney,1,,3_vital
PAPOLA,,0,,4_broad
PAPOLB,testis,1,,1b_testis_CT
PAPOLG,thyroid gland,1,,2_restricted
PAPPA,placenta,1,,2_restricted
PAPPA2,placenta,1,,2_restricted
PAPSS1,spinal cord,1,,3_vital
PAPSS2,adrenal gland,1,,3_vital
PAQR3,,0,,4_broad
PAQR4,spinal cord,1,,3_vital
PAQR5,kidney,1,,3_vital
PAQR6,"midbrain, spinal cord",2,,3_vital
PAQR7,testis,1,,1b_testis_CT
PAQR8,spinal cord,1,,3_vital
PAQR9,"liver, retina, testis",3,,3_vital
PARD3,skin,1,,2_restricted
PARD3B,"blood vessel, colon",2,,2_restricted
PARD6A,cerebellum,1,,3_vital
PARD6B,kidney,1,,3_vital
PARD6G,skin,1,,2_restricted
PARG,kidney,1,,3_vital
PARK7,skeletal muscle,1,,3_vital
PARL,choroid plexus,1,,3_vital
PARM1,thyroid gland,1,,2_restricted
PARN,,0,,4_broad
PARP1,"lymph node, tonsil",2,0.0002679173095018919,1a_lymphoid
PARP10,spleen,1,0.04647591181965727,1a_lymphoid
PARP11,,0,,4_broad
PARP12,,0,,4_broad
PARP14,,0,,4_broad
PARP15,"spleen, tonsil",2,0.0001825993332133317,1a_lymphoid
PARP16,,0,,4_broad
PARP2,cerebellum,1,,3_vital
PARP3,parathyroid gland,1,,2_restricted
PARP4,,0,,4_broad
PARP6,cerebellum,1,,3_vital
PARP8,bone marrow,1,4.5370689319259905e-07,1a_lymphoid
PARP9,liver,1,,3_vital
PARPBP,"bone marrow, thymus",2,0.00015721576810158325,1a_lymphoid
PARS2,,0,,4_broad
PARVA,smooth muscle,1,,2_restricted
PARVB,"skeletal muscle, tongue",2,,3_vital
PARVG,bone marrow,1,2.1806888528260253e-05,1a_lymphoid
PASD1,testis,1,,1b_testis_CT
PASK,thymus,1,0.00027983902537258575,1a_lymphoid
PATE1,epididymis,1,,2_restricted
PATE2,epididymis,1,,2_restricted
PATE3,epididymis,1,,2_restricted
PATE4,seminal vesicle,1,,2_restricted
PATJ,"cerebellum, skeletal muscle",2,,3_vital
PATL1,bone marrow,1,8.391532481404323e-06,1a_lymphoid
PATL2,"lymph node, spleen",2,6.471062382569001e-05,1a_lymphoid
PATZ1,,0,,4_broad
PAWR,,0,,4_broad
PAX1,parathyroid gland,1,,2_restricted
PAX2,kidney,1,,3_vital
PAX3,"salivary gland, skeletal muscle",2,,3_vital
PAX4,"duodenum, rectum",2,,2_restricted
PAX5,"lymph node, tonsil",2,1.0588436309914185e-05,1a_lymphoid
PAX6,"cerebellum, retina",2,,3_vital
PAX7,"skeletal muscle, tongue",2,,3_vital
PAX8,thyroid gland,1,,2_restricted
PAX9,"esophagus, salivary gland",2,,2_restricted
PAXBP1,bone marrow,1,5.570251652837471e-13,1a_lymphoid
PAXIP1,"cerebellum, thymus",2,5.840945307042152e-07,3_vital
PAXX,,0,,4_broad
PBDC1,bone marrow,1,0.01881716865311201,1a_lymphoid
PBK,testis,1,,1b_testis_CT
PBLD,"kidney, liver",2,,3_vital
PBOV1,bone marrow,1,1.492363771149706e-08,1a_lymphoid
PBRM1,thymus,1,0.001505517274339198,1a_lymphoid
PBX1,"endometrium, smooth muscle",2,,2_restricted
PBX2,,0,,4_broad
PBX3,parathyroid gland,1,,2_restricted
PBX4,"testis, thyroid gland",2,,2_restricted
PBXIP1,choroid plexus,1,,3_vital
PC,liver,1,,3_vital
PCARE,retina,1,,3_vital
PCBD1,liver,1,,3_vital
PCBD2,"skeletal muscle, tongue",2,,3_vital
PCBP1,skeletal muscle,1,,3_vital
PCBP2,bone marrow,1,0.00039508360427772715,1a_lymphoid
PCBP3,"cerebellum, retina",2,,3_vital
PCBP4,"cerebellum, retina",2,,3_vital
PCCA,epididymis,1,,2_restricted
PCCB,liver,1,,3_vital
PCDH1,esophagus,1,,2_restricted
PCDH10,cerebral cortex,1,,3_vital
PCDH11X,"cerebral cortex, ovary",2,,3_vital
PCDH11Y,"cerebral cortex, hypothalamus",2,,3_vital
PCDH12,placenta,1,,2_restricted
PCDH15,retina,1,,3_vital
PCDH17,spleen,1,4.076977415427689e-06,1a_lymphoid
PCDH18,"ovary, placenta",2,,2_restricted
PCDH19,"cerebral cortex, hypothalamus",2,,3_vital
PCDH20,"cerebral cortex, hippocampal formation, smooth muscle",3,,3_vital
PCDH7,blood vessel,1,,2_restricted
PCDH8,"basal ganglia, cerebral cortex",2,,3_vital
PCDH9,cerebral cortex,1,,3_vital
PCDHA1,spinal cord,1,,3_vital
PCDHA10,cerebral cortex,1,,3_vital
PCDHA11,"cerebellum, cerebral cortex",2,,3_vital
PCDHA12,"cerebellum, lung",2,,3_vital
PCDHA13,parathyroid gland,1,,2_restricted
PCDHA2,"cerebellum, pituitary gland",2,,3_vital
PCDHA3,cerebellum,1,,3_vital
PCDHA4,cerebral cortex,1,,3_vital
PCDHA5,"cerebellum, cerebral cortex",2,,3_vital
PCDHA6,"cerebellum, cerebral cortex",2,,3_vital
PCDHA7,"cerebellum, spinal cord",2,,3_vital
PCDHA8,cerebellum,1,,3_vital
PCDHA9,"cerebellum, testis",2,,3_vital
PCDHAC1,parathyroid gland,1,,2_restricted
PCDHAC2,parathyroid gland,1,,2_restricted
PCDHB1,skeletal muscle,1,,3_vital
PCDHB10,,0,,4_broad
PCDHB11,"blood vessel, pancreas",2,,3_vital
PCDHB12,,0,,4_broad
PCDHB13,,0,,4_broad
PCDHB14,,0,,4_broad
PCDHB15,,0,,4_broad
PCDHB16,,0,,4_broad
PCDHB2,"cerebral cortex, testis",2,,3_vital
PCDHB3,testis,1,,1b_testis_CT
PCDHB4,pancreas,1,,3_vital
PCDHB5,ovary,1,,2_restricted
PCDHB6,,0,,4_broad
PCDHB7,"blood vessel, endometrium",2,,2_restricted
PCDHB8,,0,,4_broad
PCDHB9,cerebral cortex,1,,3_vital
PCDHGA1,cerebral cortex,1,,3_vital
PCDHGA10,cerebral cortex,1,,3_vital
PCDHGA11,retina,1,,3_vital
PCDHGA12,basal ganglia,1,,3_vital
PCDHGA2,,0,,4_broad
PCDHGA3,cerebral cortex,1,,3_vital
PCDHGA4,cerebral cortex,1,,3_vital
PCDHGA5,,0,,4_broad
PCDHGA6,,0,,4_broad
PCDHGA7,cerebral cortex,1,,3_vital
PCDHGA8,,0,,4_broad
PCDHGA9,cerebral cortex,1,,3_vital
PCDHGB1,cerebral cortex,1,,3_vital
PCDHGB2,cerebral cortex,1,,3_vital
PCDHGB3,,0,,4_broad
PCDHGB4,placenta,1,,2_restricted
PCDHGB5,parathyroid gland,1,,2_restricted
PCDHGB6,cerebral cortex,1,,3_vital
PCDHGB7,,0,,4_broad
PCDHGC3,"amygdala, basal ganglia",2,,3_vital
PCDHGC4,cerebellum,1,,3_vital
PCDHGC5,cerebral cortex,1,,3_vital
PCED1A,,0,,4_broad
PCED1B,"adrenal gland, lymph node",2,0.026860451788723354,3_vital
PCF11,,0,,4_broad
PCGF1,,0,,4_broad
PCGF2,,0,,4_broad
PCGF3,,0,,4_broad
PCGF5,blood vessel,1,,2_restricted
PCGF6,"liver, skeletal muscle",2,,3_vital
PCID2,testis,1,,1b_testis_CT
PCIF1,,0,,4_broad
PCK1,"kidney, liver",2,,3_vital
PCK2,liver,1,,3_vital
PCLAF,bone marrow,1,2.3237816257098716e-09,1a_lymphoid
PCLO,"cerebellum, retina",2,,3_vital
PCM1,"skeletal muscle, testis",2,,3_vital
PCMT1,skeletal muscle,1,,3_vital
PCMTD1,skeletal muscle,1,,3_vital
PCMTD2,retina,1,,3_vital
PCNA,bone marrow,1,8.793348603213628e-10,1a_lymphoid
PCNP,,0,,4_broad
PCNT,skeletal muscle,1,,3_vital
PCNX1,,0,,4_broad
PCNX2,cerebellum,1,,3_vital
PCNX3,,0,,4_broad
PCNX4,retina,1,,3_vital
PCOLCE,cervix,1,,2_restricted
PCOLCE2,heart muscle,1,,3_vital
PCP2,"cerebellum, testis",2,,3_vital
PCP4,"basal ganglia, choroid plexus",2,,3_vital
PCP4L1,basal ganglia,1,,3_vital
PCSK1,"cerebral cortex, hypothalamus",2,,3_vital
PCSK1N,pituitary gland,1,,3_vital
PCSK2,thyroid gland,1,,2_restricted
PCSK4,testis,1,,1b_testis_CT
PCSK5,"duodenum, small intestine",2,,2_restricted
PCSK6,"liver, spinal cord",2,,3_vital
PCSK7,"colon, stomach",2,,2_restricted
PCSK9,liver,1,,3_vital
PCTP,liver,1,,3_vital
PCYOX1,liver,1,,3_vital
PCYOX1L,parathyroid gland,1,,2_restricted
PCYT1A,skeletal muscle,1,,3_vital
PCYT1B,,0,,4_broad
PCYT2,"liver, testis",2,,3_vital
PDAP1,skeletal muscle,1,,3_vital
PDC,retina,1,,3_vital
PDCD1,lymph node,1,1.0250629241465646e-10,1a_lymphoid
PDCD10,,0,,4_broad
PDCD11,,0,,4_broad
PDCD1LG2,spleen,1,1.2878335689623208e-05,1a_lymphoid
PDCD2,,0,,4_broad
PDCD2L,skeletal muscle,1,,3_vital
PDCD4,pancreas,1,,3_vital
PDCD5,skeletal muscle,1,,3_vital
PDCD6,esophagus,1,,2_restricted
PDCD6IP,,0,,4_broad
PDCD7,,0,,4_broad
PDCL,bone marrow,1,0.005050427228652096,1a_lymphoid
PDCL2,testis,1,,1b_testis_CT
PDCL3,skeletal muscle,1,,3_vital
PDE10A,thyroid gland,1,,2_restricted
PDE11A,parathyroid gland,1,,2_restricted
PDE12,bone marrow,1,0.008262808183824466,1a_lymphoid
PDE1A,"kidney, thyroid gland",2,,3_vital
PDE1B,basal ganglia,1,,3_vital
PDE1C,heart muscle,1,,3_vital
PDE2A,spleen,1,3.1192725509918206e-06,1a_lymphoid
PDE3A,"blood vessel, heart muscle",2,,3_vital
PDE3B,adipose tissue,1,,2_restricted
PDE4A,skeletal muscle,1,,3_vital
PDE4B,bone marrow,1,0.00019416447297554486,1a_lymphoid
PDE4C,tongue,1,,2_restricted
PDE4D,"bone marrow, skeletal muscle",2,1.895711248426199e-05,3_vital
PDE4DIP,"skeletal muscle, tongue",2,,3_vital
PDE5A,"blood vessel, prostate",2,,2_restricted
PDE6A,retina,1,,3_vital
PDE6B,retina,1,,3_vital
PDE6C,retina,1,,3_vital
PDE6D,retina,1,,3_vital
PDE6G,retina,1,,3_vital
PDE6H,retina,1,,3_vital
PDE7A,thymus,1,2.279557558558581e-05,1a_lymphoid
PDE7B,basal ganglia,1,,3_vital
PDE8A,liver,1,,3_vital
PDE8B,thyroid gland,1,,2_restricted
PDE9A,colon,1,,2_restricted
PDF,"kidney, liver",2,,3_vital
PDGFA,"blood vessel, skeletal muscle",2,,3_vital
PDGFB,placenta,1,,2_restricted
PDGFC,parathyroid gland,1,,2_restricted
PDGFD,adrenal gland,1,,3_vital
PDGFRA,ovary,1,,2_restricted
PDGFRB,blood vessel,1,,2_restricted
PDGFRL,"breast, ovary",2,,2_restricted
PDHA1,tongue,1,,2_restricted
PDHA2,testis,1,,1b_testis_CT
PDHB,"skeletal muscle, tongue",2,,3_vital
PDHX,"skeletal muscle, tongue",2,,3_vital
PDIA2,pancreas,1,,3_vital
PDIA3,thyroid gland,1,,2_restricted
PDIA4,"liver, thyroid gland",2,,3_vital
PDIA5,liver,1,,3_vital
PDIA6,"epididymis, thyroid gland",2,,2_restricted
PDIK1L,"bone marrow, thyroid gland",2,0.0004585005421304169,1a_lymphoid
PDILT,stomach,1,,2_restricted
PDK1,"heart muscle, retina",2,,3_vital
PDK2,"skeletal muscle, tongue",2,,3_vital
PDK3,blood vessel,1,,2_restricted
PDK4,skeletal muscle,1,,3_vital
PDLIM1,skeletal muscle,1,,3_vital
PDLIM2,"skeletal muscle, spleen",2,0.000938881085649427,3_vital
PDLIM3,skeletal muscle,1,,3_vital
PDLIM4,colon,1,,2_restricted
PDLIM5,skeletal muscle,1,,3_vital
PDLIM7,"blood vessel, colon, skeletal muscle",3,,3_vital
PDP1,"adrenal gland, skeletal muscle",2,,3_vital
PDP2,"kidney, thyroid gland",2,,3_vital
PDPK1,parathyroid gland,1,,2_restricted
PDPN,placenta,1,,2_restricted
PDPR,skeletal muscle,1,,3_vital
PDRG1,"parathyroid gland, testis",2,,2_restricted
PDS5A,thymus,1,0.017704459881343962,1a_lymphoid
PDS5B,bone marrow,1,0.010388497045246543,1a_lymphoid
PDSS1,duodenum,1,,2_restricted
PDSS2,liver,1,,3_vital
PDX1,duodenum,1,,2_restricted
PDXDC1,"liver, testis",2,,3_vital
PDXK,cerebral cortex,1,,3_vital
PDXP,"amygdala, cerebral cortex",2,,3_vital
PDYN,basal ganglia,1,,3_vital
PDZD11,,0,,4_broad
PDZD2,heart muscle,1,,3_vital
PDZD3,"duodenum, kidney, small intestine",3,,3_vital
PDZD4,"amygdala, cerebral cortex, hippocampal formation",3,,3_vital
PDZD7,"cerebellum, small intestine",2,,3_vital
PDZD8,bone marrow,1,1.276564064313308e-17,1a_lymphoid
PDZD9,testis,1,,1b_testis_CT
PDZK1,kidney,1,,3_vital
PDZK1IP1,kidney,1,,3_vital
PDZRN3,skeletal muscle,1,,3_vital
PDZRN4,"blood vessel, colon, seminal vesicle",3,,2_restricted
PEA15,spinal cord,1,,3_vital
PEAK1,spleen,1,2.0090992864870657e-06,1a_lymphoid
PEAK3,"bone marrow, spleen",2,2.842456207262451e-11,1a_lymphoid
PEAR1,"adipose tissue, blood vessel",2,,2_restricted
PEBP1,"adrenal gland, liver",2,,3_vital
PEBP4,"skeletal muscle, tongue",2,,3_vital
PECAM1,placenta,1,,2_restricted
PECR,liver,1,,3_vital
PEDS1,spinal cord,1,,3_vital
PEDS1-UBE2V1,,0,,4_broad
PEF1,thyroid gland,1,,2_restricted
PEG10,placenta,1,,2_restricted
PEG3,"ovary, placenta",2,,2_restricted
PELI1,bone marrow,1,7.127119588466019e-27,1a_lymphoid
PELI2,pancreas,1,,3_vital
PELI3,cerebral cortex,1,,3_vital
PELO,adrenal gland,1,,3_vital
PELP1,skeletal muscle,1,,3_vital
PEMT,"epididymis, liver",2,,3_vital
PENK,"adrenal gland, basal ganglia",2,,3_vital
PEPD,"kidney, small intestine",2,,3_vital
PER1,skeletal muscle,1,,3_vital
PER2,,0,,4_broad
PER3,"cerebellum, retina",2,,3_vital
PERCC1,"prostate, stomach",2,,2_restricted
PERM1,"skeletal muscle, tongue",2,,3_vital
PERP,"esophagus, skin",2,,2_restricted
PES1,pancreas,1,,3_vital
PET100,choroid plexus,1,,3_vital
PET117,,0,,4_broad
PEX1,kidney,1,,3_vital
PEX10,,0,,4_broad
PEX11A,liver,1,,3_vital
PEX11B,cerebral cortex,1,,3_vital
PEX11G,"liver, testis",2,,3_vital
PEX12,,0,,4_broad
PEX13,liver,1,,3_vital
PEX14,urinary bladder,1,,2_restricted
PEX16,,0,,4_broad
PEX19,"liver, tongue",2,,3_vital
PEX2,seminal vesicle,1,,2_restricted
PEX26,"duodenum, small intestine",2,,2_restricted
PEX3,"adrenal gland, liver, parathyroid gland",3,,3_vital
PEX5,skeletal muscle,1,,3_vital
PEX5L,"cerebral cortex, spinal cord",2,,3_vital
PEX6,pancreas,1,,3_vital
PEX7,pancreas,1,,3_vital
PF4,bone marrow,1,8.784036275050841e-22,1a_lymphoid
PF4V1,spleen,1,1.7911321577419392e-07,1a_lymphoid
PFAS,,0,,4_broad
PFDN1,skeletal muscle,1,,3_vital
PFDN2,,0,,4_broad
PFDN4,,0,,4_broad
PFDN5,,0,,4_broad
PFDN6,,0,,4_broad
PFKFB1,skeletal muscle,1,,3_vital
PFKFB2,retina,1,,3_vital
PFKFB3,skeletal muscle,1,,3_vital
PFKFB4,testis,1,,1b_testis_CT
PFKL,,0,,4_broad
PFKM,"skeletal muscle, tongue",2,,3_vital
PFKP,retina,1,,3_vital
PFN1,,0,,4_broad
PFN2,cerebral cortex,1,,3_vital
PFN3,testis,1,,1b_testis_CT
PFN4,testis,1,,1b_testis_CT
PGA3,stomach,1,,2_restricted
PGA4,stomach,1,,2_restricted
PGA5,stomach,1,,2_restricted
PGAM1,esophagus,1,,2_restricted
PGAM2,skeletal muscle,1,,3_vital
PGAM4,esophagus,1,,2_restricted
PGAM5,skeletal muscle,1,,3_vital
PGAP1,"retina, skin",2,,3_vital
PGAP2,epididymis,1,,2_restricted
PGAP3,liver,1,,3_vital
PGAP4,,0,,4_broad
PGAP6,pancreas,1,,3_vital
PGBD1,"retina, smooth muscle",2,,3_vital
PGBD2,,0,,4_broad
PGBD4,skeletal muscle,1,,3_vital
PGBD5,"cerebellum, cerebral cortex",2,,3_vital
PGC,stomach,1,,2_restricted
PGD,"bone marrow, esophagus",2,0.000549170267016772,1a_lymphoid
PGF,blood vessel,1,,2_restricted
PGGHG,pancreas,1,,3_vital
PGGT1B,,0,,4_broad
PGK1,skeletal muscle,1,,3_vital
PGK2,testis,1,,1b_testis_CT
PGLS,,0,,4_broad
PGLYRP1,bone marrow,1,1.3109636059713683e-55,1a_lymphoid
PGLYRP2,liver,1,,3_vital
PGLYRP3,"esophagus, skin",2,,2_restricted
PGLYRP4,"cervix, skin, vagina",3,,2_restricted
PGM1,skeletal muscle,1,,3_vital
PGM2,esophagus,1,,2_restricted
PGM2L1,cerebral cortex,1,,3_vital
PGM3,pancreas,1,,3_vital
PGM5,"colon, urinary bladder",2,,2_restricted
PGP,"cerebellum, testis",2,,3_vital
PGPEP1,,0,,4_broad
PGPEP1L,skeletal muscle,1,,3_vital
PGR,"endometrium, smooth muscle",2,,2_restricted
PGRMC1,liver,1,,3_vital
PGRMC2,liver,1,,3_vital
PGS1,bone marrow,1,9.254292057359101e-06,1a_lymphoid
PHACTR1,"bone marrow, cerebral cortex",2,0.011422737854386812,3_vital
PHACTR2,placenta,1,,2_restricted
PHACTR3,amygdala,1,,3_vital
PHACTR4,esophagus,1,,2_restricted
PHAF1,liver,1,,3_vital
PHAX,,0,,4_broad
PHB1,salivary gland,1,,2_restricted
PHB2,skeletal muscle,1,,3_vital
PHC1,pituitary gland,1,,3_vital
PHC2,skeletal muscle,1,,3_vital
PHC3,"bone marrow, retina",2,2.3881308650319186e-07,3_vital
PHETA1,"duodenum, small intestine",2,,2_restricted
PHETA2,,0,,4_broad
PHEX,ovary,1,,2_restricted
PHF1,,0,,4_broad
PHF10,ovary,1,,2_restricted
PHF11,,0,,4_broad
PHF12,bone marrow,1,3.2505521482844464e-05,1a_lymphoid
PHF13,testis,1,,1b_testis_CT
PHF14,choroid plexus,1,,3_vital
PHF19,bone marrow,1,0.006364852657767446,1a_lymphoid
PHF2,cerebellum,1,,3_vital
PHF20,skeletal muscle,1,,3_vital
PHF20L1,"bone marrow, thymus",2,0.013020431285233466,1a_lymphoid
PHF21A,bone marrow,1,0.020657332044929262,1a_lymphoid
PHF21B,pituitary gland,1,,3_vital
PHF23,adrenal gland,1,,3_vital
PHF24,cerebral cortex,1,,3_vital
PHF3,bone marrow,1,0.001569076931958218,1a_lymphoid
PHF5A,"bone marrow, thymus",2,0.00010188346058471524,1a_lymphoid
PHF6,"epididymis, tonsil",2,0.03970412048072323,1a_lymphoid
PHF7,testis,1,,1b_testis_CT
PHF8,"epididymis, testis",2,,2_restricted
PHGDH,,0,,4_broad
PHGR1,"colon, small intestine",2,,2_restricted
PHIP,"bone marrow, retina",2,9.487368415682725e-08,3_vital
PHKA1,"skeletal muscle, tongue",2,,3_vital
PHKA2,liver,1,,3_vital
PHKB,skeletal muscle,1,,3_vital
PHKG1,"skeletal muscle, tongue",2,,3_vital
PHKG2,testis,1,,1b_testis_CT
PHLDA1,salivary gland,1,,2_restricted
PHLDA2,placenta,1,,2_restricted
PHLDA3,adipose tissue,1,,2_restricted
PHLDB1,,0,,4_broad
PHLDB2,,0,,4_broad
PHLDB3,"esophagus, skin",2,,2_restricted
PHLPP1,basal ganglia,1,,3_vital
PHLPP2,"retina, small intestine",2,,3_vital
PHOSPHO1,testis,1,,1b_testis_CT
PHOSPHO2,"prostate, testis",2,,2_restricted
PHOX2A,adrenal gland,1,,3_vital
PHOX2B,adrenal gland,1,,3_vital
PHPT1,"skeletal muscle, tongue",2,,3_vital
PHRF1,,0,,4_broad
PHTF1,"choroid plexus, testis",2,,3_vital
PHTF2,skeletal muscle,1,,3_vital
PHYH,"liver, skeletal muscle",2,,3_vital
PHYHD1,choroid plexus,1,,3_vital
PHYHIP,"basal ganglia, cerebellum, cerebral cortex",3,,3_vital
PHYHIPL,cerebral cortex,1,,3_vital
PHYKPL,liver,1,,3_vital
PI15,"appendix, smooth muscle",2,8.801280794977883e-05,1a_lymphoid
PI16,"cervix, heart muscle, vagina",3,,3_vital
PI3,"esophagus, tonsil, vagina",3,0.003613570841005918,1a_lymphoid
PI4K2A,adrenal gland,1,,3_vital
PI4K2B,liver,1,,3_vital
PI4KA,cerebral cortex,1,,3_vital
PI4KB,,0,,4_broad
PIANP,basal ganglia,1,,3_vital
PIAS1,,0,,4_broad
PIAS2,testis,1,,1b_testis_CT
PIAS3,,0,,4_broad
PIAS4,testis,1,,1b_testis_CT
PIBF1,,0,,4_broad
PICALM,,0,,4_broad
PICK1,,0,,4_broad
PID1,blood vessel,1,,2_restricted
PIDD1,,0,,4_broad
PIERCE1,"fallopian tube, testis",2,,2_restricted
PIERCE2,,0,,4_broad
PIEZO1,,0,,4_broad
PIEZO2,lung,1,,3_vital
PIF1,spleen,1,0.03410913697369631,1a_lymphoid
PIFO,"choroid plexus, fallopian tube",2,,3_vital
PIGA,"bone marrow, urinary bladder",2,0.010554832342163182,1a_lymphoid
PIGB,,0,,4_broad
PIGBOS1,,0,,4_broad
PIGC,"epididymis, skin",2,,2_restricted
PIGF,,0,,4_broad
PIGG,,0,,4_broad
PIGH,parathyroid gland,1,,2_restricted
PIGK,kidney,1,,3_vital
PIGL,,0,,4_broad
PIGM,spinal cord,1,,3_vital
PIGN,,0,,4_broad
PIGO,parathyroid gland,1,,2_restricted
PIGP,epididymis,1,,2_restricted
PIGQ,,0,,4_broad
PIGR,duodenum,1,,2_restricted
PIGS,,0,,4_broad
PIGT,blood vessel,1,,2_restricted
PIGU,parathyroid gland,1,,2_restricted
PIGV,"liver, testis",2,,3_vital
PIGW,skeletal muscle,1,,3_vital
PIGX,,0,,4_broad
PIGY,,0,,4_broad
PIGZ,"cerebellum, colon",2,,3_vital
PIH1D1,choroid plexus,1,,3_vital
PIH1D2,testis,1,,1b_testis_CT
PIK3AP1,liver,1,,3_vital
PIK3C2A,parathyroid gland,1,,2_restricted
PIK3C2B,,0,,4_broad
PIK3C2G,"epididymis, stomach",2,,2_restricted
PIK3C3,,0,,4_broad
PIK3CA,,0,,4_broad
PIK3CB,thyroid gland,1,,2_restricted
PIK3CD,"bone marrow, lymph node, spleen",3,0.008985943024888815,1a_lymphoid
PIK3CG,bone marrow,1,7.435156043396814e-10,1a_lymphoid
PIK3IP1,lymph node,1,0.001448179160934628,1a_lymphoid
PIK3R1,bone marrow,1,0.012065729945074717,1a_lymphoid
PIK3R2,cerebral cortex,1,,3_vital
PIK3R3,cerebellum,1,,3_vital
PIK3R4,liver,1,,3_vital
PIK3R5,bone marrow,1,5.75447544771181e-20,1a_lymphoid
PIK3R6,spleen,1,2.0876630417180608e-05,1a_lymphoid
PIKFYVE,bone marrow,1,0.00029858207957954205,1a_lymphoid
PILRA,appendix,1,0.002657765216300113,1a_lymphoid
PILRB,pituitary gland,1,,3_vital
PIM1,"bone marrow, esophagus",2,0.0015221272949288494,1a_lymphoid
PIM2,spleen,1,0.0006412604427437363,1a_lymphoid
PIM3,,0,,4_broad
PIMREG,thymus,1,3.418134270095414e-11,1a_lymphoid
PIN1,cerebral cortex,1,,3_vital
PIN4,,0,,4_broad
PINK1,"skeletal muscle, tongue",2,,3_vital
PINLYP,kidney,1,,3_vital
PINX1,,0,,4_broad
PIP,salivary gland,1,,2_restricted
PIP4K2A,spinal cord,1,,3_vital
PIP4K2B,skeletal muscle,1,,3_vital
PIP4K2C,epididymis,1,,2_restricted
PIP4P1,bone marrow,1,0.005894961982115342,1a_lymphoid
PIP4P2,bone marrow,1,0.003001377654601246,1a_lymphoid
PIP5K1A,testis,1,,1b_testis_CT
PIP5K1B,choroid plexus,1,,3_vital
PIP5K1C,cerebellum,1,,3_vital
PIP5KL1,,0,,4_broad
PIPOX,liver,1,,3_vital
PIR,,0,,4_broad
PIRT,"hypothalamus, midbrain",2,,3_vital
PISD,cerebellum,1,,3_vital
PITHD1,,0,,4_broad
PITPNA,,0,,4_broad
PITPNB,blood vessel,1,,2_restricted
PITPNC1,basal ganglia,1,,3_vital
PITPNM1,,0,,4_broad
PITPNM2,thymus,1,5.969118467564703e-14,1a_lymphoid
PITPNM3,spleen,1,9.413273855746055e-05,1a_lymphoid
PITRM1,skeletal muscle,1,,3_vital
PITX1,esophagus,1,,2_restricted
PITX2,"placenta, skeletal muscle",2,,3_vital
PITX3,skeletal muscle,1,,3_vital
PIWIL1,testis,1,,1b_testis_CT
PIWIL2,testis,1,,1b_testis_CT
PIWIL3,"ovary, testis",2,,2_restricted
PIWIL4,bone marrow,1,8.351114682640846e-09,1a_lymphoid
PJA1,epididymis,1,,2_restricted
PJA2,cerebral cortex,1,,3_vital
PJVK,testis,1,,1b_testis_CT
PKD1,cerebellum,1,,3_vital
PKD1L1,"skeletal muscle, tongue",2,,3_vital
PKD1L3,liver,1,,3_vital
PKD2,blood vessel,1,,2_restricted
PKD2L1,"retina, spleen",2,0.013390833627638444,3_vital
PKD2L2,testis,1,,1b_testis_CT
PKDCC,skeletal muscle,1,,3_vital
PKDREJ,testis,1,,1b_testis_CT
PKHD1,"kidney, pancreas",2,,3_vital
PKHD1L1,thyroid gland,1,,2_restricted
PKIA,"skeletal muscle, tongue",2,,3_vital
PKIB,cerebellum,1,,3_vital
PKIG,heart muscle,1,,3_vital
PKLR,liver,1,,3_vital
PKM,"skeletal muscle, tongue",2,,3_vital
PKMYT1,testis,1,,1b_testis_CT
PKN1,,0,,4_broad
PKN2,bone marrow,1,0.0012934325282707142,1a_lymphoid
PKN3,heart muscle,1,,3_vital
PKNOX1,"cerebellum, thyroid gland",2,,3_vital
PKNOX2,tongue,1,,2_restricted
PKP1,"esophagus, skin",2,,2_restricted
PKP2,heart muscle,1,,3_vital
PKP3,"esophagus, skin",2,,2_restricted
PKP4,spinal cord,1,,3_vital
PLA1A,"choroid plexus, epididymis",2,,3_vital
PLA2G10,"colon, stomach",2,,2_restricted
PLA2G12A,pancreas,1,,3_vital
PLA2G12B,liver,1,,3_vital
PLA2G15,skeletal muscle,1,,3_vital
PLA2G1B,pancreas,1,,3_vital
PLA2G2A,heart muscle,1,,3_vital
PLA2G2C,colon,1,,2_restricted
PLA2G2D,"lymph node, tonsil",2,5.72564770460532e-14,1a_lymphoid
PLA2G2E,tonsil,1,1.1084810831145808e-35,1a_lymphoid
PLA2G2F,"skin, urinary bladder",2,,2_restricted
PLA2G3,"esophagus, skin",2,,2_restricted
PLA2G4A,parathyroid gland,1,,2_restricted
PLA2G4B,"cerebellum, skin",2,,3_vital
PLA2G4C,"retina, skeletal muscle",2,,3_vital
PLA2G4D,"cervix, prostate, vagina",3,,2_restricted
PLA2G4E,skin,1,,2_restricted
PLA2G4F,skin,1,,2_restricted
PLA2G5,"choroid plexus, heart muscle",2,,3_vital
PLA2G6,"testis, thyroid gland",2,,2_restricted
PLA2G7,spleen,1,0.04451738871967375,1a_lymphoid
PLA2R1,"salivary gland, thyroid gland",2,,2_restricted
PLAA,"bone marrow, skeletal muscle",2,0.004873940937824288,3_vital
PLAAT1,"skeletal muscle, testis",2,,3_vital
PLAAT2,"duodenum, small intestine",2,,2_restricted
PLAAT3,"adipose tissue, spinal cord",2,,3_vital
PLAAT4,kidney,1,,3_vital
PLAAT5,testis,1,,1b_testis_CT
PLAC1,placenta,1,,2_restricted
PLAC8,bone marrow,1,4.730855274213508e-06,1a_lymphoid
PLAC8L1,testis,1,,1b_testis_CT
PLAC9,choroid plexus,1,,3_vital
PLAG1,retina,1,,3_vital
PLAGL1,placenta,1,,2_restricted
PLAGL2,bone marrow,1,9.366923600057652e-09,1a_lymphoid
PLAT,"parathyroid gland, urinary bladder",2,,2_restricted
PLAU,"kidney, urinary bladder",2,,3_vital
PLAUR,bone marrow,1,2.468508793877591e-30,1a_lymphoid
PLB1,small intestine,1,,2_restricted
PLBD1,bone marrow,1,3.977708724199986e-15,1a_lymphoid
PLBD2,adrenal gland,1,,3_vital
PLCB1,"cerebral cortex, parathyroid gland",2,,3_vital
PLCB2,"bone marrow, spleen",2,5.318963636474023e-05,1a_lymphoid
PLCB3,"duodenum, small intestine",2,,2_restricted
PLCB4,salivary gland,1,,2_restricted
PLCD1,testis,1,,1b_testis_CT
PLCD3,skeletal muscle,1,,3_vital
PLCD4,"retina, skeletal muscle",2,,3_vital
PLCE1,,0,,4_broad
PLCG1,cerebellum,1,,3_vital
PLCG2,"lymph node, tonsil",2,0.0006400407023660575,1a_lymphoid
PLCH1,thymus,1,0.00023503120473396485,1a_lymphoid
PLCH2,"cerebellum, skin",2,,3_vital
PLCL1,tongue,1,,2_restricted
PLCL2,skeletal muscle,1,,3_vital
PLCXD1,"bone marrow, cerebellum",2,0.021686644658228536,3_vital
PLCXD2,retina,1,,3_vital
PLCXD3,"heart muscle, ovary",2,,3_vital
PLCZ1,testis,1,,1b_testis_CT
PLD1,gallbladder,1,,2_restricted
PLD2,esophagus,1,,2_restricted
PLD3,pituitary gland,1,,3_vital
PLD4,"midbrain, spinal cord",2,,3_vital
PLD5,choroid plexus,1,,3_vital
PLD6,"cerebellum, testis",2,,3_vital
PLEC,skeletal muscle,1,,3_vital
PLEK,bone marrow,1,1.2664873321362224e-22,1a_lymphoid
PLEK2,adrenal gland,1,,3_vital
PLEKHA1,"skin, tongue",2,,2_restricted
PLEKHA2,"lymph node, tonsil",2,0.00010025214598152808,1a_lymphoid
PLEKHA3,testis,1,,1b_testis_CT
PLEKHA4,blood vessel,1,,2_restricted
PLEKHA5,adrenal gland,1,,3_vital
PLEKHA6,,0,,4_broad
PLEKHA7,esophagus,1,,2_restricted
PLEKHA8,retina,1,,3_vital
PLEKHB1,"midbrain, spinal cord",2,,3_vital
PLEKHB2,kidney,1,,3_vital
PLEKHD1,"cerebellum, retina",2,,3_vital
PLEKHF1,skeletal muscle,1,,3_vital
PLEKHF2,"bone marrow, tonsil",2,1.0100865984041033e-06,1a_lymphoid
PLEKHG1,spleen,1,4.11109740323323e-05,1a_lymphoid
PLEKHG2,,0,,4_broad
PLEKHG3,blood vessel,1,,2_restricted
PLEKHG4,testis,1,,1b_testis_CT
PLEKHG4B,choroid plexus,1,,3_vital
PLEKHG5,"cerebellum, skin",2,,3_vital
PLEKHG6,"duodenum, small intestine",2,,2_restricted
PLEKHG7,fallopian tube,1,,2_restricted
PLEKHH1,"spinal cord, thyroid gland",2,,3_vital
PLEKHH2,lung,1,,3_vital
PLEKHH3,pancreas,1,,3_vital
PLEKHJ1,,0,,4_broad
PLEKHM1,esophagus,1,,2_restricted
PLEKHM2,"cerebral cortex, skeletal muscle",2,,3_vital
PLEKHM3,retina,1,,3_vital
PLEKHN1,"esophagus, skin",2,,2_restricted
PLEKHO1,colon,1,,2_restricted
PLEKHO2,spleen,1,1.6881156998590737e-09,1a_lymphoid
PLEKHS1,"cervix, salivary gland",2,,2_restricted
PLET1,skin,1,,2_restricted
PLG,liver,1,,3_vital
PLGLB1,liver,1,,3_vital
PLGLB2,liver,1,,3_vital
PLGRKT,skeletal muscle,1,,3_vital
PLIN1,"adipose tissue, breast",2,,2_restricted
PLIN2,"adipose tissue, liver",2,,3_vital
PLIN3,"esophagus, skeletal muscle",2,,3_vital
PLIN4,adipose tissue,1,,2_restricted
PLIN5,"liver, skeletal muscle",2,,3_vital
PLK1,thymus,1,0.001425100124219167,1a_lymphoid
PLK2,spleen,1,0.0020366273070205458,1a_lymphoid
PLK3,,0,,4_broad
PLK4,"bone marrow, testis",2,0.0001136637347300211,1a_lymphoid
PLK5,cerebellum,1,,3_vital
PLLP,hippocampal formation,1,,3_vital
PLN,heart muscle,1,,3_vital
PLOD1,,0,,4_broad
PLOD2,thyroid gland,1,,2_restricted
PLOD3,,0,,4_broad
PLP1,spinal cord,1,,3_vital
PLP2,,0,,4_broad
PLPBP,liver,1,,3_vital
PLPP1,prostate,1,,2_restricted
PLPP2,salivary gland,1,,2_restricted
PLPP3,"cervix, thyroid gland",2,,2_restricted
PLPP4,cerebellum,1,,3_vital
PLPP5,pancreas,1,,3_vital
PLPP6,liver,1,,3_vital
PLPP7,skeletal muscle,1,,3_vital
PLPPR1,basal ganglia,1,,3_vital
PLPPR2,hippocampal formation,1,,3_vital
PLPPR3,"basal ganglia, cerebral cortex",2,,3_vital
PLPPR4,cerebral cortex,1,,3_vital
PLPPR5,"basal ganglia, cerebral cortex",2,,3_vital
PLRG1,,0,,4_broad
PLS1,"duodenum, small intestine",2,,2_restricted
PLS3,blood vessel,1,,2_restricted
PLSCR1,,0,,4_broad
PLSCR2,testis,1,,1b_testis_CT
PLSCR3,,0,,4_broad
PLSCR4,,0,,4_broad
PLSCR5,parathyroid gland,1,,2_restricted
PLTP,"adipose tissue, choroid plexus, placenta",3,,3_vital
PLVAP,thyroid gland,1,,2_restricted
PLXDC1,retina,1,,3_vital
PLXDC2,blood vessel,1,,2_restricted
PLXNA1,cerebral cortex,1,,3_vital
PLXNA2,pancreas,1,,3_vital
PLXNA3,"cerebellum, pituitary gland",2,,3_vital
PLXNA4,adipose tissue,1,,2_restricted
PLXNB1,blood vessel,1,,2_restricted
PLXNB2,,0,,4_broad
PLXNB3,spinal cord,1,,3_vital
PLXNC1,,0,,4_broad
PLXND1,placenta,1,,2_restricted
PM20D1,pancreas,1,,3_vital
PM20D2,"prostate, skeletal muscle",2,,3_vital
PMAIP1,bone marrow,1,6.405887711355629e-18,1a_lymphoid
PMCH,hypothalamus,1,,3_vital
PMEL,skin,1,,2_restricted
PMEPA1,"blood vessel, prostate",2,,2_restricted
PMF1,skeletal muscle,1,,3_vital
PMF1-BGLAP,,0,,4_broad
PMFBP1,"epididymis, testis",2,,2_restricted
PMIS2,testis,1,,1b_testis_CT
PML,,0,,4_broad
PMM1,,0,,4_broad
PMM2,liver,1,,3_vital
PMP2,"midbrain, spinal cord",2,,3_vital
PMP22,,0,,4_broad
PMPCA,liver,1,,3_vital
PMPCB,,0,,4_broad
PMS1,testis,1,,1b_testis_CT
PMS2,cerebellum,1,,3_vital
PMVK,,0,,4_broad
PNCK,basal ganglia,1,,3_vital
PNISR,,0,,4_broad
PNKD,choroid plexus,1,,3_vital
PNKP,adrenal gland,1,,3_vital
PNLDC1,testis,1,,1b_testis_CT
PNLIP,pancreas,1,,3_vital
PNLIPRP1,pancreas,1,,3_vital
PNLIPRP3,"breast, skin",2,,2_restricted
PNMA1,cerebral cortex,1,,3_vital
PNMA2,"cerebral cortex, hypothalamus",2,,3_vital
PNMA3,"cerebral cortex, epididymis",2,,3_vital
PNMA5,"basal ganglia, hypothalamus",2,,3_vital
PNMA6A,"cerebral cortex, hypothalamus",2,,3_vital
PNMA6E,testis,1,,1b_testis_CT
PNMA6F,hypothalamus,1,,3_vital
PNMA8A,cerebral cortex,1,,3_vital
PNMA8B,"cerebral cortex, hypothalamus",2,,3_vital
PNMA8C,"cerebral cortex, hypothalamus",2,,3_vital
PNMT,adrenal gland,1,,3_vital
PNN,choroid plexus,1,,3_vital
PNO1,,0,,4_broad
PNOC,"cerebral cortex, lymph node, tonsil",3,0.023310475688922243,3_vital
PNP,epididymis,1,,2_restricted
PNPLA1,skin,1,,2_restricted
PNPLA2,"adipose tissue, breast",2,,2_restricted
PNPLA3,liver,1,,3_vital
PNPLA4,"skeletal muscle, tongue",2,,3_vital
PNPLA5,"basal ganglia, skin",2,,3_vital
PNPLA6,,0,,4_broad
PNPLA7,,0,,4_broad
PNPLA8,bone marrow,1,6.238491972163456e-09,1a_lymphoid
PNPO,liver,1,,3_vital
PNPT1,skeletal muscle,1,,3_vital
PNRC1,"bone marrow, skeletal muscle",2,0.01893337039280511,3_vital
PNRC2,,0,,4_broad
POC1A,"testis, thymus",2,0.04113683736614112,1a_lymphoid
POC1B,spinal cord,1,,3_vital
POC1B-GALNT4,bone marrow,1,0.0003140919540497607,1a_lymphoid
POC5,"retina, testis",2,,3_vital
PODN,adipose tissue,1,,2_restricted
PODNL1,blood vessel,1,,2_restricted
PODXL,kidney,1,,3_vital
PODXL2,hypothalamus,1,,3_vital
POF1B,skin,1,,2_restricted
POFUT1,liver,1,,3_vital
POFUT2,,0,,4_broad
POGK,spinal cord,1,,3_vital
POGLUT1,,0,,4_broad
POGLUT2,"ovary, smooth muscle",2,,2_restricted
POGLUT3,,0,,4_broad
POGZ,cerebellum,1,,3_vital
POLA1,thymus,1,8.01034852715264e-05,1a_lymphoid
POLA2,"thymus, tonsil",2,0.00394481755386384,1a_lymphoid
POLB,cerebellum,1,,3_vital
POLD1,bone marrow,1,1.1607560725079052e-05,1a_lymphoid
POLD2,"liver, skeletal muscle",2,,3_vital
POLD3,kidney,1,,3_vital
POLD4,liver,1,,3_vital
POLDIP2,"skeletal muscle, tongue",2,,3_vital
POLDIP3,ovary,1,,2_restricted
POLE,bone marrow,1,5.948630494680909e-06,1a_lymphoid
POLE2,bone marrow,1,1.80310417735004e-11,1a_lymphoid
POLE3,bone marrow,1,1.0340717850390364e-06,1a_lymphoid
POLE4,,0,,4_broad
POLG,skeletal muscle,1,,3_vital
POLG2,testis,1,,1b_testis_CT
POLH,tonsil,1,0.013208440114223353,1a_lymphoid
POLI,"testis, thyroid gland",2,,2_restricted
POLK,,0,,4_broad
POLL,"pancreas, testis",2,,3_vital
POLM,,0,,4_broad
POLN,"adipose tissue, testis",2,,2_restricted
POLQ,"bone marrow, thymus",2,2.3327472985486052e-05,1a_lymphoid
POLR1A,skeletal muscle,1,,3_vital
POLR1B,,0,,4_broad
POLR1C,,0,,4_broad
POLR1D,pancreas,1,,3_vital
POLR1E,ovary,1,,2_restricted
POLR1F,bone marrow,1,0.004834616309973212,1a_lymphoid
POLR1G,skeletal muscle,1,,3_vital
POLR1H,,0,,4_broad
POLR2A,appendix,1,1.685318554767935e-08,1a_lymphoid
POLR2B,,0,,4_broad
POLR2C,skeletal muscle,1,,3_vital
POLR2D,testis,1,,1b_testis_CT
POLR2E,liver,1,,3_vital
POLR2F,,0,,4_broad
POLR2G,,0,,4_broad
POLR2H,kidney,1,,3_vital
POLR2I,skeletal muscle,1,,3_vital
POLR2J,skeletal muscle,1,,3_vital
POLR2J2,"small intestine, tonsil",2,0.001568840874403418,1a_lymphoid
POLR2J3,bone marrow,1,0.00031054971418905075,1a_lymphoid
POLR2K,,0,,4_broad
POLR2L,,0,,4_broad
POLR2M,,0,,4_broad
POLR3A,"cerebellum, skeletal muscle",2,,3_vital
POLR3B,skin,1,,2_restricted
POLR3C,,0,,4_broad
POLR3D,skeletal muscle,1,,3_vital
POLR3E,skeletal muscle,1,,3_vital
POLR3F,cerebellum,1,,3_vital
POLR3G,spinal cord,1,,3_vital
POLR3GL,skeletal muscle,1,,3_vital
POLR3H,"amygdala, cerebral cortex",2,,3_vital
POLR3K,skeletal muscle,1,,3_vital
POLRMT,"skeletal muscle, testis",2,,3_vital
POM121,bone marrow,1,0.0012990923821620882,1a_lymphoid
POM121C,bone marrow,1,0.014418796459143006,1a_lymphoid
POM121L12,testis,1,,1b_testis_CT
POM121L2,testis,1,,1b_testis_CT
POMC,pituitary gland,1,,3_vital
POMGNT1,"heart muscle, parathyroid gland",2,,3_vital
POMGNT2,endometrium,1,,2_restricted
POMK,cerebellum,1,,3_vital
POMP,,0,,4_broad
POMT1,,0,,4_broad
POMT2,"skeletal muscle, testis",2,,3_vital
POMZP3,,0,,4_broad
PON1,liver,1,,3_vital
PON2,basal ganglia,1,,3_vital
PON3,liver,1,,3_vital
POP1,rectum,1,,2_restricted
POP4,,0,,4_broad
POP5,heart muscle,1,,3_vital
POP7,skeletal muscle,1,,3_vital
POPDC2,heart muscle,1,,3_vital
POPDC3,skeletal muscle,1,,3_vital
POR,"adrenal gland, liver",2,,3_vital
PORCN,adrenal gland,1,,3_vital
POSTN,"skin, stomach",2,,2_restricted
POT1,,0,,4_broad
POTEB,testis,1,,1b_testis_CT
POTEB2,testis,1,,1b_testis_CT
POTEB3,testis,1,,1b_testis_CT
POTEC,testis,1,,1b_testis_CT
POTED,testis,1,,1b_testis_CT
POTEE,testis,1,,1b_testis_CT
POTEF,testis,1,,1b_testis_CT
POTEG,,0,,4_broad
POTEH,"prostate, testis",2,,2_restricted
POTEI,"prostate, testis",2,,2_restricted
POTEJ,"prostate, testis",2,,2_restricted
POTEM,prostate,1,,2_restricted
POU1F1,pituitary gland,1,,3_vital
POU2AF1,"lymph node, spleen, tonsil",3,0.00016099270067176813,1a_lymphoid
POU2AF2,testis,1,,1b_testis_CT
POU2AF3,epididymis,1,,2_restricted
POU2F1,"cerebellum, retina",2,,3_vital
POU2F2,"lymph node, tonsil",2,4.9131671802658555e-05,1a_lymphoid
POU2F3,skin,1,,2_restricted
POU3F1,skin,1,,2_restricted
POU3F2,cerebral cortex,1,,3_vital
POU3F3,kidney,1,,3_vital
POU3F4,basal ganglia,1,,3_vital
POU4F1,retina,1,,3_vital
POU4F2,"retina, testis",2,,3_vital
POU4F3,thymus,1,6.618804225470399e-19,1a_lymphoid
POU5F1,kidney,1,,3_vital
POU5F1B,choroid plexus,1,,3_vital
POU5F2,testis,1,,1b_testis_CT
POU6F1,cerebellum,1,,3_vital
POU6F2,cerebral cortex,1,,3_vital
PP2D1,testis,1,,1b_testis_CT
PPA1,retina,1,,3_vital
PPA2,tongue,1,,2_restricted
PPAN,,0,,4_broad
PPAN-P2RY11,,0,,4_broad
PPARA,tongue,1,,2_restricted
PPARD,,0,,4_broad
PPARG,adipose tissue,1,,2_restricted
PPARGC1A,liver,1,,3_vital
PPARGC1B,retina,1,,3_vital
PPAT,,0,,4_broad
PPBP,bone marrow,1,8.501491167193363e-25,1a_lymphoid
PPCDC,,0,,4_broad
PPCS,liver,1,,3_vital
PPDPF,,0,,4_broad
PPDPFL,skeletal muscle,1,,3_vital
PPEF1,"spinal cord, testis",2,,3_vital
PPEF2,retina,1,,3_vital
PPFIA1,skeletal muscle,1,,3_vital
PPFIA2,"cerebral cortex, retina",2,,3_vital
PPFIA3,"cerebellum, cerebral cortex",2,,3_vital
PPFIA4,cerebellum,1,,3_vital
PPFIBP1,"heart muscle, ovary",2,,3_vital
PPFIBP2,parathyroid gland,1,,2_restricted
PPHLN1,"lymph node, tonsil",2,0.036699363765483974,1a_lymphoid
PPIA,,0,,4_broad
PPIAL4A,bone marrow,1,9.373736606931581e-07,1a_lymphoid
PPIAL4E,cerebellum,1,,3_vital
PPIAL4F,cerebellum,1,,3_vital
PPIAL4G,"duodenum, small intestine",2,,2_restricted
PPIAL4H,cerebellum,1,,3_vital
PPIB,,0,,4_broad
PPIC,,0,,4_broad
PPID,"liver, skeletal muscle",2,,3_vital
PPIE,,0,,4_broad
PPIF,adrenal gland,1,,3_vital
PPIG,bone marrow,1,0.001147747975105751,1a_lymphoid
PPIH,"bone marrow, thymus",2,0.0038084386518804293,1a_lymphoid
PPIL1,heart muscle,1,,3_vital
PPIL2,,0,,4_broad
PPIL3,,0,,4_broad
PPIL4,bone marrow,1,0.00015531340378886586,1a_lymphoid
PPIL6,fallopian tube,1,,2_restricted
PPIP5K1,"cerebellum, retina",2,,3_vital
PPIP5K2,bone marrow,1,7.532561747840396e-06,1a_lymphoid
PPL,esophagus,1,,2_restricted
PPM1A,bone marrow,1,1.0469793559781402e-08,1a_lymphoid
PPM1B,skeletal muscle,1,,3_vital
PPM1D,cerebellum,1,,3_vital
PPM1E,retina,1,,3_vital
PPM1F,spleen,1,0.012241178060349944,1a_lymphoid
PPM1G,testis,1,,1b_testis_CT
PPM1H,"cerebellum, parathyroid gland",2,,3_vital
PPM1J,"skeletal muscle, testis",2,,3_vital
PPM1K,heart muscle,1,,3_vital
PPM1L,skeletal muscle,1,,3_vital
PPM1M,,0,,4_broad
PPM1N,skeletal muscle,1,,3_vital
PPME1,parathyroid gland,1,,2_restricted
PPOX,,0,,4_broad
PPP1CA,esophagus,1,,2_restricted
PPP1CB,skeletal muscle,1,,3_vital
PPP1CC,duodenum,1,,2_restricted
PPP1R10,,0,,4_broad
PPP1R11,,0,,4_broad
PPP1R12A,blood vessel,1,,2_restricted
PPP1R12B,heart muscle,1,,3_vital
PPP1R12C,colon,1,,2_restricted
PPP1R13B,"heart muscle, thyroid gland",2,,3_vital
PPP1R13L,"esophagus, skin",2,,2_restricted
PPP1R14A,blood vessel,1,,2_restricted
PPP1R14B,"esophagus, pancreas",2,,3_vital
PPP1R14C,"heart muscle, skin",2,,3_vital
PPP1R14D,"colon, duodenum, rectum",3,,2_restricted
PPP1R15A,bone marrow,1,7.976010488518022e-11,1a_lymphoid
PPP1R15B,bone marrow,1,1.8721931812104316e-11,1a_lymphoid
PPP1R16A,,0,,4_broad
PPP1R16B,"basal ganglia, cerebral cortex",2,,3_vital
PPP1R17,"cerebellum, hypothalamus",2,,3_vital
PPP1R18,spleen,1,0.03395714804934593,1a_lymphoid
PPP1R1A,skeletal muscle,1,,3_vital
PPP1R1B,"basal ganglia, choroid plexus",2,,3_vital
PPP1R1C,heart muscle,1,,3_vital
PPP1R2,"bone marrow, skeletal muscle",2,0.004547883488393723,3_vital
PPP1R21,"kidney, parathyroid gland",2,,3_vital
PPP1R26,,0,,4_broad
PPP1R27,skeletal muscle,1,,3_vital
PPP1R2B,testis,1,,1b_testis_CT
PPP1R2C,testis,1,,1b_testis_CT
PPP1R32,testis,1,,1b_testis_CT
PPP1R35,testis,1,,1b_testis_CT
PPP1R36,testis,1,,1b_testis_CT
PPP1R37,,0,,4_broad
PPP1R3A,"skeletal muscle, tongue",2,,3_vital
PPP1R3B,"liver, skeletal muscle",2,,3_vital
PPP1R3C,skeletal muscle,1,,3_vital
PPP1R3D,tongue,1,,2_restricted
PPP1R3E,"cerebellum, retina",2,,3_vital
PPP1R3F,"cerebellum, cerebral cortex",2,,3_vital
PPP1R3G,"heart muscle, liver",2,,3_vital
PPP1R42,"fallopian tube, testis",2,,2_restricted
PPP1R7,"basal ganglia, testis",2,,3_vital
PPP1R8,,0,,4_broad
PPP1R9A,retina,1,,3_vital
PPP1R9B,"cerebral cortex, hippocampal formation",2,,3_vital
PPP2CA,bone marrow,1,0.007232820680535607,1a_lymphoid
PPP2CB,,0,,4_broad
PPP2R1A,,0,,4_broad
PPP2R1B,liver,1,,3_vital
PPP2R2A,"esophagus, placenta",2,,2_restricted
PPP2R2B,,0,,4_broad
PPP2R2C,"cerebral cortex, spinal cord",2,,3_vital
PPP2R2D,pancreas,1,,3_vital
PPP2R3A,"skeletal muscle, tongue",2,,3_vital
PPP2R3B,"heart muscle, skeletal muscle",2,,3_vital
PPP2R3C,testis,1,,1b_testis_CT
PPP2R5A,bone marrow,1,0.001374744991791303,1a_lymphoid
PPP2R5B,cerebellum,1,,3_vital
PPP2R5C,,0,,4_broad
PPP2R5D,,0,,4_broad
PPP2R5E,retina,1,,3_vital
PPP3CA,"basal ganglia, cerebral cortex",2,,3_vital
PPP3CB,skeletal muscle,1,,3_vital
PPP3CC,"retina, skeletal muscle",2,,3_vital
PPP3R1,"cerebral cortex, retina",2,,3_vital
PPP3R2,testis,1,,1b_testis_CT
PPP4C,esophagus,1,,2_restricted
PPP4R1,esophagus,1,,2_restricted
PPP4R2,bone marrow,1,1.2703620270048126e-12,1a_lymphoid
PPP4R3A,bone marrow,1,1.5675695680205595e-07,1a_lymphoid
PPP4R3B,,0,,4_broad
PPP4R3C,testis,1,,1b_testis_CT
PPP4R4,"basal ganglia, cerebral cortex",2,,3_vital
PPP5C,skeletal muscle,1,,3_vital
PPP6C,skeletal muscle,1,,3_vital
PPP6R1,"bone marrow, testis",2,0.01241330530352544,1a_lymphoid
PPP6R2,"liver, skeletal muscle",2,,3_vital
PPP6R3,,0,,4_broad
PPRC1,,0,,4_broad
PPT1,spleen,1,0.002281144979739189,1a_lymphoid
PPT2,ovary,1,,2_restricted
PPTC7,"skeletal muscle, tongue",2,,3_vital
PPWD1,thymus,1,0.011431627735610935,1a_lymphoid
PPY,pancreas,1,,3_vital
PQBP1,,0,,4_broad
PRAC1,rectum,1,,2_restricted
PRAC2,"prostate, rectum",2,,2_restricted
PRADC1,"heart muscle, skeletal muscle, tongue",3,,3_vital
PRAF2,epididymis,1,,2_restricted
PRAG1,cerebellum,1,,3_vital
PRAM1,bone marrow,1,2.60153622712288e-31,1a_lymphoid
PRAME,testis,1,,1b_testis_CT
PRAMEF1,,0,,4_broad
PRAMEF10,liver,1,,3_vital
PRAMEF11,testis,1,,1b_testis_CT
PRAMEF12,choroid plexus,1,,3_vital
PRAMEF13,testis,1,,1b_testis_CT
PRAMEF14,,0,,4_broad
PRAMEF15,liver,1,,3_vital
PRAMEF17,,0,,4_broad
PRAMEF18,testis,1,,1b_testis_CT
PRAMEF19,bone marrow,1,4.246766653536027e-225,1a_lymphoid
PRAMEF2,testis,1,,1b_testis_CT
PRAMEF20,,0,,4_broad
PRAMEF25,,0,,4_broad
PRAMEF26,,0,,4_broad
PRAMEF27,,0,,4_broad
PRAMEF33,liver,1,,3_vital
PRAMEF4,,0,,4_broad
PRAMEF5,,0,,4_broad
PRAMEF6,,0,,4_broad
PRAMEF7,,0,,4_broad
PRAMEF8,liver,1,,3_vital
PRAMEF9,skeletal muscle,1,,3_vital
PRAP1,"duodenum, liver, small intestine",3,,3_vital
PRB1,salivary gland,1,,2_restricted
PRB2,salivary gland,1,,2_restricted
PRB3,salivary gland,1,,2_restricted
PRB4,salivary gland,1,,2_restricted
PRC1,bone marrow,1,3.920745547835438e-08,1a_lymphoid
PRCC,skeletal muscle,1,,3_vital
PRCD,retina,1,,3_vital
PRCP,choroid plexus,1,,3_vital
PRDM1,esophagus,1,,2_restricted
PRDM10,"bone marrow, cerebellum",2,0.041923500304309955,3_vital
PRDM11,,0,,4_broad
PRDM12,hypothalamus,1,,3_vital
PRDM13,"hypothalamus, retina",2,,3_vital
PRDM14,testis,1,,1b_testis_CT
PRDM15,"lymph node, tonsil",2,0.00014146739657353407,1a_lymphoid
PRDM16,blood vessel,1,,2_restricted
PRDM2,bone marrow,1,3.670067506406082e-08,1a_lymphoid
PRDM4,parathyroid gland,1,,2_restricted
PRDM5,"ovary, parathyroid gland",2,,2_restricted
PRDM6,"blood vessel, urinary bladder",2,,2_restricted
PRDM7,testis,1,,1b_testis_CT
PRDM8,"prostate, seminal vesicle",2,,2_restricted
PRDM9,testis,1,,1b_testis_CT
PRDX1,esophagus,1,,2_restricted
PRDX2,tongue,1,,2_restricted
PRDX3,liver,1,,3_vital
PRDX4,pancreas,1,,3_vital
PRDX5,choroid plexus,1,,3_vital
PRDX6,"liver, skeletal muscle",2,,3_vital
PREB,"liver, skeletal muscle",2,,3_vital
PRELID1,pancreas,1,,3_vital
PRELID2,small intestine,1,,2_restricted
PRELID3A,,0,,4_broad
PRELID3B,"duodenum, small intestine",2,,2_restricted
PRELP,blood vessel,1,,2_restricted
PREP,"skeletal muscle, tongue",2,,3_vital
PREPL,cerebral cortex,1,,3_vital
PREX1,bone marrow,1,0.011265222367897652,1a_lymphoid
PREX2,basal ganglia,1,,3_vital
PRF1,"bone marrow, spleen",2,8.063664446711372e-10,1a_lymphoid
PRG2,placenta,1,,2_restricted
PRG3,bone marrow,1,2.982993187939547e-50,1a_lymphoid
PRG4,liver,1,,3_vital
PRH1,salivary gland,1,,2_restricted
PRH2,salivary gland,1,,2_restricted
PRICKLE1,,0,,4_broad
PRICKLE2,,0,,4_broad
PRICKLE3,"esophagus, skeletal muscle",2,,3_vital
PRICKLE4,spleen,1,0.03385777391958145,1a_lymphoid
PRIM1,bone marrow,1,8.369900450031756e-08,1a_lymphoid
PRIM2,prostate,1,,2_restricted
PRIMA1,"colon, spinal cord",2,,3_vital
PRIMPOL,,0,,4_broad
PRKAA1,,0,,4_broad
PRKAA2,"heart muscle, skeletal muscle, tongue",3,,3_vital
PRKAB1,kidney,1,,3_vital
PRKAB2,"skeletal muscle, tongue",2,,3_vital
PRKACA,"heart muscle, skeletal muscle",2,,3_vital
PRKACB,cerebral cortex,1,,3_vital
PRKACG,testis,1,,1b_testis_CT
PRKAG1,"skeletal muscle, tongue",2,,3_vital
PRKAG2,heart muscle,1,,3_vital
PRKAG3,skeletal muscle,1,,3_vital
PRKAR1A,heart muscle,1,,3_vital
PRKAR1B,cerebral cortex,1,,3_vital
PRKAR2A,"skeletal muscle, testis",2,,3_vital
PRKAR2B,adipose tissue,1,,2_restricted
PRKCA,hippocampal formation,1,,3_vital
PRKCB,"basal ganglia, cerebral cortex",2,,3_vital
PRKCD,,0,,4_broad
PRKCE,"cerebellum, cerebral cortex",2,,3_vital
PRKCG,"basal ganglia, cerebral cortex, hippocampal formation",3,,3_vital
PRKCH,"lymph node, thymus",2,0.0025273763072073867,1a_lymphoid
PRKCI,stomach,1,,2_restricted
PRKCQ,"skeletal muscle, tongue",2,,3_vital
PRKCSH,,0,,4_broad
PRKCZ,cerebellum,1,,3_vital
PRKD1,testis,1,,1b_testis_CT
PRKD2,spleen,1,0.024445150595644494,1a_lymphoid
PRKD3,retina,1,,3_vital
PRKDC,,0,,4_broad
PRKG1,blood vessel,1,,2_restricted
PRKG2,"duodenum, prostate, small intestine",3,,2_restricted
PRKN,skeletal muscle,1,,3_vital
PRKRA,"skeletal muscle, tongue",2,,3_vital
PRKRIP1,,0,,4_broad
PRKX,thyroid gland,1,,2_restricted
PRL,pituitary gland,1,,3_vital
PRLH,"heart muscle, spinal cord",2,,3_vital
PRLHR,"adrenal gland, pituitary gland",2,,3_vital
PRLR,"choroid plexus, parathyroid gland",2,,3_vital
PRM1,testis,1,,1b_testis_CT
PRM2,testis,1,,1b_testis_CT
PRM3,testis,1,,1b_testis_CT
PRMT1,skeletal muscle,1,,3_vital
PRMT2,,0,,4_broad
PRMT3,thyroid gland,1,,2_restricted
PRMT5,skeletal muscle,1,,3_vital
PRMT6,,0,,4_broad
PRMT7,choroid plexus,1,,3_vital
PRMT8,"basal ganglia, cerebral cortex",2,,3_vital
PRMT9,"adrenal gland, ovary",2,,3_vital
PRND,"choroid plexus, testis",2,,3_vital
PRNP,choroid plexus,1,,3_vital
PROB1,skeletal muscle,1,,3_vital
PROC,liver,1,,3_vital
PROCA1,testis,1,,1b_testis_CT
PROCR,adipose tissue,1,,2_restricted
PRODH,choroid plexus,1,,3_vital
PRODH2,"kidney, liver",2,,3_vital
PROK1,ovary,1,,2_restricted
PROK2,bone marrow,1,1.758038768014062e-16,1a_lymphoid
PROKR1,epididymis,1,,2_restricted
PROKR2,cerebral cortex,1,,3_vital
PROM1,retina,1,,3_vital
PROM2,esophagus,1,,2_restricted
PROP1,pituitary gland,1,,3_vital
PRORP,thymus,1,0.01504633610257428,1a_lymphoid
PROS1,liver,1,,3_vital
PROSER1,bone marrow,1,0.002005672012399003,1a_lymphoid
PROSER2,liver,1,,3_vital
PROSER3,testis,1,,1b_testis_CT
PROX1,liver,1,,3_vital
PROX2,bone marrow,1,9.252549755527842e-07,1a_lymphoid
PROZ,liver,1,,3_vital
PRPF18,bone marrow,1,1.2887034337091744e-05,1a_lymphoid
PRPF19,cerebral cortex,1,,3_vital
PRPF3,,0,,4_broad
PRPF31,,0,,4_broad
PRPF38A,thymus,1,0.019467352206337843,1a_lymphoid
PRPF38B,"bone marrow, cerebellum",2,0.0014394838382592978,3_vital
PRPF39,skeletal muscle,1,,3_vital
PRPF4,parathyroid gland,1,,2_restricted
PRPF40A,bone marrow,1,0.0007505985767274065,1a_lymphoid
PRPF40B,,0,,4_broad
PRPF4B,bone marrow,1,2.143619207447263e-05,1a_lymphoid
PRPF6,cerebellum,1,,3_vital
PRPF8,,0,,4_broad
PRPH,colon,1,,2_restricted
PRPH2,retina,1,,3_vital
PRPS1,choroid plexus,1,,3_vital
PRPS1L1,testis,1,,1b_testis_CT
PRPS2,"ovary, parathyroid gland",2,,2_restricted
PRPSAP1,"liver, salivary gland",2,,3_vital
PRPSAP2,"lymph node, tonsil",2,0.00307312472182474,1a_lymphoid
PRR11,"bone marrow, thymus",2,0.00011065566521910451,1a_lymphoid
PRR12,cerebellum,1,,3_vital
PRR13,"duodenum, kidney, small intestine",3,,3_vital
PRR14,,0,,4_broad
PRR14L,,0,,4_broad
PRR15,"colon, small intestine",2,,2_restricted
PRR15L,duodenum,1,,2_restricted
PRR16,"skeletal muscle, tongue",2,,3_vital
PRR18,"hippocampal formation, spinal cord",2,,3_vital
PRR19,testis,1,,1b_testis_CT
PRR20A,testis,1,,1b_testis_CT
PRR20B,testis,1,,1b_testis_CT
PRR20C,testis,1,,1b_testis_CT
PRR20D,testis,1,,1b_testis_CT
PRR20E,testis,1,,1b_testis_CT
PRR20G,testis,1,,1b_testis_CT
PRR22,testis,1,,1b_testis_CT
PRR23A,testis,1,,1b_testis_CT
PRR23B,testis,1,,1b_testis_CT
PRR23C,testis,1,,1b_testis_CT
PRR23D1,epididymis,1,,2_restricted
PRR23D2,testis,1,,1b_testis_CT
PRR27,salivary gland,1,,2_restricted
PRR29,fallopian tube,1,,2_restricted
PRR3,cerebellum,1,,3_vital
PRR30,testis,1,,1b_testis_CT
PRR32,tongue,1,,2_restricted
PRR33,"skeletal muscle, spleen",2,0.006602464118338424,3_vital
PRR35,cerebellum,1,,3_vital
PRR36,"cerebellum, cerebral cortex",2,,3_vital
PRR4,salivary gland,1,,2_restricted
PRR5,,0,,4_broad
PRR5-ARHGAP8,"kidney, thyroid gland",2,,3_vital
PRR5L,"colon, spleen",2,0.0028271887465545565,1a_lymphoid
PRR7,"basal ganglia, hippocampal formation",2,,3_vital
PRR9,skin,1,,2_restricted
PRRC1,,0,,4_broad
PRRC2A,,0,,4_broad
PRRC2C,bone marrow,1,0.0001711595177189577,1a_lymphoid
PRRG1,spinal cord,1,,3_vital
PRRG2,parathyroid gland,1,,2_restricted
PRRG3,"basal ganglia, cerebral cortex, hypothalamus",3,,3_vital
PRRG4,"esophagus, liver",2,,3_vital
PRRT1,"cerebellum, cerebral cortex",2,,3_vital
PRRT1B,fallopian tube,1,,2_restricted
PRRT2,cerebellum,1,,3_vital
PRRT3,parathyroid gland,1,,2_restricted
PRRT4,bone marrow,1,1.011190482765692e-21,1a_lymphoid
PRRX1,,0,,4_broad
PRRX2,blood vessel,1,,2_restricted
PRSS1,pancreas,1,,3_vital
PRSS12,choroid plexus,1,,3_vital
PRSS16,thymus,1,8.705639525137893e-73,1a_lymphoid
PRSS2,pancreas,1,,3_vital
PRSS21,testis,1,,1b_testis_CT
PRSS22,esophagus,1,,2_restricted
PRSS23,cervix,1,,2_restricted
PRSS27,esophagus,1,,2_restricted
PRSS3,pancreas,1,,3_vital
PRSS33,fallopian tube,1,,2_restricted
PRSS35,retina,1,,3_vital
PRSS36,pituitary gland,1,,3_vital
PRSS37,testis,1,,1b_testis_CT
PRSS38,testis,1,,1b_testis_CT
PRSS41,testis,1,,1b_testis_CT
PRSS48,"choroid plexus, testis",2,,3_vital
PRSS50,testis,1,,1b_testis_CT
PRSS51,cerebellum,1,,3_vital
PRSS53,liver,1,,3_vital
PRSS54,testis,1,,1b_testis_CT
PRSS55,testis,1,,1b_testis_CT
PRSS56,"retina, skeletal muscle",2,,3_vital
PRSS57,bone marrow,1,2.533328247441218e-96,1a_lymphoid
PRSS58,testis,1,,1b_testis_CT
PRSS8,salivary gland,1,,2_restricted
PRTFDC1,,0,,4_broad
PRTG,"retina, thyroid gland",2,,3_vital
PRTN3,bone marrow,1,5.908340887557736e-82,1a_lymphoid
PRUNE1,"heart muscle, thyroid gland",2,,3_vital
PRUNE2,"blood vessel, colon",2,,2_restricted
PRX,lung,1,,3_vital
PRXL2A,adipose tissue,1,,2_restricted
PRXL2B,cerebral cortex,1,,3_vital
PRXL2C,,0,,4_broad
PRY,epididymis,1,,2_restricted
PRY2,testis,1,,1b_testis_CT
PSAP,choroid plexus,1,,3_vital
PSAPL1,skin,1,,2_restricted
PSAT1,liver,1,,3_vital
PSCA,stomach,1,,2_restricted
PSD,"basal ganglia, hippocampal formation",2,,3_vital
PSD2,basal ganglia,1,,3_vital
PSD3,"cerebellum, cerebral cortex",2,,3_vital
PSD4,liver,1,,3_vital
PSEN1,spinal cord,1,,3_vital
PSEN2,pancreas,1,,3_vital
PSENEN,"choroid plexus, fallopian tube",2,,3_vital
PSG1,placenta,1,,2_restricted
PSG11,placenta,1,,2_restricted
PSG2,placenta,1,,2_restricted
PSG3,placenta,1,,2_restricted
PSG4,placenta,1,,2_restricted
PSG5,placenta,1,,2_restricted
PSG6,placenta,1,,2_restricted
PSG7,placenta,1,,2_restricted
PSG8,placenta,1,,2_restricted
PSG9,placenta,1,,2_restricted
PSIP1,retina,1,,3_vital
PSKH1,parathyroid gland,1,,2_restricted
PSKH2,retina,1,,3_vital
PSMA1,skeletal muscle,1,,3_vital
PSMA2,"liver, skeletal muscle",2,,3_vital
PSMA3,"liver, skeletal muscle",2,,3_vital
PSMA4,skeletal muscle,1,,3_vital
PSMA5,liver,1,,3_vital
PSMA6,"skeletal muscle, thymus",2,0.02843721174056672,3_vital
PSMA7,skeletal muscle,1,,3_vital
PSMA8,testis,1,,1b_testis_CT
PSMB1,skeletal muscle,1,,3_vital
PSMB10,spleen,1,0.008623354327722758,1a_lymphoid
PSMB11,thymus,1,9.806481364057029e-96,1a_lymphoid
PSMB2,skeletal muscle,1,,3_vital
PSMB3,skeletal muscle,1,,3_vital
PSMB4,skeletal muscle,1,,3_vital
PSMB5,skeletal muscle,1,,3_vital
PSMB6,"skeletal muscle, tongue",2,,3_vital
PSMB7,skeletal muscle,1,,3_vital
PSMB8,spleen,1,0.0015182612473796182,1a_lymphoid
PSMB9,spleen,1,3.867960098485936e-10,1a_lymphoid
PSMC1,skeletal muscle,1,,3_vital
PSMC2,"skeletal muscle, tongue",2,,3_vital
PSMC3,skeletal muscle,1,,3_vital
PSMC3IP,testis,1,,1b_testis_CT
PSMC4,skeletal muscle,1,,3_vital
PSMC5,skeletal muscle,1,,3_vital
PSMC6,"skeletal muscle, tongue",2,,3_vital
PSMD1,skeletal muscle,1,,3_vital
PSMD10,hypothalamus,1,,3_vital
PSMD11,skeletal muscle,1,,3_vital
PSMD12,"skeletal muscle, tongue",2,,3_vital
PSMD13,skeletal muscle,1,,3_vital
PSMD14,skeletal muscle,1,,3_vital
PSMD2,skeletal muscle,1,,3_vital
PSMD3,skeletal muscle,1,,3_vital
PSMD4,skeletal muscle,1,,3_vital
PSMD5,,0,,4_broad
PSMD6,pancreas,1,,3_vital
PSMD7,skeletal muscle,1,,3_vital
PSMD8,skeletal muscle,1,,3_vital
PSMD9,"bone marrow, skeletal muscle",2,0.03364569023034555,3_vital
PSME1,,0,,4_broad
PSME2,liver,1,,3_vital
PSME3,,0,,4_broad
PSME3IP1,bone marrow,1,4.602625756391527e-05,1a_lymphoid
PSME4,"skeletal muscle, tongue",2,,3_vital
PSMF1,"skeletal muscle, testis",2,,3_vital
PSMG1,testis,1,,1b_testis_CT
PSMG2,testis,1,,1b_testis_CT
PSMG3,,0,,4_broad
PSMG4,skeletal muscle,1,,3_vital
PSORS1C1,testis,1,,1b_testis_CT
PSORS1C2,skin,1,,2_restricted
PSPC1,bone marrow,1,8.545198789337321e-11,1a_lymphoid
PSPH,fallopian tube,1,,2_restricted
PSPN,cerebellum,1,,3_vital
PSRC1,spinal cord,1,,3_vital
PSTK,bone marrow,1,0.0004353541237797306,1a_lymphoid
PSTPIP1,"bone marrow, spleen",2,7.371410534188424e-12,1a_lymphoid
PSTPIP2,"bone marrow, spleen",2,1.1177533278534542e-06,1a_lymphoid
PTAFR,"appendix, bone marrow",2,5.213630379143737e-06,1a_lymphoid
PTAR1,bone marrow,1,1.5465129944906389e-07,1a_lymphoid
PTBP1,,0,,4_broad
PTBP2,colon,1,,2_restricted
PTBP3,,0,,4_broad
PTCD1,skeletal muscle,1,,3_vital
PTCD2,"choroid plexus, tongue",2,,3_vital
PTCD3,"skeletal muscle, tongue",2,,3_vital
PTCH1,cervix,1,,2_restricted
PTCH2,"parathyroid gland, salivary gland",2,,2_restricted
PTCHD1,cerebellum,1,,3_vital
PTCHD4,,0,,4_broad
PTCRA,thymus,1,1.7469001551636546e-61,1a_lymphoid
PTDSS1,parathyroid gland,1,,2_restricted
PTDSS2,testis,1,,1b_testis_CT
PTEN,cervix,1,,2_restricted
PTER,"cerebral cortex, kidney",2,,3_vital
PTF1A,pancreas,1,,3_vital
PTGDR,"rectum, spleen",2,0.011868047026939851,1a_lymphoid
PTGDR2,,0,,4_broad
PTGDS,heart muscle,1,,3_vital
PTGER1,kidney,1,,3_vital
PTGER2,bone marrow,1,2.1151906734293466e-07,1a_lymphoid
PTGER3,"endometrium, kidney",2,,3_vital
PTGER4,"bone marrow, pancreas",2,7.737314173261879e-09,3_vital
PTGES,"seminal vesicle, urinary bladder",2,,2_restricted
PTGES2,skeletal muscle,1,,3_vital
PTGES3,,0,,4_broad
PTGES3L,"skeletal muscle, tongue",2,,3_vital
PTGES3L-AARSD1,"skeletal muscle, tongue",2,,3_vital
PTGFR,"endometrium, tongue",2,,2_restricted
PTGFRN,"heart muscle, smooth muscle",2,,3_vital
PTGIR,"blood vessel, lung",2,,3_vital
PTGIS,blood vessel,1,,2_restricted
PTGR1,liver,1,,3_vital
PTGR2,"skeletal muscle, tongue",2,,3_vital
PTGR3,skeletal muscle,1,,3_vital
PTGS1,"skin, urinary bladder",2,,2_restricted
PTGS2,"bone marrow, seminal vesicle, urinary bladder",3,0.024627163158923118,1a_lymphoid
PTH,parathyroid gland,1,,2_restricted
PTH1R,kidney,1,,3_vital
PTH2,cerebellum,1,,3_vital
PTH2R,retina,1,,3_vital
PTHLH,parathyroid gland,1,,2_restricted
PTK2,blood vessel,1,,2_restricted
PTK2B,cerebellum,1,,3_vital
PTK6,esophagus,1,,2_restricted
PTK7,,0,,4_broad
PTMA,bone marrow,1,0.008064743109504002,1a_lymphoid
PTMS,liver,1,,3_vital
PTN,parathyroid gland,1,,2_restricted
PTOV1,,0,,4_broad
PTP4A1,"liver, skeletal muscle",2,,3_vital
PTP4A2,thymus,1,0.00017951593471862004,1a_lymphoid
PTP4A3,"heart muscle, skeletal muscle",2,,3_vital
PTPA,skeletal muscle,1,,3_vital
PTPDC1,basal ganglia,1,,3_vital
PTPMT1,,0,,4_broad
PTPN1,,0,,4_broad
PTPN11,,0,,4_broad
PTPN12,,0,,4_broad
PTPN13,retina,1,,3_vital
PTPN14,"skeletal muscle, skin",2,,3_vital
PTPN18,spleen,1,0.003595224115547758,1a_lymphoid
PTPN2,thymus,1,5.61715699841076e-08,1a_lymphoid
PTPN20,"testis, tongue",2,,2_restricted
PTPN21,skin,1,,2_restricted
PTPN22,bone marrow,1,1.965376053656675e-07,1a_lymphoid
PTPN23,,0,,4_broad
PTPN3,"skeletal muscle, tongue",2,,3_vital
PTPN4,"cerebellum, thyroid gland",2,,3_vital
PTPN5,basal ganglia,1,,3_vital
PTPN6,"lymph node, spleen",2,0.009356487194104682,1a_lymphoid
PTPN7,"bone marrow, thymus",2,0.0004815127149865544,1a_lymphoid
PTPN9,thyroid gland,1,,2_restricted
PTPRA,,0,,4_broad
PTPRB,tongue,1,,2_restricted
PTPRC,"appendix, lymph node",2,0.002097794680475493,1a_lymphoid
PTPRCAP,spleen,1,1.4605034347607247e-09,1a_lymphoid
PTPRD,"cerebellum, spinal cord",2,,3_vital
PTPRE,bone marrow,1,8.2656173608989e-08,1a_lymphoid
PTPRF,,0,,4_broad
PTPRG,"blood vessel, parathyroid gland",2,,2_restricted
PTPRH,"duodenum, small intestine",2,,2_restricted
PTPRJ,bone marrow,1,0.006625572337214546,1a_lymphoid
PTPRK,,0,,4_broad
PTPRM,,0,,4_broad
PTPRN,"hypothalamus, pituitary gland",2,,3_vital
PTPRN2,pancreas,1,,3_vital
PTPRO,"kidney, rectum",2,,3_vital
PTPRQ,kidney,1,,3_vital
PTPRR,"cerebellum, cerebral cortex",2,,3_vital
PTPRS,,0,,4_broad
PTPRT,"cerebral cortex, fallopian tube",2,,3_vital
PTPRU,cervix,1,,2_restricted
PTPRZ1,"amygdala, cerebral cortex",2,,3_vital
PTRH1,,0,,4_broad
PTRH2,"epididymis, liver",2,,3_vital
PTRHD1,,0,,4_broad
PTS,"adrenal gland, liver",2,,3_vital
PTTG1,"bone marrow, testis",2,0.01600050316682898,1a_lymphoid
PTTG1IP,blood vessel,1,,2_restricted
PTTG1IP2,testis,1,,1b_testis_CT
PTTG2,colon,1,,2_restricted
PTX3,"adipose tissue, urinary bladder",2,,2_restricted
PTX4,"bone marrow, testis",2,1.8158126438869684e-08,1a_lymphoid
PUDP,skeletal muscle,1,,3_vital
PUF60,,0,,4_broad
PUM1,bone marrow,1,0.007428271368665435,1a_lymphoid
PUM2,thymus,1,0.014479310096926405,1a_lymphoid
PUM3,,0,,4_broad
PURA,,0,,4_broad
PURB,"cerebellum, retina",2,,3_vital
PURG,cerebellum,1,,3_vital
PUS1,,0,,4_broad
PUS10,liver,1,,3_vital
PUS3,liver,1,,3_vital
PUS7,skeletal muscle,1,,3_vital
PUS7L,retina,1,,3_vital
PUSL1,,0,,4_broad
PVALB,parathyroid gland,1,,2_restricted
PVALEF,cerebellum,1,,3_vital
PVR,liver,1,,3_vital
PVRIG,thymus,1,1.6949037653205116e-10,1a_lymphoid
PWP1,choroid plexus,1,,3_vital
PWP2,,0,,4_broad
PWWP2A,cerebellum,1,,3_vital
PWWP2B,pancreas,1,,3_vital
PWWP3A,,0,,4_broad
PWWP3B,ovary,1,,2_restricted
PWWP4,basal ganglia,1,,3_vital
PXDC1,"blood vessel, liver",2,,3_vital
PXDN,smooth muscle,1,,2_restricted
PXDNL,heart muscle,1,,3_vital
PXK,spinal cord,1,,3_vital
PXMP2,liver,1,,3_vital
PXMP4,,0,,4_broad
PXN,skeletal muscle,1,,3_vital
PXT1,testis,1,,1b_testis_CT
PXYLP1,epididymis,1,,2_restricted
PYCARD,"skin, spleen",2,0.008291945175087702,1a_lymphoid
PYCR1,"pancreas, salivary gland",2,,3_vital
PYCR2,,0,,4_broad
PYCR3,,0,,4_broad
PYDC1,"basal ganglia, cerebellum, skin",3,,3_vital
PYDC2,,0,,4_broad
PYGB,,0,,4_broad
PYGL,liver,1,,3_vital
PYGM,skeletal muscle,1,,3_vital
PYGO1,"parathyroid gland, skeletal muscle",2,,3_vital
PYGO2,,0,,4_broad
PYHIN1,lymph node,1,1.69575773048375e-07,1a_lymphoid
PYM1,esophagus,1,,2_restricted
PYROXD1,,0,,4_broad
PYROXD2,salivary gland,1,,2_restricted
PYURF,,0,,4_broad
PYY,"colon, rectum",2,,2_restricted
PZP,liver,1,,3_vital
QARS1,,0,,4_broad
QDPR,"midbrain, spinal cord",2,,3_vital
QKI,spinal cord,1,,3_vital
QPCT,"adrenal gland, epididymis",2,,3_vital
QPCTL,,0,,4_broad
QPRT,liver,1,,3_vital
QRFP,colon,1,,2_restricted
QRFPR,hypothalamus,1,,3_vital
QRICH1,,0,,4_broad
QRICH2,testis,1,,1b_testis_CT
QRSL1,"skeletal muscle, tongue",2,,3_vital
QSER1,,0,,4_broad
QSOX1,,0,,4_broad
QSOX2,"cerebellum, pituitary gland",2,,3_vital
QTRT1,pancreas,1,,3_vital
QTRT2,,0,,4_broad
R3HCC1,spinal cord,1,,3_vital
R3HCC1L,testis,1,,1b_testis_CT
R3HDM1,cerebral cortex,1,,3_vital
R3HDM2,skeletal muscle,1,,3_vital
R3HDM4,"bone marrow, spleen",2,0.028319667735496247,1a_lymphoid
R3HDML,"duodenum, small intestine",2,,2_restricted
RAB10,"esophagus, skeletal muscle",2,,3_vital
RAB11A,esophagus,1,,2_restricted
RAB11B,,0,,4_broad
RAB11FIP1,lung,1,,3_vital
RAB11FIP2,"epididymis, seminal vesicle",2,,2_restricted
RAB11FIP3,kidney,1,,3_vital
RAB11FIP4,,0,,4_broad
RAB11FIP5,testis,1,,1b_testis_CT
RAB12,skeletal muscle,1,,3_vital
RAB13,choroid plexus,1,,3_vital
RAB14,liver,1,,3_vital
RAB15,"cerebellum, cerebral cortex",2,,3_vital
RAB17,liver,1,,3_vital
RAB18,,0,,4_broad
RAB19,bone marrow,1,0.025935920218274486,1a_lymphoid
RAB1A,bone marrow,1,0.005484142277914636,1a_lymphoid
RAB1B,skeletal muscle,1,,3_vital
RAB20,adrenal gland,1,,3_vital
RAB21,skeletal muscle,1,,3_vital
RAB22A,,0,,4_broad
RAB23,smooth muscle,1,,2_restricted
RAB24,,0,,4_broad
RAB25,esophagus,1,,2_restricted
RAB26,cerebellum,1,,3_vital
RAB27A,"bone marrow, stomach",2,0.02398779892132628,1a_lymphoid
RAB27B,stomach,1,,2_restricted
RAB28,retina,1,,3_vital
RAB29,kidney,1,,3_vital
RAB2A,skeletal muscle,1,,3_vital
RAB2B,,0,,4_broad
RAB30,tonsil,1,0.0011830305472746569,1a_lymphoid
RAB31,,0,,4_broad
RAB32,bone marrow,1,1.7981968703026719e-12,1a_lymphoid
RAB33A,spinal cord,1,,3_vital
RAB33B,liver,1,,3_vital
RAB34,blood vessel,1,,2_restricted
RAB35,,0,,4_broad
RAB36,fallopian tube,1,,2_restricted
RAB37,cerebellum,1,,3_vital
RAB38,"esophagus, skin",2,,2_restricted
RAB39A,cerebral cortex,1,,3_vital
RAB39B,,0,,4_broad
RAB3A,cerebral cortex,1,,3_vital
RAB3B,"hypothalamus, pituitary gland, prostate",3,,3_vital
RAB3C,"cerebral cortex, hypothalamus",2,,3_vital
RAB3D,"pancreas, skin",2,,3_vital
RAB3GAP1,,0,,4_broad
RAB3GAP2,parathyroid gland,1,,2_restricted
RAB3IL1,testis,1,,1b_testis_CT
RAB3IP,"choroid plexus, retina",2,,3_vital
RAB40A,"epididymis, esophagus",2,,2_restricted
RAB40AL,cerebellum,1,,3_vital
RAB40B,basal ganglia,1,,3_vital
RAB40C,skin,1,,2_restricted
RAB41,retina,1,,3_vital
RAB42,thymus,1,1.50602615127e-21,1a_lymphoid
RAB43,liver,1,,3_vital
RAB44,bone marrow,1,6.497727790172768e-67,1a_lymphoid
RAB4A,,0,,4_broad
RAB4B,spinal cord,1,,3_vital
RAB5A,spinal cord,1,,3_vital
RAB5B,,0,,4_broad
RAB5C,bone marrow,1,0.00265801463330332,1a_lymphoid
RAB5IF,"esophagus, skeletal muscle",2,,3_vital
RAB6A,cerebral cortex,1,,3_vital
RAB6B,cerebral cortex,1,,3_vital
RAB6C,parathyroid gland,1,,2_restricted
RAB6D,parathyroid gland,1,,2_restricted
RAB7A,skeletal muscle,1,,3_vital
RAB7B,skin,1,,2_restricted
RAB8A,,0,,4_broad
RAB8B,bone marrow,1,5.679553808380327e-07,1a_lymphoid
RAB9A,"adrenal gland, bone marrow",2,0.005785862461808039,3_vital
RAB9B,"cerebellum, heart muscle",2,,3_vital
RABAC1,,0,,4_broad
RABEP1,skeletal muscle,1,,3_vital
RABEP2,"lymph node, spleen",2,0.0012543745600036864,1a_lymphoid
RABEPK,liver,1,,3_vital
RABGAP1,blood vessel,1,,2_restricted
RABGAP1L,heart muscle,1,,3_vital
RABGEF1,"bone marrow, retina",2,1.8516170452180318e-11,3_vital
RABGGTA,esophagus,1,,2_restricted
RABGGTB,,0,,4_broad
RABIF,testis,1,,1b_testis_CT
RABL2A,fallopian tube,1,,2_restricted
RABL2B,"epididymis, fallopian tube",2,,2_restricted
RABL3,,0,,4_broad
RABL6,skeletal muscle,1,,3_vital
RAC1,"esophagus, spinal cord",2,,3_vital
RAC2,"bone marrow, lymph node",2,0.006510403376148106,1a_lymphoid
RAC3,cerebellum,1,,3_vital
RACGAP1,"testis, thymus",2,0.016470303734433048,1a_lymphoid
RACK1,ovary,1,,2_restricted
RAD1,,0,,4_broad
RAD17,testis,1,,1b_testis_CT
RAD18,duodenum,1,,2_restricted
RAD21,thymus,1,0.00019734202167974788,1a_lymphoid
RAD21L1,testis,1,,1b_testis_CT
RAD23A,skeletal muscle,1,,3_vital
RAD23B,"liver, skeletal muscle",2,,3_vital
RAD50,,0,,4_broad
RAD51,testis,1,,1b_testis_CT
RAD51AP1,"bone marrow, thymus",2,0.00010525381397437487,1a_lymphoid
RAD51AP2,testis,1,,1b_testis_CT
RAD51B,salivary gland,1,,2_restricted
RAD51C,,0,,4_broad
RAD51D,,0,,4_broad
RAD52,skeletal muscle,1,,3_vital
RAD54B,retina,1,,3_vital
RAD54L,"testis, thymus",2,0.00010396459545966718,1a_lymphoid
RAD54L2,,0,,4_broad
RAD9A,,0,,4_broad
RAD9B,testis,1,,1b_testis_CT
RADIL,"cerebellum, testis",2,,3_vital
RADX,"hypothalamus, pituitary gland",2,,3_vital
RAE1,testis,1,,1b_testis_CT
RAET1E,esophagus,1,,2_restricted
RAET1G,esophagus,1,,2_restricted
RAET1L,esophagus,1,,2_restricted
RAF1,skeletal muscle,1,,3_vital
RAG1,thymus,1,8.465934482932536e-90,1a_lymphoid
RAG2,thymus,1,1.1411115411731571e-38,1a_lymphoid
RAI1,,0,,4_broad
RAI14,,0,,4_broad
RAI2,endometrium,1,,2_restricted
RALA,esophagus,1,,2_restricted
RALB,parathyroid gland,1,,2_restricted
RALBP1,skin,1,,2_restricted
RALGAPA1,retina,1,,3_vital
RALGAPA2,skeletal muscle,1,,3_vital
RALGAPB,parathyroid gland,1,,2_restricted
RALGDS,spinal cord,1,,3_vital
RALGPS1,cerebellum,1,,3_vital
RALGPS2,testis,1,,1b_testis_CT
RALY,,0,,4_broad
RALYL,cerebellum,1,,3_vital
RAMAC,,0,,4_broad
RAMACL,,0,,4_broad
RAMP1,endometrium,1,,2_restricted
RAMP2,"adipose tissue, breast",2,,2_restricted
RAMP3,lung,1,,3_vital
RAN,thymus,1,0.009837573375292992,1a_lymphoid
RANBP1,,0,,4_broad
RANBP10,bone marrow,1,2.7877022120825765e-05,1a_lymphoid
RANBP17,"pancreas, testis",2,,3_vital
RANBP2,bone marrow,1,0.005614331888730403,1a_lymphoid
RANBP3,,0,,4_broad
RANBP3L,"basal ganglia, kidney",2,,3_vital
RANBP6,bone marrow,1,4.747116591529919e-05,1a_lymphoid
RANBP9,testis,1,,1b_testis_CT
RANGAP1,testis,1,,1b_testis_CT
RANGRF,testis,1,,1b_testis_CT
RAP1A,,0,,4_broad
RAP1B,bone marrow,1,0.007442591454048255,1a_lymphoid
RAP1GAP,basal ganglia,1,,3_vital
RAP1GAP2,pancreas,1,,3_vital
RAP1GDS1,,0,,4_broad
RAP2A,cerebral cortex,1,,3_vital
RAP2B,"bone marrow, esophagus",2,0.0020227091366794817,1a_lymphoid
RAP2C,endometrium,1,,2_restricted
RAPGEF1,skeletal muscle,1,,3_vital
RAPGEF2,bone marrow,1,0.00010101564255915238,1a_lymphoid
RAPGEF3,,0,,4_broad
RAPGEF4,"amygdala, cerebral cortex, hippocampal formation",3,,3_vital
RAPGEF5,parathyroid gland,1,,2_restricted
RAPGEF6,"cerebellum, lymph node",2,0.01075764529718892,3_vital
RAPGEFL1,"esophagus, skin",2,,2_restricted
RAPH1,liver,1,,3_vital
RAPSN,skeletal muscle,1,,3_vital
RARA,,0,,4_broad
RARB,,0,,4_broad
RARG,"esophagus, skin",2,,2_restricted
RARRES1,"adipose tissue, fallopian tube, salivary gland",3,,2_restricted
RARRES2,"adrenal gland, liver",2,,3_vital
RARS1,,0,,4_broad
RARS2,,0,,4_broad
RASA1,placenta,1,,2_restricted
RASA2,"bone marrow, lymph node",2,0.018980039700695606,1a_lymphoid
RASA3,adipose tissue,1,,2_restricted
RASA4,skeletal muscle,1,,3_vital
RASA4B,skeletal muscle,1,,3_vital
RASAL1,parathyroid gland,1,,2_restricted
RASAL2,retina,1,,3_vital
RASAL3,"lymph node, spleen",2,0.00022971289816846216,1a_lymphoid
RASD1,pituitary gland,1,,3_vital
RASD2,basal ganglia,1,,3_vital
RASEF,stomach,1,,2_restricted
RASGEF1A,"basal ganglia, cerebral cortex",2,,3_vital
RASGEF1B,"bone marrow, liver",2,0.02248133028018812,3_vital
RASGEF1C,cerebellum,1,,3_vital
RASGRF1,cerebellum,1,,3_vital
RASGRF2,retina,1,,3_vital
RASGRP1,thymus,1,4.3291796079592456e-06,1a_lymphoid
RASGRP2,"bone marrow, spleen",2,0.0023067611987091304,1a_lymphoid
RASGRP3,"skeletal muscle, spinal cord",2,,3_vital
RASGRP4,bone marrow,1,1.7638559694815207e-13,1a_lymphoid
RASIP1,lung,1,,3_vital
RASL10A,"amygdala, cerebral cortex",2,,3_vital
RASL10B,basal ganglia,1,,3_vital
RASL11A,blood vessel,1,,2_restricted
RASL11B,ovary,1,,2_restricted
RASL12,blood vessel,1,,2_restricted
RASSF1,bone marrow,1,0.006909906041582786,1a_lymphoid
RASSF10,"esophagus, skin",2,,2_restricted
RASSF2,spinal cord,1,,3_vital
RASSF3,"blood vessel, colon",2,,2_restricted
RASSF4,kidney,1,,3_vital
RASSF5,"bone marrow, thymus",2,0.00018534199787613334,1a_lymphoid
RASSF6,"stomach, thymus",2,0.002888652091698175,1a_lymphoid
RASSF7,kidney,1,,3_vital
RASSF8,testis,1,,1b_testis_CT
RASSF9,fallopian tube,1,,2_restricted
RAVER1,,0,,4_broad
RAVER2,,0,,4_broad
RAX,retina,1,,3_vital
RAX2,retina,1,,3_vital
RB1,,0,,4_broad
RB1CC1,bone marrow,1,0.0016725906404973932,1a_lymphoid
RBAK,retina,1,,3_vital
RBAK-RBAKDN,testis,1,,1b_testis_CT
RBBP4,"testis, tonsil",2,0.0001667443125119845,1a_lymphoid
RBBP5,,0,,4_broad
RBBP6,bone marrow,1,3.960289610736948e-20,1a_lymphoid
RBBP7,"adrenal gland, epididymis",2,,3_vital
RBBP8,choroid plexus,1,,3_vital
RBBP8NL,esophagus,1,,2_restricted
RBBP9,"liver, thyroid gland",2,,3_vital
RBCK1,liver,1,,3_vital
RBFA,liver,1,,3_vital
RBFOX1,"cerebral cortex, skeletal muscle",2,,3_vital
RBFOX2,cerebellum,1,,3_vital
RBFOX3,cerebellum,1,,3_vital
RBIS,,0,,4_broad
RBKS,liver,1,,3_vital
RBL1,bone marrow,1,3.243682466783961e-06,1a_lymphoid
RBL2,,0,,4_broad
RBM10,cerebellum,1,,3_vital
RBM11,epididymis,1,,2_restricted
RBM12,thymus,1,0.027967734297773172,1a_lymphoid
RBM12B,retina,1,,3_vital
RBM14,,0,,4_broad
RBM14-RBM4,"bone marrow, heart muscle, liver",3,0.012628419173590068,3_vital
RBM15,bone marrow,1,2.5683012045664052e-21,1a_lymphoid
RBM15B,,0,,4_broad
RBM17,bone marrow,1,0.00012871135086498582,1a_lymphoid
RBM18,"skeletal muscle, tongue",2,,3_vital
RBM19,thyroid gland,1,,2_restricted
RBM20,heart muscle,1,,3_vital
RBM22,bone marrow,1,1.8821595866339026e-08,1a_lymphoid
RBM23,parathyroid gland,1,,2_restricted
RBM24,skeletal muscle,1,,3_vital
RBM25,bone marrow,1,1.342341439273425e-06,1a_lymphoid
RBM26,,0,,4_broad
RBM27,bone marrow,1,0.00016674567237131912,1a_lymphoid
RBM28,skeletal muscle,1,,3_vital
RBM3,bone marrow,1,0.01143451784041029,1a_lymphoid
RBM33,bone marrow,1,0.00010393650600484443,1a_lymphoid
RBM34,bone marrow,1,2.4341137144761997e-05,1a_lymphoid
RBM38,"bone marrow, skeletal muscle",2,1.980397304386199e-05,3_vital
RBM39,bone marrow,1,2.5028914761992814e-18,1a_lymphoid
RBM4,,0,,4_broad
RBM41,,0,,4_broad
RBM42,,0,,4_broad
RBM43,ovary,1,,2_restricted
RBM44,testis,1,,1b_testis_CT
RBM45,choroid plexus,1,,3_vital
RBM46,testis,1,,1b_testis_CT
RBM47,,0,,4_broad
RBM48,bone marrow,1,0.00029737628613594823,1a_lymphoid
RBM4B,cerebellum,1,,3_vital
RBM5,ovary,1,,2_restricted
RBM6,,0,,4_broad
RBM7,bone marrow,1,5.92545995251819e-09,1a_lymphoid
RBM8A,"bone marrow, skeletal muscle",2,0.0022543076655084614,3_vital
RBMS1,placenta,1,,2_restricted
RBMS2,lung,1,,3_vital
RBMS3,blood vessel,1,,2_restricted
RBMX,"ovary, thymus",2,0.034719772738918284,1a_lymphoid
RBMX2,choroid plexus,1,,3_vital
RBMXL1,bone marrow,1,0.0001429782224200016,1a_lymphoid
RBMXL2,testis,1,,1b_testis_CT
RBMXL3,testis,1,,1b_testis_CT
RBMY1A1,testis,1,,1b_testis_CT
RBMY1B,testis,1,,1b_testis_CT
RBMY1D,testis,1,,1b_testis_CT
RBMY1E,testis,1,,1b_testis_CT
RBMY1F,testis,1,,1b_testis_CT
RBMY1J,testis,1,,1b_testis_CT
RBP1,"choroid plexus, ovary",2,,3_vital
RBP2,"duodenum, small intestine",2,,2_restricted
RBP3,retina,1,,3_vital
RBP4,liver,1,,3_vital
RBP5,"kidney, liver",2,,3_vital
RBP7,"adipose tissue, breast",2,,2_restricted
RBPJ,"bone marrow, placenta",2,0.031516638788440805,1a_lymphoid
RBPJL,pancreas,1,,3_vital
RBPMS,blood vessel,1,,2_restricted
RBPMS2,heart muscle,1,,3_vital
RBSN,,0,,4_broad
RBX1,,0,,4_broad
RC3H1,bone marrow,1,7.104978914695822e-10,1a_lymphoid
RC3H2,bone marrow,1,2.89346211671442e-07,1a_lymphoid
RCAN1,parathyroid gland,1,,2_restricted
RCAN2,"blood vessel, heart muscle, tongue",3,,3_vital
RCAN3,"cerebellum, prostate",2,,3_vital
RCBTB1,"parathyroid gland, retina",2,,3_vital
RCBTB2,thyroid gland,1,,2_restricted
RCC1,bone marrow,1,0.005949802246712323,1a_lymphoid
RCC1L,skeletal muscle,1,,3_vital
RCC2,"esophagus, skin",2,,2_restricted
RCCD1,cerebellum,1,,3_vital
RCE1,cerebellum,1,,3_vital
RCHY1,tongue,1,,2_restricted
RCL1,liver,1,,3_vital
RCN1,epididymis,1,,2_restricted
RCN2,epididymis,1,,2_restricted
RCN3,blood vessel,1,,2_restricted
RCOR1,"bone marrow, esophagus",2,1.3056789804752052e-06,1a_lymphoid
RCOR2,"cerebellum, cerebral cortex",2,,3_vital
RCOR3,"skeletal muscle, tongue",2,,3_vital
RCSD1,"skeletal muscle, thymus",2,0.01897800768678504,3_vital
RCVRN,retina,1,,3_vital
RD3,retina,1,,3_vital
RD3L,"heart muscle, retina",2,,3_vital
RDH10,"retina, urinary bladder",2,,3_vital
RDH11,prostate,1,,2_restricted
RDH12,retina,1,,3_vital
RDH13,"esophagus, skin",2,,2_restricted
RDH14,"heart muscle, skeletal muscle, tongue",3,,3_vital
RDH16,liver,1,,3_vital
RDH5,"adipose tissue, liver",2,,3_vital
RDH8,retina,1,,3_vital
RDM1,testis,1,,1b_testis_CT
RDX,adrenal gland,1,,3_vital
REC114,testis,1,,1b_testis_CT
REC8,pituitary gland,1,,3_vital
RECK,,0,,4_broad
RECQL,,0,,4_broad
RECQL4,"bone marrow, testis",2,0.00030334159112817635,1a_lymphoid
RECQL5,,0,,4_broad
REELD1,spleen,1,0.003736958145121694,1a_lymphoid
REEP1,testis,1,,1b_testis_CT
REEP2,,0,,4_broad
REEP3,,0,,4_broad
REEP4,"esophagus, skin",2,,2_restricted
REEP5,thyroid gland,1,,2_restricted
REEP6,"liver, testis",2,,3_vital
REG1A,pancreas,1,,3_vital
REG1B,pancreas,1,,3_vital
REG3A,"pancreas, small intestine",2,,3_vital
REG3G,pancreas,1,,3_vital
REG4,small intestine,1,,2_restricted
REL,bone marrow,1,3.879466967714452e-09,1a_lymphoid
RELA,,0,,4_broad
RELB,bone marrow,1,0.0023145853844474353,1a_lymphoid
RELCH,esophagus,1,,2_restricted
RELL1,"bone marrow, spinal cord",2,0.046535441834757205,3_vital
RELL2,cerebral cortex,1,,3_vital
RELN,cerebellum,1,,3_vital
RELT,bone marrow,1,4.330993459569838e-32,1a_lymphoid
REM1,cervix,1,,2_restricted
REM2,"basal ganglia, bone marrow",2,0.0002010462468651803,3_vital
REN,kidney,1,,3_vital
RENBP,spleen,1,1.9437519252280835e-07,1a_lymphoid
REP15,"rectum, stomach",2,,2_restricted
REPIN1,skeletal muscle,1,,3_vital
REPS1,,0,,4_broad
REPS2,,0,,4_broad
RER1,liver,1,,3_vital
RERE,skeletal muscle,1,,3_vital
RERG,endometrium,1,,2_restricted
RERGL,blood vessel,1,,2_restricted
RESF1,,0,,4_broad
RESP18,basal ganglia,1,,3_vital
REST,bone marrow,1,0.0005434191847623836,1a_lymphoid
RET,"adrenal gland, parathyroid gland",2,,3_vital
RETN,bone marrow,1,6.411034065770202e-27,1a_lymphoid
RETNLB,rectum,1,,2_restricted
RETREG1,"heart muscle, skeletal muscle",2,,3_vital
RETREG2,testis,1,,1b_testis_CT
RETREG3,,0,,4_broad
RETSAT,adipose tissue,1,,2_restricted
REV1,"cerebellum, tongue",2,,3_vital
REV3L,retina,1,,3_vital
REX1BD,,0,,4_broad
REXO1,testis,1,,1b_testis_CT
REXO2,parathyroid gland,1,,2_restricted
REXO4,skeletal muscle,1,,3_vital
REXO5,testis,1,,1b_testis_CT
RFC1,,0,,4_broad
RFC2,tonsil,1,0.003868651656824365,1a_lymphoid
RFC3,"lymph node, thymus",2,0.02979830645139874,1a_lymphoid
RFC4,bone marrow,1,0.0028931343373769154,1a_lymphoid
RFC5,bone marrow,1,1.4160427687271124e-06,1a_lymphoid
RFESD,"bone marrow, testis",2,6.81328104595903e-10,1a_lymphoid
RFFL,spinal cord,1,,3_vital
RFK,,0,,4_broad
RFLNA,stomach,1,,2_restricted
RFLNB,bone marrow,1,5.199736026073003e-21,1a_lymphoid
RFNG,liver,1,,3_vital
RFPL1,cerebral cortex,1,,3_vital
RFPL2,"cerebral cortex, prostate",2,,3_vital
RFPL3,testis,1,,1b_testis_CT
RFPL4A,liver,1,,3_vital
RFPL4AL1,liver,1,,3_vital
RFPL4B,testis,1,,1b_testis_CT
RFT1,pancreas,1,,3_vital
RFTN1,"lymph node, tonsil",2,0.003635364301844871,1a_lymphoid
RFTN2,"cerebral cortex, spinal cord",2,,3_vital
RFWD3,bone marrow,1,8.462420396373824e-09,1a_lymphoid
RFX1,testis,1,,1b_testis_CT
RFX2,testis,1,,1b_testis_CT
RFX3,testis,1,,1b_testis_CT
RFX4,testis,1,,1b_testis_CT
RFX5,"lymph node, tonsil",2,0.0018596580534231666,1a_lymphoid
RFX6,"adrenal gland, stomach",2,,3_vital
RFX7,thymus,1,0.0006889704973269115,1a_lymphoid
RFX8,bone marrow,1,5.94206623599015e-19,1a_lymphoid
RFXANK,,0,,4_broad
RFXAP,,0,,4_broad
RGCC,lung,1,,3_vital
RGL1,spleen,1,0.0006065361915754321,1a_lymphoid
RGL2,spleen,1,0.00707195081497721,1a_lymphoid
RGL3,"kidney, parathyroid gland, thyroid gland",3,,3_vital
RGL4,bone marrow,1,9.597212100805573e-37,1a_lymphoid
RGMA,skeletal muscle,1,,3_vital
RGMB,stomach,1,,2_restricted
RGN,liver,1,,3_vital
RGP1,"parathyroid gland, tongue",2,,2_restricted
RGPD1,testis,1,,1b_testis_CT
RGPD2,"liver, testis",2,,3_vital
RGPD3,testis,1,,1b_testis_CT
RGPD4,testis,1,,1b_testis_CT
RGPD5,testis,1,,1b_testis_CT
RGPD6,testis,1,,1b_testis_CT
RGPD8,testis,1,,1b_testis_CT
RGR,retina,1,,3_vital
RGS1,spinal cord,1,,3_vital
RGS10,thymus,1,1.2892118145193272e-07,1a_lymphoid
RGS11,cerebellum,1,,3_vital
RGS12,esophagus,1,,2_restricted
RGS13,"lymph node, tonsil",2,7.949739315087606e-10,1a_lymphoid
RGS14,basal ganglia,1,,3_vital
RGS16,thyroid gland,1,,2_restricted
RGS17,cerebellum,1,,3_vital
RGS18,spleen,1,2.6829831097644454e-08,1a_lymphoid
RGS19,"bone marrow, spleen",2,2.647560433716011e-07,1a_lymphoid
RGS2,bone marrow,1,0.015797884769190154,1a_lymphoid
RGS20,"amygdala, basal ganglia, cerebral cortex",3,,3_vital
RGS21,,0,,4_broad
RGS22,testis,1,,1b_testis_CT
RGS3,choroid plexus,1,,3_vital
RGS4,cerebral cortex,1,,3_vital
RGS5,blood vessel,1,,2_restricted
RGS6,cerebral cortex,1,,3_vital
RGS7,"cerebellum, cerebral cortex",2,,3_vital
RGS7BP,cerebral cortex,1,,3_vital
RGS8,"basal ganglia, retina",2,,3_vital
RGS9,basal ganglia,1,,3_vital
RGS9BP,"choroid plexus, retina",2,,3_vital
RGSL1,testis,1,,1b_testis_CT
RHAG,bone marrow,1,1.806071939851263e-74,1a_lymphoid
RHBDD1,thymus,1,2.2381705415928138e-07,1a_lymphoid
RHBDD2,,0,,4_broad
RHBDD3,,0,,4_broad
RHBDF1,blood vessel,1,,2_restricted
RHBDF2,spleen,1,0.018640239967026167,1a_lymphoid
RHBDL1,"cerebellum, cerebral cortex",2,,3_vital
RHBDL2,esophagus,1,,2_restricted
RHBDL3,retina,1,,3_vital
RHBG,kidney,1,,3_vital
RHCE,bone marrow,1,6.476893020056074e-37,1a_lymphoid
RHCG,esophagus,1,,2_restricted
RHD,bone marrow,1,5.765046526184933e-24,1a_lymphoid
RHEB,,0,,4_broad
RHEBL1,cerebral cortex,1,,3_vital
RHEX,cervix,1,,2_restricted
RHNO1,thymus,1,0.020191915770912706,1a_lymphoid
RHO,retina,1,,3_vital
RHOA,blood vessel,1,,2_restricted
RHOB,blood vessel,1,,2_restricted
RHOBTB1,skeletal muscle,1,,3_vital
RHOBTB2,"cerebral cortex, lung",2,,3_vital
RHOBTB3,pancreas,1,,3_vital
RHOC,parathyroid gland,1,,2_restricted
RHOD,"esophagus, liver",2,,3_vital
RHOF,bone marrow,1,0.019544889987306736,1a_lymphoid
RHOG,bone marrow,1,5.3812655195366865e-08,1a_lymphoid
RHOH,"lymph node, thymus, tonsil",3,0.0020771203281406757,1a_lymphoid
RHOJ,smooth muscle,1,,2_restricted
RHOQ,"skeletal muscle, tongue",2,,3_vital
RHOT1,retina,1,,3_vital
RHOT2,,0,,4_broad
RHOU,spinal cord,1,,3_vital
RHOV,"esophagus, skin",2,,2_restricted
RHOXF1,"cerebellum, testis",2,,3_vital
RHOXF2,testis,1,,1b_testis_CT
RHOXF2B,testis,1,,1b_testis_CT
RHPN1,,0,,4_broad
RHPN2,stomach,1,,2_restricted
RIBC1,"choroid plexus, fallopian tube, testis",3,,3_vital
RIBC2,testis,1,,1b_testis_CT
RIC1,,0,,4_broad
RIC3,"cerebellum, retina",2,,3_vital
RIC8A,,0,,4_broad
RIC8B,basal ganglia,1,,3_vital
RICTOR,"bone marrow, retina",2,0.00041179323774394886,3_vital
RIDA,liver,1,,3_vital
RIF1,bone marrow,1,1.1634579238870347e-07,1a_lymphoid
RIGI,thymus,1,2.6566903586188046e-05,1a_lymphoid
RIIAD1,fallopian tube,1,,2_restricted
RILP,"heart muscle, skeletal muscle",2,,3_vital
RILPL1,"heart muscle, skeletal muscle",2,,3_vital
RILPL2,bone marrow,1,5.6830531701161755e-11,1a_lymphoid
RIMBP2,"parathyroid gland, pituitary gland",2,,3_vital
RIMBP3,testis,1,,1b_testis_CT
RIMBP3B,testis,1,,1b_testis_CT
RIMBP3C,testis,1,,1b_testis_CT
RIMKLA,"cerebral cortex, retina",2,,3_vital
RIMKLB,blood vessel,1,,2_restricted
RIMOC1,,0,,4_broad
RIMS1,cerebellum,1,,3_vital
RIMS2,retina,1,,3_vital
RIMS3,cerebral cortex,1,,3_vital
RIMS4,"basal ganglia, cerebral cortex",2,,3_vital
RIN1,skin,1,,2_restricted
RIN2,,0,,4_broad
RIN3,bone marrow,1,5.231192547516948e-09,1a_lymphoid
RING1,pituitary gland,1,,3_vital
RINL,spleen,1,0.028887240600128518,1a_lymphoid
RINT1,,0,,4_broad
RIOK1,bone marrow,1,0.023955316649942035,1a_lymphoid
RIOK2,"bone marrow, skeletal muscle",2,0.0450382222186483,3_vital
RIOK3,bone marrow,1,1.3669531165005321e-10,1a_lymphoid
RIOX1,testis,1,,1b_testis_CT
RIOX2,thyroid gland,1,,2_restricted
RIPK1,,0,,4_broad
RIPK2,,0,,4_broad
RIPK3,spleen,1,0.040943156297563996,1a_lymphoid
RIPK4,esophagus,1,,2_restricted
RIPOR1,,0,,4_broad
RIPOR2,"lymph node, tonsil",2,0.0017236237313701934,1a_lymphoid
RIPOR3,"cervix, kidney",2,,3_vital
RIPPLY1,"kidney, liver",2,,3_vital
RIPPLY2,cerebellum,1,,3_vital
RIPPLY3,"kidney, parathyroid gland",2,,3_vital
RIT1,bone marrow,1,2.992397320608745e-11,1a_lymphoid
RIT2,cerebellum,1,,3_vital
RITA1,liver,1,,3_vital
RLBP1,retina,1,,3_vital
RLF,bone marrow,1,2.1919000094814681e-13,1a_lymphoid
RLIM,bone marrow,1,5.446073094803044e-20,1a_lymphoid
RLN1,prostate,1,,2_restricted
RLN2,fallopian tube,1,,2_restricted
RLN3,"parathyroid gland, testis",2,,2_restricted
RMC1,bone marrow,1,0.011908960745496857,1a_lymphoid
RMDN1,"skeletal muscle, tongue",2,,3_vital
RMDN2,"adrenal gland, liver",2,,3_vital
RMDN3,,0,,4_broad
RMI1,,0,,4_broad
RMI2,"lymph node, thymus, tonsil",3,0.0027225293188199726,1a_lymphoid
RMND1,"kidney, liver",2,,3_vital
RMND5A,"cerebellum, skeletal muscle",2,,3_vital
RMND5B,"esophagus, testis",2,,2_restricted
RNASE1,pancreas,1,,3_vital
RNASE10,,0,,4_broad
RNASE11,epididymis,1,,2_restricted
RNASE12,epididymis,1,,2_restricted
RNASE13,epididymis,1,,2_restricted
RNASE2,bone marrow,1,6.425734736681795e-79,1a_lymphoid
RNASE3,bone marrow,1,1.0497723598458651e-88,1a_lymphoid
RNASE4,liver,1,,3_vital
RNASE6,lymph node,1,0.0018350303511848309,1a_lymphoid
RNASE7,esophagus,1,,2_restricted
RNASE8,salivary gland,1,,2_restricted
RNASE9,epididymis,1,,2_restricted
RNASEH1,,0,,4_broad
RNASEH2A,"bone marrow, thymus",2,0.0010208025289618577,1a_lymphoid
RNASEH2B,thymus,1,2.708006335129947e-14,1a_lymphoid
RNASEH2C,cerebellum,1,,3_vital
RNASEK,choroid plexus,1,,3_vital
RNASEK-C17orf49,,0,,4_broad
RNASEL,,0,,4_broad
RNASET2,,0,,4_broad
RND1,liver,1,,3_vital
RND2,"midbrain, spinal cord",2,,3_vital
RND3,"esophagus, liver",2,,3_vital
RNF10,skeletal muscle,1,,3_vital
RNF103,"cerebellum, liver",2,,3_vital
RNF103-CHMP3,"bone marrow, heart muscle",2,0.000318041557879144,3_vital
RNF11,cerebral cortex,1,,3_vital
RNF111,bone marrow,1,0.031065124193668577,1a_lymphoid
RNF112,cerebellum,1,,3_vital
RNF113A,bone marrow,1,0.0007213520018404901,1a_lymphoid
RNF113B,testis,1,,1b_testis_CT
RNF114,testis,1,,1b_testis_CT
RNF115,skeletal muscle,1,,3_vital
RNF121,parathyroid gland,1,,2_restricted
RNF122,ovary,1,,2_restricted
RNF123,"skeletal muscle, tongue",2,,3_vital
RNF125,bone marrow,1,0.00019876867430047734,1a_lymphoid
RNF126,skeletal muscle,1,,3_vital
RNF128,liver,1,,3_vital
RNF13,spinal cord,1,,3_vital
RNF130,"liver, spinal cord",2,,3_vital
RNF133,testis,1,,1b_testis_CT
RNF135,,0,,4_broad
RNF138,"bone marrow, testis",2,0.0003331433842572967,1a_lymphoid
RNF139,"bone marrow, testis",2,6.757023003332468e-10,1a_lymphoid
RNF14,parathyroid gland,1,,2_restricted
RNF141,"spinal cord, testis",2,,3_vital
RNF144A,cerebellum,1,,3_vital
RNF144B,"skeletal muscle, thyroid gland",2,,3_vital
RNF145,lung,1,,3_vital
RNF146,"cerebellum, skeletal muscle",2,,3_vital
RNF148,testis,1,,1b_testis_CT
RNF149,"bone marrow, spleen",2,0.002862984920486137,1a_lymphoid
RNF150,"retina, salivary gland",2,,3_vital
RNF151,testis,1,,1b_testis_CT
RNF152,kidney,1,,3_vital
RNF157,cerebral cortex,1,,3_vital
RNF165,"cerebellum, retina",2,,3_vital
RNF166,"bone marrow, spleen",2,6.258531910007868e-06,1a_lymphoid
RNF167,liver,1,,3_vital
RNF168,bone marrow,1,3.0226515599485444e-06,1a_lymphoid
RNF169,bone marrow,1,0.0002280026178266387,1a_lymphoid
RNF17,testis,1,,1b_testis_CT
RNF170,"retina, thyroid gland",2,,3_vital
RNF175,"basal ganglia, cerebral cortex",2,,3_vital
RNF180,parathyroid gland,1,,2_restricted
RNF181,,0,,4_broad
RNF182,cerebral cortex,1,,3_vital
RNF183,"epididymis, kidney",2,,3_vital
RNF185,"parathyroid gland, thyroid gland",2,,2_restricted
RNF186,duodenum,1,,2_restricted
RNF187,cerebral cortex,1,,3_vital
RNF19A,,0,,4_broad
RNF19B,"bone marrow, testis",2,0.00023183281874406675,1a_lymphoid
RNF2,"placenta, testis",2,,2_restricted
RNF20,,0,,4_broad
RNF207,heart muscle,1,,3_vital
RNF208,"cerebral cortex, hippocampal formation",2,,3_vital
RNF212,"pancreas, pituitary gland",2,,3_vital
RNF212B,kidney,1,,3_vital
RNF213,parathyroid gland,1,,2_restricted
RNF214,pancreas,1,,3_vital
RNF215,cerebellum,1,,3_vital
RNF216,,0,,4_broad
RNF217,parathyroid gland,1,,2_restricted
RNF220,spinal cord,1,,3_vital
RNF222,esophagus,1,,2_restricted
RNF223,esophagus,1,,2_restricted
RNF224,"esophagus, pituitary gland",2,,3_vital
RNF225,"esophagus, skin",2,,2_restricted
RNF227,skin,1,,2_restricted
RNF24,bone marrow,1,2.812001492458926e-17,1a_lymphoid
RNF25,,0,,4_broad
RNF26,,0,,4_broad
RNF31,skeletal muscle,1,,3_vital
RNF32,testis,1,,1b_testis_CT
RNF34,skeletal muscle,1,,3_vital
RNF38,testis,1,,1b_testis_CT
RNF39,skin,1,,2_restricted
RNF4,,0,,4_broad
RNF40,bone marrow,1,1.581210847175719e-05,1a_lymphoid
RNF41,,0,,4_broad
RNF43,duodenum,1,,2_restricted
RNF44,spleen,1,0.002980401334642231,1a_lymphoid
RNF5,liver,1,,3_vital
RNF6,"bone marrow, testis",2,0.038022339192383535,1a_lymphoid
RNF7,skeletal muscle,1,,3_vital
RNF8,"cerebellum, choroid plexus",2,,3_vital
RNFT1,testis,1,,1b_testis_CT
RNFT2,cerebral cortex,1,,3_vital
RNGTT,"lymph node, tonsil",2,0.003022370570439675,1a_lymphoid
RNH1,,0,,4_broad
RNLS,kidney,1,,3_vital
RNMT,bone marrow,1,3.394058872774765e-09,1a_lymphoid
RNPC3,retina,1,,3_vital
RNPEP,duodenum,1,,2_restricted
RNPEPL1,heart muscle,1,,3_vital
RNPS1,skeletal muscle,1,,3_vital
RO60,bone marrow,1,1.367005646944321e-10,1a_lymphoid
ROBO1,,0,,4_broad
ROBO2,"cerebral cortex, ovary",2,,3_vital
ROBO3,ovary,1,,2_restricted
ROBO4,"adipose tissue, spleen",2,0.005153094765083276,1a_lymphoid
ROCK1,"blood vessel, bone marrow",2,2.6645676178284758e-05,1a_lymphoid
ROCK2,,0,,4_broad
ROGDI,,0,,4_broad
ROM1,retina,1,,3_vital
ROMO1,,0,,4_broad
ROPN1,testis,1,,1b_testis_CT
ROPN1B,testis,1,,1b_testis_CT
ROPN1L,testis,1,,1b_testis_CT
ROR1,parathyroid gland,1,,2_restricted
ROR2,colon,1,,2_restricted
RORA,skin,1,,2_restricted
RORB,retina,1,,3_vital
RORC,skeletal muscle,1,,3_vital
ROS1,"epididymis, lung",2,,3_vital
RP1,retina,1,,3_vital
RP1L1,retina,1,,3_vital
RP2,bone marrow,1,2.1406053406881705e-10,1a_lymphoid
RP9,"skeletal muscle, tongue",2,,3_vital
RPA1,skeletal muscle,1,,3_vital
RPA2,skeletal muscle,1,,3_vital
RPA3,,0,,4_broad
RPA4,testis,1,,1b_testis_CT
RPAIN,skeletal muscle,1,,3_vital
RPAP1,skeletal muscle,1,,3_vital
RPAP2,"cerebellum, retina",2,,3_vital
RPAP3,"lymph node, tonsil",2,0.03175395517841841,1a_lymphoid
RPE,,0,,4_broad
RPE65,"midbrain, retina",2,,3_vital
RPEL1,"cerebellum, pituitary gland",2,,3_vital
RPF1,bone marrow,1,5.440510772230345e-05,1a_lymphoid
RPF2,skeletal muscle,1,,3_vital
RPGR,pituitary gland,1,,3_vital
RPGRIP1,retina,1,,3_vital
RPGRIP1L,testis,1,,1b_testis_CT
RPH3A,"cerebellum, cerebral cortex",2,,3_vital
RPH3AL,"pancreas, pituitary gland",2,,3_vital
RPIA,bone marrow,1,4.2397217123008766e-10,1a_lymphoid
RPL10,"ovary, pancreas",2,,3_vital
RPL10A,ovary,1,,2_restricted
RPL10L,testis,1,,1b_testis_CT
RPL11,ovary,1,,2_restricted
RPL12,ovary,1,,2_restricted
RPL13,ovary,1,,2_restricted
RPL13A,ovary,1,,2_restricted
RPL14,ovary,1,,2_restricted
RPL15,ovary,1,,2_restricted
RPL17,"ovary, pancreas",2,,3_vital
RPL17-C18orf32,spinal cord,1,,3_vital
RPL18,ovary,1,,2_restricted
RPL18A,,0,,4_broad
RPL19,,0,,4_broad
RPL21,ovary,1,,2_restricted
RPL22,bone marrow,1,0.017380376176546967,1a_lymphoid
RPL22L1,bone marrow,1,0.027448436350037034,1a_lymphoid
RPL23,ovary,1,,2_restricted
RPL23A,ovary,1,,2_restricted
RPL24,ovary,1,,2_restricted
RPL26,ovary,1,,2_restricted
RPL26L1,testis,1,,1b_testis_CT
RPL27,,0,,4_broad
RPL27A,,0,,4_broad
RPL28,,0,,4_broad
RPL29,,0,,4_broad
RPL3,"ovary, pancreas",2,,3_vital
RPL30,ovary,1,,2_restricted
RPL31,ovary,1,,2_restricted
RPL32,ovary,1,,2_restricted
RPL34,ovary,1,,2_restricted
RPL35,,0,,4_broad
RPL35A,ovary,1,,2_restricted
RPL36,ovary,1,,2_restricted
RPL36A,ovary,1,,2_restricted
RPL36A-HNRNPH2,ovary,1,,2_restricted
RPL36AL,pancreas,1,,3_vital
RPL37,ovary,1,,2_restricted
RPL37A,ovary,1,,2_restricted
RPL38,ovary,1,,2_restricted
RPL39,ovary,1,,2_restricted
RPL39L,testis,1,,1b_testis_CT
RPL3L,skeletal muscle,1,,3_vital
RPL4,,0,,4_broad
RPL41,ovary,1,,2_restricted
RPL5,ovary,1,,2_restricted
RPL6,ovary,1,,2_restricted
RPL7,ovary,1,,2_restricted
RPL7A,"ovary, pancreas",2,,3_vital
RPL7L1,,0,,4_broad
RPL8,,0,,4_broad
RPL9,ovary,1,,2_restricted
RPLP0,pancreas,1,,3_vital
RPLP1,"skeletal muscle, skin",2,,3_vital
RPLP2,,0,,4_broad
RPN1,epididymis,1,,2_restricted
RPN2,epididymis,1,,2_restricted
RPP14,"skeletal muscle, tongue",2,,3_vital
RPP21,,0,,4_broad
RPP25,parathyroid gland,1,,2_restricted
RPP25L,"skeletal muscle, tongue",2,,3_vital
RPP30,skeletal muscle,1,,3_vital
RPP38,testis,1,,1b_testis_CT
RPP40,adrenal gland,1,,3_vital
RPRD1A,epididymis,1,,2_restricted
RPRD1B,liver,1,,3_vital
RPRD2,skeletal muscle,1,,3_vital
RPRM,,0,,4_broad
RPRML,basal ganglia,1,,3_vital
RPS10,ovary,1,,2_restricted
RPS10-NUDT3,amygdala,1,,3_vital
RPS11,ovary,1,,2_restricted
RPS12,ovary,1,,2_restricted
RPS13,ovary,1,,2_restricted
RPS14,,0,,4_broad
RPS15,,0,,4_broad
RPS15A,,0,,4_broad
RPS16,ovary,1,,2_restricted
RPS17,,0,,4_broad
RPS18,ovary,1,,2_restricted
RPS19,,0,,4_broad
RPS19BP1,,0,,4_broad
RPS2,pancreas,1,,3_vital
RPS20,ovary,1,,2_restricted
RPS21,,0,,4_broad
RPS23,ovary,1,,2_restricted
RPS24,ovary,1,,2_restricted
RPS25,ovary,1,,2_restricted
RPS26,,0,,4_broad
RPS27,ovary,1,,2_restricted
RPS27A,ovary,1,,2_restricted
RPS27L,,0,,4_broad
RPS28,pancreas,1,,3_vital
RPS29,,0,,4_broad
RPS3,ovary,1,,2_restricted
RPS3A,ovary,1,,2_restricted
RPS4X,ovary,1,,2_restricted
RPS4Y1,,0,,4_broad
RPS4Y2,"prostate, testis",2,,2_restricted
RPS5,"ovary, pancreas",2,,3_vital
RPS6,ovary,1,,2_restricted
RPS6KA1,small intestine,1,,2_restricted
RPS6KA2,spinal cord,1,,3_vital
RPS6KA3,parathyroid gland,1,,2_restricted
RPS6KA4,cerebellum,1,,3_vital
RPS6KA5,tongue,1,,2_restricted
RPS6KA6,thyroid gland,1,,2_restricted
RPS6KB1,skeletal muscle,1,,3_vital
RPS6KB2,"esophagus, skin",2,,2_restricted
RPS6KC1,testis,1,,1b_testis_CT
RPS6KL1,cerebral cortex,1,,3_vital
RPS7,ovary,1,,2_restricted
RPS8,ovary,1,,2_restricted
RPS9,ovary,1,,2_restricted
RPSA,pancreas,1,,3_vital
RPTN,"skin, tonsil",2,4.369101207663389e-13,1a_lymphoid
RPTOR,skeletal muscle,1,,3_vital
RPUSD1,,0,,4_broad
RPUSD2,skeletal muscle,1,,3_vital
RPUSD3,skeletal muscle,1,,3_vital
RPUSD4,"skeletal muscle, tongue",2,,3_vital
RRAD,skeletal muscle,1,,3_vital
RRAGA,skeletal muscle,1,,3_vital
RRAGB,epididymis,1,,2_restricted
RRAGC,adipose tissue,1,,2_restricted
RRAGD,"skeletal muscle, tongue",2,,3_vital
RRAS,blood vessel,1,,2_restricted
RRAS2,,0,,4_broad
RRBP1,pancreas,1,,3_vital
RREB1,bone marrow,1,0.0035119366753548877,1a_lymphoid
RRH,retina,1,,3_vital
RRM1,thymus,1,0.0016676792196712534,1a_lymphoid
RRM2,"bone marrow, thymus",2,9.316639420293662e-05,1a_lymphoid
RRM2B,"parathyroid gland, thyroid gland",2,,2_restricted
RRN3,"skeletal muscle, tongue",2,,3_vital
RRP1,esophagus,1,,2_restricted
RRP12,bone marrow,1,4.154749143961611e-19,1a_lymphoid
RRP15,"skeletal muscle, tongue",2,,3_vital
RRP1B,retina,1,,3_vital
RRP36,skeletal muscle,1,,3_vital
RRP7A,epididymis,1,,2_restricted
RRP8,"colon, liver",2,,3_vital
RRP9,skeletal muscle,1,,3_vital
RRS1,"pancreas, skeletal muscle",2,,3_vital
RS1,retina,1,,3_vital
RSAD1,skeletal muscle,1,,3_vital
RSAD2,salivary gland,1,,2_restricted
RSBN1,bone marrow,1,1.1716648621775515e-11,1a_lymphoid
RSBN1L,"retina, testis",2,,3_vital
RSC1A1,liver,1,,3_vital
RSF1,,0,,4_broad
RSKR,retina,1,,3_vital
RSL1D1,ovary,1,,2_restricted
RSL24D1,bone marrow,1,8.936013843155823e-10,1a_lymphoid
RSPH1,"choroid plexus, fallopian tube",2,,3_vital
RSPH10B,testis,1,,1b_testis_CT
RSPH10B2,"fallopian tube, testis",2,,2_restricted
RSPH14,testis,1,,1b_testis_CT
RSPH3,"parathyroid gland, testis",2,,2_restricted
RSPH4A,"choroid plexus, fallopian tube",2,,3_vital
RSPH6A,testis,1,,1b_testis_CT
RSPH9,testis,1,,1b_testis_CT
RSPO1,"cervix, endometrium",2,,2_restricted
RSPO2,placenta,1,,2_restricted
RSPO3,smooth muscle,1,,2_restricted
RSPO4,"hypothalamus, lung",2,,3_vital
RSPRY1,,0,,4_broad
RSRC1,blood vessel,1,,2_restricted
RSRC2,bone marrow,1,4.9657824747033555e-19,1a_lymphoid
RSRP1,,0,,4_broad
RSU1,blood vessel,1,,2_restricted
RTBDN,retina,1,,3_vital
RTCA,,0,,4_broad
RTCB,,0,,4_broad
RTEL1,"cerebellum, pituitary gland",2,,3_vital
RTF1,"bone marrow, skeletal muscle",2,0.025739472901732407,3_vital
RTF2,skeletal muscle,1,,3_vital
RTKN,"liver, spinal cord",2,,3_vital
RTKN2,lung,1,,3_vital
RTL1,"hypothalamus, placenta",2,,3_vital
RTL10,skin,1,,2_restricted
RTL3,blood vessel,1,,2_restricted
RTL4,"kidney, liver",2,,3_vital
RTL5,"cerebellum, pituitary gland",2,,3_vital
RTL6,cerebral cortex,1,,3_vital
RTL8A,,0,,4_broad
RTL8B,blood vessel,1,,2_restricted
RTL8C,,0,,4_broad
RTL9,testis,1,,1b_testis_CT
RTN1,"cerebellum, cerebral cortex",2,,3_vital
RTN2,skeletal muscle,1,,3_vital
RTN3,cerebral cortex,1,,3_vital
RTN4,skeletal muscle,1,,3_vital
RTN4IP1,"skeletal muscle, tongue",2,,3_vital
RTN4R,"cerebellum, cerebral cortex",2,,3_vital
RTN4RL1,cerebral cortex,1,,3_vital
RTN4RL2,"cerebral cortex, liver, thyroid gland",3,,3_vital
RTP1,"cerebral cortex, hypothalamus",2,,3_vital
RTP2,"skeletal muscle, testis",2,,3_vital
RTP3,liver,1,,3_vital
RTP4,,0,,4_broad
RTP5,"hippocampal formation, hypothalamus",2,,3_vital
RTRAF,skeletal muscle,1,,3_vital
RTTN,,0,,4_broad
RUBCN,,0,,4_broad
RUBCNL,"lymph node, tonsil",2,0.0009691886181661167,1a_lymphoid
RUFY1,,0,,4_broad
RUFY2,"cerebellum, spinal cord",2,,3_vital
RUFY3,retina,1,,3_vital
RUFY4,spleen,1,0.0010637303989256175,1a_lymphoid
RUNDC1,basal ganglia,1,,3_vital
RUNDC3A,"cerebral cortex, hippocampal formation",2,,3_vital
RUNDC3B,adrenal gland,1,,3_vital
RUNX1,"bone marrow, salivary gland",2,0.002232495159820355,1a_lymphoid
RUNX1T1,cerebellum,1,,3_vital
RUNX2,"bone marrow, salivary gland",2,0.012501260041242697,1a_lymphoid
RUNX3,bone marrow,1,5.0260098639404876e-08,1a_lymphoid
RUSC1,cerebellum,1,,3_vital
RUSC2,,0,,4_broad
RUSF1,,0,,4_broad
RUVBL1,,0,,4_broad
RUVBL2,testis,1,,1b_testis_CT
RWDD1,skeletal muscle,1,,3_vital
RWDD2A,prostate,1,,2_restricted
RWDD2B,"skeletal muscle, tongue",2,,3_vital
RWDD3,heart muscle,1,,3_vital
RWDD4,"adrenal gland, ovary, skeletal muscle",3,,3_vital
RXFP1,cerebral cortex,1,,3_vital
RXFP2,"adrenal gland, fallopian tube",2,,3_vital
RXFP3,adrenal gland,1,,3_vital
RXFP4,"colon, rectum",2,,2_restricted
RXRA,"liver, skeletal muscle",2,,3_vital
RXRB,,0,,4_broad
RXRG,skeletal muscle,1,,3_vital
RXYLT1,heart muscle,1,,3_vital
RYBP,bone marrow,1,0.015758139207895483,1a_lymphoid
RYK,ovary,1,,2_restricted
RYR1,skeletal muscle,1,,3_vital
RYR2,heart muscle,1,,3_vital
RYR3,tongue,1,,2_restricted
S100A1,tongue,1,,2_restricted
S100A10,esophagus,1,,2_restricted
S100A11,esophagus,1,,2_restricted
S100A12,bone marrow,1,2.5180051773158335e-35,1a_lymphoid
S100A13,parathyroid gland,1,,2_restricted
S100A14,esophagus,1,,2_restricted
S100A16,esophagus,1,,2_restricted
S100A2,esophagus,1,,2_restricted
S100A3,skin,1,,2_restricted
S100A4,blood vessel,1,,2_restricted
S100A5,"skin, thyroid gland",2,,2_restricted
S100A6,,0,,4_broad
S100A7,"cervix, vagina",2,,2_restricted
S100A7A,"cervix, esophagus, tonsil",3,0.007102652240331209,1a_lymphoid
S100A8,"bone marrow, esophagus",2,0.00018787327015002038,1a_lymphoid
S100A9,"bone marrow, esophagus",2,3.551224492406284e-05,1a_lymphoid
S100B,spinal cord,1,,3_vital
S100G,duodenum,1,,2_restricted
S100P,"bone marrow, stomach, urinary bladder",3,0.019456223211728144,1a_lymphoid
S100PBP,testis,1,,1b_testis_CT
S100Z,"spleen, tonsil",2,0.0005007371011098345,1a_lymphoid
S1PR1,adipose tissue,1,,2_restricted
S1PR2,placenta,1,,2_restricted
S1PR3,blood vessel,1,,2_restricted
S1PR4,spleen,1,2.832757604691426e-16,1a_lymphoid
S1PR5,"midbrain, spinal cord",2,,3_vital
SAA1,liver,1,,3_vital
SAA2,liver,1,,3_vital
SAA2-SAA4,liver,1,,3_vital
SAA4,liver,1,,3_vital
SAAL1,bone marrow,1,0.0014145242905442444,1a_lymphoid
SAC3D1,testis,1,,1b_testis_CT
SACM1L,thyroid gland,1,,2_restricted
SACS,"parathyroid gland, tongue",2,,2_restricted
SAE1,colon,1,,2_restricted
SAFB,skeletal muscle,1,,3_vital
SAFB2,cerebellum,1,,3_vital
SAG,retina,1,,3_vital
SAGE1,testis,1,,1b_testis_CT
SAGSIN1,"skeletal muscle, testis",2,,3_vital
SALL1,"kidney, liver",2,,3_vital
SALL2,cerebellum,1,,3_vital
SALL3,,0,,4_broad
SALL4,"testis, thyroid gland",2,,2_restricted
SAMD1,,0,,4_broad
SAMD10,cerebellum,1,,3_vital
SAMD11,pituitary gland,1,,3_vital
SAMD12,,0,,4_broad
SAMD13,"colon, rectum, salivary gland",3,,2_restricted
SAMD14,cerebellum,1,,3_vital
SAMD15,"retina, testis",2,,3_vital
SAMD3,"lymph node, spleen",2,0.0004557445013028183,1a_lymphoid
SAMD4A,"skeletal muscle, spinal cord, testis",3,,3_vital
SAMD4B,,0,,4_broad
SAMD5,placenta,1,,2_restricted
SAMD7,retina,1,,3_vital
SAMD8,spinal cord,1,,3_vital
SAMD9,esophagus,1,,2_restricted
SAMD9L,spleen,1,0.0003103851432859923,1a_lymphoid
SAMHD1,,0,,4_broad
SAMM50,"skeletal muscle, tongue",2,,3_vital
SAMSN1,bone marrow,1,1.3057013142593361e-14,1a_lymphoid
SANBR,retina,1,,3_vital
SAP130,testis,1,,1b_testis_CT
SAP18,spinal cord,1,,3_vital
SAP25,spleen,1,4.272302462162021e-05,1a_lymphoid
SAP30,blood vessel,1,,2_restricted
SAP30BP,choroid plexus,1,,3_vital
SAP30L,,0,,4_broad
SAPCD1,skin,1,,2_restricted
SAPCD2,amygdala,1,,3_vital
SAR1A,bone marrow,1,3.921911095015745e-13,1a_lymphoid
SAR1B,"liver, skeletal muscle, tongue",3,,3_vital
SARAF,epididymis,1,,2_restricted
SARDH,liver,1,,3_vital
SARM1,cerebellum,1,,3_vital
SARNP,skeletal muscle,1,,3_vital
SARS1,pancreas,1,,3_vital
SARS2,,0,,4_broad
SART1,bone marrow,1,0.016435474096663575,1a_lymphoid
SART3,,0,,4_broad
SASH1,adipose tissue,1,,2_restricted
SASH3,"lymph node, thymus",2,0.02666888092152126,1a_lymphoid
SASS6,"bone marrow, testis",2,0.04213883373233374,1a_lymphoid
SAT1,lung,1,,3_vital
SAT2,"adrenal gland, liver",2,,3_vital
SATB1,thymus,1,5.079445346893171e-26,1a_lymphoid
SATB2,"colon, rectum",2,,2_restricted
SATL1,testis,1,,1b_testis_CT
SAV1,salivary gland,1,,2_restricted
SAXO1,testis,1,,1b_testis_CT
SAXO2,fallopian tube,1,,2_restricted
SAYSD1,testis,1,,1b_testis_CT
SBDS,"blood vessel, skeletal muscle",2,,3_vital
SBF1,hippocampal formation,1,,3_vital
SBF2,,0,,4_broad
SBK1,"cerebellum, skeletal muscle",2,,3_vital
SBK2,heart muscle,1,,3_vital
SBK3,heart muscle,1,,3_vital
SBNO1,testis,1,,1b_testis_CT
SBNO2,,0,,4_broad
SBSN,skin,1,,2_restricted
SBSPON,blood vessel,1,,2_restricted
SC5D,liver,1,,3_vital
SCAF1,,0,,4_broad
SCAF11,bone marrow,1,2.2372214185179424e-05,1a_lymphoid
SCAF4,,0,,4_broad
SCAF8,bone marrow,1,0.0020551360448842204,1a_lymphoid
SCAI,thymus,1,1.5924138435423122e-07,1a_lymphoid
SCAMP1,parathyroid gland,1,,2_restricted
SCAMP2,,0,,4_broad
SCAMP3,skeletal muscle,1,,3_vital
SCAMP4,spinal cord,1,,3_vital
SCAMP5,"cerebral cortex, retina",2,,3_vital
SCAND1,,0,,4_broad
SCAP,adrenal gland,1,,3_vital
SCAPER,retina,1,,3_vital
SCARA3,blood vessel,1,,2_restricted
SCARA5,"heart muscle, urinary bladder",2,,3_vital
SCARB1,adrenal gland,1,,3_vital
SCARB2,,0,,4_broad
SCARF1,spleen,1,0.0001891844831777693,1a_lymphoid
SCARF2,blood vessel,1,,2_restricted
SCART1,hippocampal formation,1,,3_vital
SCCPDH,"liver, spinal cord, testis",3,,3_vital
SCD,"adipose tissue, spinal cord",2,,3_vital
SCD5,,0,,4_broad
SCEL,"esophagus, skin",2,,2_restricted
SCFD1,salivary gland,1,,2_restricted
SCFD2,,0,,4_broad
SCG2,"adrenal gland, hypothalamus",2,,3_vital
SCG3,cerebral cortex,1,,3_vital
SCG5,"choroid plexus, pituitary gland",2,,3_vital
SCGB1A1,lung,1,,3_vital
SCGB1C1,retina,1,,3_vital
SCGB1C2,"pancreas, retina",2,,3_vital
SCGB1D1,"cervix, fallopian tube",2,,2_restricted
SCGB1D2,cervix,1,,2_restricted
SCGB1D4,"cervix, fallopian tube",2,,2_restricted
SCGB2A1,"cervix, epididymis",2,,2_restricted
SCGB2A2,breast,1,,2_restricted
SCGB2B2,pancreas,1,,3_vital
SCGB3A1,"lung, salivary gland",2,,3_vital
SCGB3A2,lung,1,,3_vital
SCGN,"hypothalamus, pancreas",2,,3_vital
SCHIP1,,0,,4_broad
SCIMP,"lymph node, spleen, tonsil",3,0.000539377163196644,1a_lymphoid
SCIN,placenta,1,,2_restricted
SCLT1,bone marrow,1,1.4557910767635083e-07,1a_lymphoid
SCLY,liver,1,,3_vital
SCMH1,skeletal muscle,1,,3_vital
SCML1,"liver, retina, testis",3,,3_vital
SCML2,"salivary gland, testis",2,,2_restricted
SCML4,lymph node,1,0.013068520550712134,1a_lymphoid
SCN10A,"heart muscle, testis",2,,3_vital
SCN11A,"spleen, urinary bladder",2,4.811175243924188e-06,1a_lymphoid
SCN1A,cerebral cortex,1,,3_vital
SCN1B,skeletal muscle,1,,3_vital
SCN2A,cerebellum,1,,3_vital
SCN2B,"cerebellum, cerebral cortex",2,,3_vital
SCN3A,cerebral cortex,1,,3_vital
SCN3B,"cerebral cortex, hippocampal formation",2,,3_vital
SCN4A,skeletal muscle,1,,3_vital
SCN4B,tongue,1,,2_restricted
SCN5A,heart muscle,1,,3_vital
SCN7A,"colon, ovary",2,,2_restricted
SCN8A,"cerebellum, cerebral cortex",2,,3_vital
SCN9A,hypothalamus,1,,3_vital
SCNM1,skeletal muscle,1,,3_vital
SCNN1A,choroid plexus,1,,3_vital
SCNN1B,"colon, esophagus",2,,2_restricted
SCNN1D,"cerebellum, testis",2,,3_vital
SCNN1G,kidney,1,,3_vital
SCO1,liver,1,,3_vital
SCO2,liver,1,,3_vital
SCOC,spinal cord,1,,3_vital
SCP2,liver,1,,3_vital
SCP2D1,testis,1,,1b_testis_CT
SCPEP1,parathyroid gland,1,,2_restricted
SCRG1,spinal cord,1,,3_vital
SCRIB,esophagus,1,,2_restricted
SCRN1,cerebellum,1,,3_vital
SCRN2,"adipose tissue, kidney",2,,3_vital
SCRN3,"skeletal muscle, tongue",2,,3_vital
SCRT1,"cerebellum, cerebral cortex",2,,3_vital
SCRT2,"cerebellum, retina",2,,3_vital
SCT,duodenum,1,,2_restricted
SCTR,pancreas,1,,3_vital
SCUBE1,ovary,1,,2_restricted
SCUBE2,epididymis,1,,2_restricted
SCUBE3,"blood vessel, thyroid gland",2,,2_restricted
SCX,"cerebellum, thyroid gland",2,,3_vital
SCYGR1,spinal cord,1,,3_vital
SCYGR2,skin,1,,2_restricted
SCYGR3,skin,1,,2_restricted
SCYGR4,placenta,1,,2_restricted
SCYGR5,,0,,4_broad
SCYGR6,skin,1,,2_restricted
SCYGR7,skin,1,,2_restricted
SCYGR8,skin,1,,2_restricted
SCYL1,skeletal muscle,1,,3_vital
SCYL2,,0,,4_broad
SCYL3,,0,,4_broad
SDAD1,,0,,4_broad
SDC1,"esophagus, liver, skin",3,,3_vital
SDC2,"liver, thyroid gland",2,,3_vital
SDC3,,0,,4_broad
SDC4,liver,1,,3_vital
SDCBP,,0,,4_broad
SDCBP2,"duodenum, esophagus, small intestine",3,,2_restricted
SDCCAG8,,0,,4_broad
SDE2,bone marrow,1,3.911182068251764e-07,1a_lymphoid
SDF2,"adrenal gland, choroid plexus",2,,3_vital
SDF2L1,liver,1,,3_vital
SDF4,liver,1,,3_vital
SDHA,"heart muscle, skeletal muscle",2,,3_vital
SDHAF1,,0,,4_broad
SDHAF2,,0,,4_broad
SDHAF3,,0,,4_broad
SDHAF4,skeletal muscle,1,,3_vital
SDHB,"skeletal muscle, tongue",2,,3_vital
SDHC,liver,1,,3_vital
SDHD,"liver, tongue",2,,3_vital
SDK1,"blood vessel, pancreas",2,,3_vital
SDK2,testis,1,,1b_testis_CT
SDR16C5,"esophagus, skin",2,,2_restricted
SDR39U1,,0,,4_broad
SDR42E1,skin,1,,2_restricted
SDR42E2,testis,1,,1b_testis_CT
SDR9C7,skin,1,,2_restricted
SDS,liver,1,,3_vital
SDSL,liver,1,,3_vital
SEBOX,liver,1,,3_vital
SEC11A,,0,,4_broad
SEC11C,"pancreas, salivary gland",2,,3_vital
SEC13,,0,,4_broad
SEC14L1,skeletal muscle,1,,3_vital
SEC14L2,liver,1,,3_vital
SEC14L3,retina,1,,3_vital
SEC14L4,liver,1,,3_vital
SEC14L5,spinal cord,1,,3_vital
SEC14L6,"epididymis, parathyroid gland",2,,2_restricted
SEC16A,bone marrow,1,0.011230445722772363,1a_lymphoid
SEC16B,"duodenum, liver, small intestine",3,,3_vital
SEC22A,testis,1,,1b_testis_CT
SEC22B,retina,1,,3_vital
SEC22C,spinal cord,1,,3_vital
SEC23A,smooth muscle,1,,2_restricted
SEC23B,,0,,4_broad
SEC23IP,,0,,4_broad
SEC24A,liver,1,,3_vital
SEC24B,liver,1,,3_vital
SEC24C,esophagus,1,,2_restricted
SEC24D,,0,,4_broad
SEC31A,,0,,4_broad
SEC31B,"cerebellum, tongue",2,,3_vital
SEC61A1,pancreas,1,,3_vital
SEC61A2,spinal cord,1,,3_vital
SEC61B,"liver, pancreas",2,,3_vital
SEC61G,"epididymis, pancreas",2,,3_vital
SEC62,liver,1,,3_vital
SEC63,"pancreas, salivary gland",2,,3_vital
SECISBP2,testis,1,,1b_testis_CT
SECISBP2L,"parathyroid gland, spinal cord",2,,3_vital
SECTM1,"duodenum, small intestine",2,,2_restricted
SEH1L,skeletal muscle,1,,3_vital
SEL1L,pancreas,1,,3_vital
SEL1L2,testis,1,,1b_testis_CT
SEL1L3,tonsil,1,0.04218728515235559,1a_lymphoid
SELE,urinary bladder,1,,2_restricted
SELENBP1,"colon, rectum",2,,2_restricted
SELENOF,thyroid gland,1,,2_restricted
SELENOH,,0,,4_broad
SELENOI,liver,1,,3_vital
SELENOK,,0,,4_broad
SELENOM,blood vessel,1,,2_restricted
SELENON,,0,,4_broad
SELENOO,liver,1,,3_vital
SELENOP,liver,1,,3_vital
SELENOS,,0,,4_broad
SELENOT,bone marrow,1,0.010143205094373331,1a_lymphoid
SELENOV,testis,1,,1b_testis_CT
SELENOW,,0,,4_broad
SELL,"lymph node, tonsil",2,0.0016309911013038527,1a_lymphoid
SELP,,0,,4_broad
SELPLG,"lymph node, spleen",2,0.0002647860134193568,1a_lymphoid
SEM1,"liver, skeletal muscle",2,,3_vital
SEMA3A,retina,1,,3_vital
SEMA3B,"adrenal gland, spinal cord",2,,3_vital
SEMA3C,,0,,4_broad
SEMA3D,"spleen, thyroid gland",2,5.7165720866730295e-08,1a_lymphoid
SEMA3E,,0,,4_broad
SEMA3F,esophagus,1,,2_restricted
SEMA3G,"adipose tissue, breast",2,,2_restricted
SEMA4A,epididymis,1,,2_restricted
SEMA4B,esophagus,1,,2_restricted
SEMA4C,,0,,4_broad
SEMA4D,spinal cord,1,,3_vital
SEMA4F,cerebral cortex,1,,3_vital
SEMA4G,"duodenum, rectum",2,,2_restricted
SEMA5A,,0,,4_broad
SEMA5B,"cerebral cortex, hippocampal formation",2,,3_vital
SEMA6A,"adrenal gland, spinal cord",2,,3_vital
SEMA6B,"cerebral cortex, hippocampal formation",2,,3_vital
SEMA6C,skeletal muscle,1,,3_vital
SEMA6D,"placenta, small intestine",2,,2_restricted
SEMA7A,"spinal cord, spleen",2,0.00463144234263405,3_vital
SEMG1,seminal vesicle,1,,2_restricted
SEMG2,seminal vesicle,1,,2_restricted
SENP1,testis,1,,1b_testis_CT
SENP2,skeletal muscle,1,,3_vital
SENP3,cerebral cortex,1,,3_vital
SENP5,testis,1,,1b_testis_CT
SENP6,,0,,4_broad
SENP7,,0,,4_broad
SENP8,testis,1,,1b_testis_CT
SEPHS1,thymus,1,0.005044257798502374,1a_lymphoid
SEPHS2,liver,1,,3_vital
SEPSECS,liver,1,,3_vital
SEPTIN1,"lymph node, spleen",2,1.735506734806246e-06,1a_lymphoid
SEPTIN10,,0,,4_broad
SEPTIN11,"adipose tissue, placenta",2,,2_restricted
SEPTIN12,testis,1,,1b_testis_CT
SEPTIN14,testis,1,,1b_testis_CT
SEPTIN2,,0,,4_broad
SEPTIN3,"amygdala, cerebral cortex",2,,3_vital
SEPTIN4,"midbrain, spinal cord",2,,3_vital
SEPTIN5,cerebral cortex,1,,3_vital
SEPTIN6,thymus,1,5.987179007637685e-09,1a_lymphoid
SEPTIN7,cerebral cortex,1,,3_vital
SEPTIN8,spinal cord,1,,3_vital
SEPTIN9,thymus,1,0.002310747204155077,1a_lymphoid
SERAC1,,0,,4_broad
SERBP1,skeletal muscle,1,,3_vital
SERF1A,testis,1,,1b_testis_CT
SERF1B,,0,,4_broad
SERF2,choroid plexus,1,,3_vital
SERGEF,cerebral cortex,1,,3_vital
SERHL2,breast,1,,2_restricted
SERINC1,spinal cord,1,,3_vital
SERINC2,liver,1,,3_vital
SERINC3,,0,,4_broad
SERINC4,retina,1,,3_vital
SERINC5,liver,1,,3_vital
SERP1,pancreas,1,,3_vital
SERP2,"basal ganglia, cerebral cortex",2,,3_vital
SERPINA1,liver,1,,3_vital
SERPINA10,liver,1,,3_vital
SERPINA11,liver,1,,3_vital
SERPINA12,skin,1,,2_restricted
SERPINA3,"liver, pancreas",2,,3_vital
SERPINA4,liver,1,,3_vital
SERPINA5,"adrenal gland, liver",2,,3_vital
SERPINA6,liver,1,,3_vital
SERPINA7,liver,1,,3_vital
SERPINA9,"lymph node, tonsil",2,1.7693707225046157e-13,1a_lymphoid
SERPINB1,"bone marrow, esophagus",2,0.000387533475447419,1a_lymphoid
SERPINB10,bone marrow,1,5.684302886746825e-82,1a_lymphoid
SERPINB11,"esophagus, prostate",2,,2_restricted
SERPINB12,"skin, vagina",2,,2_restricted
SERPINB13,"esophagus, vagina",2,,2_restricted
SERPINB2,esophagus,1,,2_restricted
SERPINB3,"cervix, esophagus, vagina",3,,2_restricted
SERPINB4,"cervix, vagina",2,,2_restricted
SERPINB5,"esophagus, skin",2,,2_restricted
SERPINB6,,0,,4_broad
SERPINB7,skin,1,,2_restricted
SERPINB8,skin,1,,2_restricted
SERPINB9,placenta,1,,2_restricted
SERPINC1,liver,1,,3_vital
SERPIND1,liver,1,,3_vital
SERPINE1,blood vessel,1,,2_restricted
SERPINE2,placenta,1,,2_restricted
SERPINE3,"pancreas, retina",2,,3_vital
SERPINF1,choroid plexus,1,,3_vital
SERPINF2,liver,1,,3_vital
SERPING1,liver,1,,3_vital
SERPINH1,,0,,4_broad
SERPINI1,"cerebral cortex, spinal cord",2,,3_vital
SERPINI2,pancreas,1,,3_vital
SERTAD1,,0,,4_broad
SERTAD2,bone marrow,1,6.116565375607877e-14,1a_lymphoid
SERTAD3,,0,,4_broad
SERTAD4,salivary gland,1,,2_restricted
SERTM1,"cerebral cortex, fallopian tube",2,,3_vital
SERTM2,"epididymis, seminal vesicle",2,,2_restricted
SESN1,"skeletal muscle, tongue",2,,3_vital
SESN2,"liver, ovary",2,,3_vital
SESN3,testis,1,,1b_testis_CT
SESTD1,blood vessel,1,,2_restricted
SET,tonsil,1,0.02079886621229331,1a_lymphoid
SETBP1,blood vessel,1,,2_restricted
SETD1A,bone marrow,1,0.00023935469314821217,1a_lymphoid
SETD1B,blood vessel,1,,2_restricted
SETD2,,0,,4_broad
SETD3,skeletal muscle,1,,3_vital
SETD4,testis,1,,1b_testis_CT
SETD5,cerebellum,1,,3_vital
SETD6,cerebellum,1,,3_vital
SETD7,skeletal muscle,1,,3_vital
SETD9,testis,1,,1b_testis_CT
SETDB1,,0,,4_broad
SETDB2,lymph node,1,0.04984301424013947,1a_lymphoid
SETMAR,,0,,4_broad
SETSIP,,0,,4_broad
SETX,,0,,4_broad
SEZ6,"basal ganglia, cerebellum",2,,3_vital
SEZ6L,cerebral cortex,1,,3_vital
SEZ6L2,"cerebellum, pituitary gland",2,,3_vital
SF1,bone marrow,1,0.013468477746858814,1a_lymphoid
SF3A1,,0,,4_broad
SF3A2,,0,,4_broad
SF3A3,"bone marrow, skeletal muscle",2,0.0032106469357031197,3_vital
SF3B1,bone marrow,1,0.002110586902462123,1a_lymphoid
SF3B2,choroid plexus,1,,3_vital
SF3B3,,0,,4_broad
SF3B4,,0,,4_broad
SF3B5,bone marrow,1,0.01168841799435268,1a_lymphoid
SF3B6,bone marrow,1,0.00010082363893894625,1a_lymphoid
SFI1,cerebellum,1,,3_vital
SFMBT1,testis,1,,1b_testis_CT
SFMBT2,retina,1,,3_vital
SFN,esophagus,1,,2_restricted
SFPQ,bone marrow,1,2.86100626356615e-13,1a_lymphoid
SFR1,testis,1,,1b_testis_CT
SFRP1,choroid plexus,1,,3_vital
SFRP2,"blood vessel, gallbladder, urinary bladder",3,,2_restricted
SFRP4,"cervix, endometrium",2,,2_restricted
SFRP5,"choroid plexus, pancreas",2,,3_vital
SFSWAP,,0,,4_broad
SFT2D1,spinal cord,1,,3_vital
SFT2D2,bone marrow,1,1.3186149847678916e-06,1a_lymphoid
SFT2D3,,0,,4_broad
SFTA2,lung,1,,3_vital
SFTPA1,lung,1,,3_vital
SFTPA2,lung,1,,3_vital
SFTPB,lung,1,,3_vital
SFTPC,lung,1,,3_vital
SFTPD,lung,1,,3_vital
SFXN1,liver,1,,3_vital
SFXN2,"kidney, parathyroid gland",2,,3_vital
SFXN3,cerebellum,1,,3_vital
SFXN4,"skeletal muscle, tongue",2,,3_vital
SFXN5,"amygdala, basal ganglia, cerebral cortex",3,,3_vital
SGCA,skeletal muscle,1,,3_vital
SGCB,"skeletal muscle, tongue",2,,3_vital
SGCD,"heart muscle, skeletal muscle, tongue",3,,3_vital
SGCE,ovary,1,,2_restricted
SGCG,"heart muscle, skeletal muscle, tongue",3,,3_vital
SGCZ,ovary,1,,2_restricted
SGF29,skeletal muscle,1,,3_vital
SGIP1,retina,1,,3_vital
SGK1,parathyroid gland,1,,2_restricted
SGK2,"kidney, liver",2,,3_vital
SGK3,parathyroid gland,1,,2_restricted
SGMS1,parathyroid gland,1,,2_restricted
SGMS2,gallbladder,1,,2_restricted
SGO1,thymus,1,1.4341180055702172e-05,1a_lymphoid
SGO2,testis,1,,1b_testis_CT
SGPL1,,0,,4_broad
SGPP1,liver,1,,3_vital
SGPP2,,0,,4_broad
SGSH,adrenal gland,1,,3_vital
SGSM1,"cerebellum, hypothalamus",2,,3_vital
SGSM2,cerebral cortex,1,,3_vital
SGSM3,"pancreas, stomach",2,,3_vital
SGTA,,0,,4_broad
SGTB,cerebral cortex,1,,3_vital
SH2B1,cerebellum,1,,3_vital
SH2B2,skeletal muscle,1,,3_vital
SH2B3,bone marrow,1,1.624866007273984e-07,1a_lymphoid
SH2D1A,thymus,1,1.9307160076670357e-37,1a_lymphoid
SH2D1B,"skeletal muscle, spleen",2,0.03648696192938606,3_vital
SH2D2A,"spleen, thymus",2,0.0025645454072878954,1a_lymphoid
SH2D3A,esophagus,1,,2_restricted
SH2D3C,"heart muscle, lung, spleen",3,0.027548701740518145,3_vital
SH2D4A,liver,1,,3_vital
SH2D4B,"epididymis, testis",2,,2_restricted
SH2D5,"basal ganglia, cerebral cortex",2,,3_vital
SH2D6,"duodenum, small intestine",2,,2_restricted
SH2D7,"duodenum, testis",2,,2_restricted
SH3BGR,skeletal muscle,1,,3_vital
SH3BGRL,blood vessel,1,,2_restricted
SH3BGRL2,salivary gland,1,,2_restricted
SH3BGRL3,,0,,4_broad
SH3BP1,esophagus,1,,2_restricted
SH3BP2,"skin, spleen",2,0.0002547553835292556,1a_lymphoid
SH3BP4,"pancreas, salivary gland",2,,3_vital
SH3BP5,adrenal gland,1,,3_vital
SH3BP5L,skeletal muscle,1,,3_vital
SH3D19,,0,,4_broad
SH3D21,thyroid gland,1,,2_restricted
SH3GL1,esophagus,1,,2_restricted
SH3GL2,"cerebellum, cerebral cortex",2,,3_vital
SH3GL3,spinal cord,1,,3_vital
SH3GLB1,skeletal muscle,1,,3_vital
SH3GLB2,,0,,4_broad
SH3KBP1,,0,,4_broad
SH3PXD2A,cervix,1,,2_restricted
SH3PXD2B,,0,,4_broad
SH3RF1,stomach,1,,2_restricted
SH3RF2,"heart muscle, skin",2,,3_vital
SH3RF3,blood vessel,1,,2_restricted
SH3TC1,thymus,1,3.528400914748788e-28,1a_lymphoid
SH3TC2,"retina, spinal cord",2,,3_vital
SH3YL1,"kidney, pancreas",2,,3_vital
SHANK1,"amygdala, cerebral cortex, hippocampal formation",3,,3_vital
SHANK2,,0,,4_broad
SHANK3,"cerebellum, spleen",2,0.02076555087766817,3_vital
SHARPIN,testis,1,,1b_testis_CT
SHB,liver,1,,3_vital
SHBG,liver,1,,3_vital
SHC1,,0,,4_broad
SHC2,pancreas,1,,3_vital
SHC3,cerebral cortex,1,,3_vital
SHC4,spinal cord,1,,3_vital
SHCBP1,bone marrow,1,1.684341097820996e-06,1a_lymphoid
SHCBP1L,testis,1,,1b_testis_CT
SHD,"cerebral cortex, heart muscle",2,,3_vital
SHE,,0,,4_broad
SHF,cerebellum,1,,3_vital
SHFL,liver,1,,3_vital
SHH,"liver, urinary bladder",2,,3_vital
SHISA2,"skeletal muscle, thyroid gland",2,,3_vital
SHISA3,"heart muscle, kidney",2,,3_vital
SHISA4,skeletal muscle,1,,3_vital
SHISA5,choroid plexus,1,,3_vital
SHISA6,midbrain,1,,3_vital
SHISA7,"basal ganglia, cerebral cortex, hippocampal formation",3,,3_vital
SHISA8,cerebellum,1,,3_vital
SHISA9,"basal ganglia, cerebral cortex",2,,3_vital
SHISAL1,endometrium,1,,2_restricted
SHISAL2A,"lymph node, tonsil",2,0.0036352360978708065,1a_lymphoid
SHISAL2B,"hypothalamus, pancreas",2,,3_vital
SHKBP1,spleen,1,7.720596575258803e-08,1a_lymphoid
SHLD1,bone marrow,1,0.0032702632771328534,1a_lymphoid
SHLD2,"kidney, liver",2,,3_vital
SHLD3,bone marrow,1,3.0732475560626846e-22,1a_lymphoid
SHMT1,liver,1,,3_vital
SHMT2,liver,1,,3_vital
SHOC1,testis,1,,1b_testis_CT
SHOC2,bone marrow,1,0.0031536075035089365,1a_lymphoid
SHOX,skeletal muscle,1,,3_vital
SHOX2,blood vessel,1,,2_restricted
SHPK,liver,1,,3_vital
SHPRH,retina,1,,3_vital
SHQ1,thymus,1,0.008755469767701444,1a_lymphoid
SHROOM1,liver,1,,3_vital
SHROOM2,retina,1,,3_vital
SHROOM3,,0,,4_broad
SHROOM4,"lung, spinal cord",2,,3_vital
SHTN1,"midbrain, spinal cord",2,,3_vital
SI,"duodenum, small intestine",2,,2_restricted
SIAE,"colon, rectum",2,,2_restricted
SIAH1,placenta,1,,2_restricted
SIAH2,adrenal gland,1,,3_vital
SIAH3,fallopian tube,1,,2_restricted
SIDT1,,0,,4_broad
SIDT2,pancreas,1,,3_vital
SIGIRR,liver,1,,3_vital
SIGLEC1,adipose tissue,1,,2_restricted
SIGLEC10,"appendix, spleen",2,3.4095287289045284e-07,1a_lymphoid
SIGLEC11,ovary,1,,2_restricted
SIGLEC12,spleen,1,2.862128287598913e-16,1a_lymphoid
SIGLEC14,"bone marrow, spleen",2,5.6594109570216894e-05,1a_lymphoid
SIGLEC15,small intestine,1,,2_restricted
SIGLEC5,bone marrow,1,7.03087373156624e-14,1a_lymphoid
SIGLEC6,placenta,1,,2_restricted
SIGLEC7,spleen,1,2.7548841137201652e-08,1a_lymphoid
SIGLEC8,spinal cord,1,,3_vital
SIGLEC9,"appendix, spleen",2,2.9984701747896066e-05,1a_lymphoid
SIGLECL1,testis,1,,1b_testis_CT
SIGMAR1,liver,1,,3_vital
SIK1,skin,1,,2_restricted
SIK2,,0,,4_broad
SIK3,cerebral cortex,1,,3_vital
SIKE1,,0,,4_broad
SIL1,pancreas,1,,3_vital
SIM1,kidney,1,,3_vital
SIM2,kidney,1,,3_vital
SIMC1,"ovary, testis",2,,2_restricted
SIN3A,thymus,1,0.003190271623040169,1a_lymphoid
SIN3B,,0,,4_broad
SINHCAF,,0,,4_broad
SIPA1,spleen,1,5.7055522569893155e-06,1a_lymphoid
SIPA1L1,basal ganglia,1,,3_vital
SIPA1L2,heart muscle,1,,3_vital
SIPA1L3,"duodenum, small intestine",2,,2_restricted
SIRPA,cerebral cortex,1,,3_vital
SIRPB1,bone marrow,1,9.440858350143923e-09,1a_lymphoid
SIRPB2,"appendix, spleen",2,0.0009572988689345337,1a_lymphoid
SIRPD,testis,1,,1b_testis_CT
SIRPG,"lymph node, thymus, tonsil",3,4.4304847084524115e-05,1a_lymphoid
SIRT1,adrenal gland,1,,3_vital
SIRT2,spinal cord,1,,3_vital
SIRT3,epididymis,1,,2_restricted
SIRT4,skeletal muscle,1,,3_vital
SIRT5,"liver, skeletal muscle, tongue",3,,3_vital
SIRT6,colon,1,,2_restricted
SIRT7,esophagus,1,,2_restricted
SIT1,thymus,1,4.733931308692424e-11,1a_lymphoid
SIVA1,,0,,4_broad
SIX1,skeletal muscle,1,,3_vital
SIX2,skeletal muscle,1,,3_vital
SIX3,"basal ganglia, pituitary gland",2,,3_vital
SIX4,"parathyroid gland, skeletal muscle, tongue",3,,3_vital
SIX5,,0,,4_broad
SIX6,pituitary gland,1,,3_vital
SKA1,bone marrow,1,6.28127519513524e-10,1a_lymphoid
SKA2,cerebellum,1,,3_vital
SKA3,thymus,1,1.998198718917606e-08,1a_lymphoid
SKAP1,"lymph node, thymus",2,0.0009342970039496072,1a_lymphoid
SKAP2,,0,,4_broad
SKI,cerebellum,1,,3_vital
SKIC2,liver,1,,3_vital
SKIC3,parathyroid gland,1,,2_restricted
SKIC8,epididymis,1,,2_restricted
SKIDA1,,0,,4_broad
SKIL,,0,,4_broad
SKOR1,cerebellum,1,,3_vital
SKOR2,testis,1,,1b_testis_CT
SKP1,skeletal muscle,1,,3_vital
SKP2,placenta,1,,2_restricted
SLA,thymus,1,2.0880941236584367e-05,1a_lymphoid
SLA2,"bone marrow, thymus",2,1.4424441134966226e-05,1a_lymphoid
SLAIN1,spinal cord,1,,3_vital
SLAIN2,"skeletal muscle, tongue",2,,3_vital
SLAMF1,thymus,1,1.6245695875068587e-18,1a_lymphoid
SLAMF6,"lymph node, tonsil",2,2.6281233546292986e-06,1a_lymphoid
SLAMF7,tonsil,1,0.005320553646675729,1a_lymphoid
SLAMF8,"appendix, lymph node",2,0.00024931636400299346,1a_lymphoid
SLAMF9,"adipose tissue, liver, testis",3,,3_vital
SLBP,bone marrow,1,1.914474975104927e-07,1a_lymphoid
SLC10A1,liver,1,,3_vital
SLC10A2,small intestine,1,,2_restricted
SLC10A3,,0,,4_broad
SLC10A4,midbrain,1,,3_vital
SLC10A5,liver,1,,3_vital
SLC10A6,"esophagus, skin",2,,2_restricted
SLC10A7,epididymis,1,,2_restricted
SLC11A1,"lung, spleen",2,0.016396591203593356,3_vital
SLC11A2,duodenum,1,,2_restricted
SLC12A1,kidney,1,,3_vital
SLC12A2,salivary gland,1,,2_restricted
SLC12A3,kidney,1,,3_vital
SLC12A4,,0,,4_broad
SLC12A5,cerebellum,1,,3_vital
SLC12A6,"bone marrow, retina",2,0.04082291609330776,3_vital
SLC12A7,"heart muscle, liver",2,,3_vital
SLC12A8,thyroid gland,1,,2_restricted
SLC12A9,,0,,4_broad
SLC13A1,kidney,1,,3_vital
SLC13A2,"duodenum, small intestine",2,,2_restricted
SLC13A3,kidney,1,,3_vital
SLC13A4,choroid plexus,1,,3_vital
SLC13A5,liver,1,,3_vital
SLC14A1,"prostate, urinary bladder",2,,2_restricted
SLC14A2,kidney,1,,3_vital
SLC15A1,"duodenum, small intestine",2,,2_restricted
SLC15A2,cervix,1,,2_restricted
SLC15A3,"lung, spleen",2,0.013235485097040721,3_vital
SLC15A4,choroid plexus,1,,3_vital
SLC15A5,"adipose tissue, midbrain",2,,3_vital
SLC16A1,,0,,4_broad
SLC16A10,"pancreas, skeletal muscle",2,,3_vital
SLC16A11,"choroid plexus, thyroid gland",2,,3_vital
SLC16A12,"choroid plexus, kidney",2,,3_vital
SLC16A13,liver,1,,3_vital
SLC16A14,salivary gland,1,,2_restricted
SLC16A2,liver,1,,3_vital
SLC16A3,skeletal muscle,1,,3_vital
SLC16A4,kidney,1,,3_vital
SLC16A5,kidney,1,,3_vital
SLC16A6,"choroid plexus, epididymis, retina",3,,3_vital
SLC16A7,heart muscle,1,,3_vital
SLC16A8,basal ganglia,1,,3_vital
SLC16A9,"adrenal gland, kidney",2,,3_vital
SLC17A1,kidney,1,,3_vital
SLC17A2,liver,1,,3_vital
SLC17A3,kidney,1,,3_vital
SLC17A4,liver,1,,3_vital
SLC17A5,parathyroid gland,1,,2_restricted
SLC17A6,hypothalamus,1,,3_vital
SLC17A7,"cerebral cortex, hippocampal formation",2,,3_vital
SLC17A8,small intestine,1,,2_restricted
SLC17A9,liver,1,,3_vital
SLC18A1,adrenal gland,1,,3_vital
SLC18A2,"cervix, midbrain",2,,3_vital
SLC18A3,basal ganglia,1,,3_vital
SLC18B1,,0,,4_broad
SLC19A1,choroid plexus,1,,3_vital
SLC19A2,"skeletal muscle, tongue",2,,3_vital
SLC19A3,adipose tissue,1,,2_restricted
SLC1A1,small intestine,1,,2_restricted
SLC1A2,"amygdala, basal ganglia, cerebral cortex",3,,3_vital
SLC1A3,"amygdala, basal ganglia, cerebral cortex",3,,3_vital
SLC1A4,basal ganglia,1,,3_vital
SLC1A5,,0,,4_broad
SLC1A6,cerebellum,1,,3_vital
SLC1A7,retina,1,,3_vital
SLC20A1,bone marrow,1,0.0008352385630096067,1a_lymphoid
SLC20A2,"choroid plexus, skeletal muscle",2,,3_vital
SLC22A1,liver,1,,3_vital
SLC22A10,liver,1,,3_vital
SLC22A11,"kidney, placenta",2,,3_vital
SLC22A12,kidney,1,,3_vital
SLC22A13,kidney,1,,3_vital
SLC22A14,testis,1,,1b_testis_CT
SLC22A15,bone marrow,1,3.431431750572207e-11,1a_lymphoid
SLC22A16,"bone marrow, testis",2,2.538125775216396e-06,1a_lymphoid
SLC22A17,hypothalamus,1,,3_vital
SLC22A18,liver,1,,3_vital
SLC22A2,kidney,1,,3_vital
SLC22A23,,0,,4_broad
SLC22A24,kidney,1,,3_vital
SLC22A25,liver,1,,3_vital
SLC22A3,"blood vessel, skeletal muscle",2,,3_vital
SLC22A31,cerebellum,1,,3_vital
SLC22A4,bone marrow,1,4.254519374108046e-09,1a_lymphoid
SLC22A5,skeletal muscle,1,,3_vital
SLC22A6,kidney,1,,3_vital
SLC22A7,liver,1,,3_vital
SLC22A8,"choroid plexus, kidney",2,,3_vital
SLC22A9,liver,1,,3_vital
SLC23A1,"fallopian tube, small intestine",2,,2_restricted
SLC23A2,"adrenal gland, retina",2,,3_vital
SLC23A3,kidney,1,,3_vital
SLC24A1,retina,1,,3_vital
SLC24A2,cerebral cortex,1,,3_vital
SLC24A3,,0,,4_broad
SLC24A4,choroid plexus,1,,3_vital
SLC24A5,skin,1,,2_restricted
SLC25A1,liver,1,,3_vital
SLC25A10,liver,1,,3_vital
SLC25A11,"skeletal muscle, tongue",2,,3_vital
SLC25A12,"skeletal muscle, tongue",2,,3_vital
SLC25A13,liver,1,,3_vital
SLC25A14,"basal ganglia, hypothalamus",2,,3_vital
SLC25A15,liver,1,,3_vital
SLC25A16,"adipose tissue, liver",2,,3_vital
SLC25A17,ovary,1,,2_restricted
SLC25A18,"amygdala, cerebral cortex",2,,3_vital
SLC25A19,"adrenal gland, testis",2,,3_vital
SLC25A2,testis,1,,1b_testis_CT
SLC25A20,liver,1,,3_vital
SLC25A21,"bone marrow, testis",2,4.276757441750724e-08,1a_lymphoid
SLC25A22,"cerebellum, cerebral cortex",2,,3_vital
SLC25A23,"basal ganglia, hippocampal formation",2,,3_vital
SLC25A24,rectum,1,,2_restricted
SLC25A25,liver,1,,3_vital
SLC25A26,skeletal muscle,1,,3_vital
SLC25A27,,0,,4_broad
SLC25A28,,0,,4_broad
SLC25A29,thyroid gland,1,,2_restricted
SLC25A3,"heart muscle, skeletal muscle, tongue",3,,3_vital
SLC25A30,"heart muscle, skeletal muscle, tongue",3,,3_vital
SLC25A31,testis,1,,1b_testis_CT
SLC25A32,,0,,4_broad
SLC25A33,tongue,1,,2_restricted
SLC25A34,"skeletal muscle, tongue",2,,3_vital
SLC25A35,testis,1,,1b_testis_CT
SLC25A36,bone marrow,1,0.0036220069222322395,1a_lymphoid
SLC25A37,bone marrow,1,3.205308079816555e-12,1a_lymphoid
SLC25A38,bone marrow,1,0.010078727970611184,1a_lymphoid
SLC25A39,bone marrow,1,4.4372592240995833e-07,1a_lymphoid
SLC25A4,"heart muscle, tongue",2,,3_vital
SLC25A40,,0,,4_broad
SLC25A41,"basal ganglia, cerebellum",2,,3_vital
SLC25A42,liver,1,,3_vital
SLC25A43,esophagus,1,,2_restricted
SLC25A44,liver,1,,3_vital
SLC25A45,pancreas,1,,3_vital
SLC25A46,"skeletal muscle, tongue",2,,3_vital
SLC25A47,liver,1,,3_vital
SLC25A48,,0,,4_broad
SLC25A5,duodenum,1,,2_restricted
SLC25A51,bone marrow,1,0.001617532272031397,1a_lymphoid
SLC25A52,testis,1,,1b_testis_CT
SLC25A53,lymph node,1,0.00849488932954293,1a_lymphoid
SLC25A6,,0,,4_broad
SLC26A1,liver,1,,3_vital
SLC26A11,"adrenal gland, hypothalamus",2,,3_vital
SLC26A2,"colon, rectum",2,,2_restricted
SLC26A3,"colon, rectum",2,,2_restricted
SLC26A4,thyroid gland,1,,2_restricted
SLC26A5,"breast, cerebellum",2,,3_vital
SLC26A6,blood vessel,1,,2_restricted
SLC26A7,thyroid gland,1,,2_restricted
SLC26A8,testis,1,,1b_testis_CT
SLC26A9,salivary gland,1,,2_restricted
SLC27A1,,0,,4_broad
SLC27A2,"kidney, liver",2,,3_vital
SLC27A3,blood vessel,1,,2_restricted
SLC27A4,"duodenum, esophagus",2,,2_restricted
SLC27A5,liver,1,,3_vital
SLC27A6,"adrenal gland, fallopian tube, heart muscle",3,,3_vital
SLC28A1,liver,1,,3_vital
SLC28A2,"duodenum, small intestine",2,,2_restricted
SLC28A3,choroid plexus,1,,3_vital
SLC29A1,,0,,4_broad
SLC29A2,skeletal muscle,1,,3_vital
SLC29A3,placenta,1,,2_restricted
SLC29A4,"adipose tissue, choroid plexus",2,,3_vital
SLC2A1,placenta,1,,2_restricted
SLC2A10,liver,1,,3_vital
SLC2A11,"cerebellum, retina",2,,3_vital
SLC2A12,choroid plexus,1,,3_vital
SLC2A13,"cerebral cortex, parathyroid gland",2,,3_vital
SLC2A14,testis,1,,1b_testis_CT
SLC2A2,liver,1,,3_vital
SLC2A3,bone marrow,1,2.962163306737455e-16,1a_lymphoid
SLC2A4,skeletal muscle,1,,3_vital
SLC2A4RG,liver,1,,3_vital
SLC2A5,"bone marrow, duodenum",2,0.037297727917666695,1a_lymphoid
SLC2A6,cerebral cortex,1,,3_vital
SLC2A7,"duodenum, small intestine",2,,2_restricted
SLC2A8,"testis, urinary bladder",2,,2_restricted
SLC2A9,"kidney, liver",2,,3_vital
SLC30A1,liver,1,,3_vital
SLC30A10,"duodenum, liver",2,,3_vital
SLC30A2,pancreas,1,,3_vital
SLC30A3,epididymis,1,,2_restricted
SLC30A4,prostate,1,,2_restricted
SLC30A5,,0,,4_broad
SLC30A6,,0,,4_broad
SLC30A7,,0,,4_broad
SLC30A8,pancreas,1,,3_vital
SLC30A9,kidney,1,,3_vital
SLC31A1,liver,1,,3_vital
SLC31A2,"parathyroid gland, salivary gland",2,,2_restricted
SLC32A1,basal ganglia,1,,3_vital
SLC33A1,thyroid gland,1,,2_restricted
SLC34A1,kidney,1,,3_vital
SLC34A2,lung,1,,3_vital
SLC34A3,"kidney, small intestine",2,,3_vital
SLC35A1,rectum,1,,2_restricted
SLC35A2,,0,,4_broad
SLC35A3,"colon, rectum",2,,2_restricted
SLC35A4,skeletal muscle,1,,3_vital
SLC35A5,spinal cord,1,,3_vital
SLC35B1,"skeletal muscle, tongue",2,,3_vital
SLC35B2,choroid plexus,1,,3_vital
SLC35B3,epididymis,1,,2_restricted
SLC35B4,cerebellum,1,,3_vital
SLC35C1,liver,1,,3_vital
SLC35C2,,0,,4_broad
SLC35D1,liver,1,,3_vital
SLC35D2,"duodenum, small intestine",2,,2_restricted
SLC35D3,"basal ganglia, hypothalamus",2,,3_vital
SLC35E1,pancreas,1,,3_vital
SLC35E2B,,0,,4_broad
SLC35E3,,0,,4_broad
SLC35E4,testis,1,,1b_testis_CT
SLC35F1,cerebral cortex,1,,3_vital
SLC35F2,salivary gland,1,,2_restricted
SLC35F3,cerebellum,1,,3_vital
SLC35F4,cerebellum,1,,3_vital
SLC35F5,,0,,4_broad
SLC35F6,,0,,4_broad
SLC35G1,duodenum,1,,2_restricted
SLC35G2,,0,,4_broad
SLC35G3,testis,1,,1b_testis_CT
SLC35G4,testis,1,,1b_testis_CT
SLC35G5,testis,1,,1b_testis_CT
SLC35G6,testis,1,,1b_testis_CT
SLC36A1,parathyroid gland,1,,2_restricted
SLC36A2,"kidney, skeletal muscle",2,,3_vital
SLC36A3,testis,1,,1b_testis_CT
SLC36A4,bone marrow,1,3.0815709338420496e-05,1a_lymphoid
SLC37A1,"duodenum, small intestine",2,,2_restricted
SLC37A2,"adrenal gland, salivary gland",2,,3_vital
SLC37A3,endometrium,1,,2_restricted
SLC37A4,liver,1,,3_vital
SLC38A1,,0,,4_broad
SLC38A10,pancreas,1,,3_vital
SLC38A11,"choroid plexus, epididymis",2,,3_vital
SLC38A2,liver,1,,3_vital
SLC38A3,"liver, retina",2,,3_vital
SLC38A4,liver,1,,3_vital
SLC38A5,pancreas,1,,3_vital
SLC38A6,parathyroid gland,1,,2_restricted
SLC38A7,testis,1,,1b_testis_CT
SLC38A8,amygdala,1,,3_vital
SLC38A9,placenta,1,,2_restricted
SLC39A1,,0,,4_broad
SLC39A10,"cerebral cortex, thyroid gland",2,,3_vital
SLC39A11,stomach,1,,2_restricted
SLC39A12,choroid plexus,1,,3_vital
SLC39A13,,0,,4_broad
SLC39A14,liver,1,,3_vital
SLC39A2,"seminal vesicle, skin",2,,2_restricted
SLC39A3,testis,1,,1b_testis_CT
SLC39A4,"duodenum, small intestine",2,,2_restricted
SLC39A5,"duodenum, pancreas",2,,3_vital
SLC39A6,"breast, prostate",2,,2_restricted
SLC39A7,,0,,4_broad
SLC39A8,"lung, salivary gland",2,,3_vital
SLC39A9,liver,1,,3_vital
SLC3A1,kidney,1,,3_vital
SLC3A2,parathyroid gland,1,,2_restricted
SLC40A1,spleen,1,0.026760456630692313,1a_lymphoid
SLC41A1,"heart muscle, tongue",2,,3_vital
SLC41A2,liver,1,,3_vital
SLC41A3,,0,,4_broad
SLC43A1,"liver, pancreas",2,,3_vital
SLC43A2,skeletal muscle,1,,3_vital
SLC43A3,liver,1,,3_vital
SLC44A1,spinal cord,1,,3_vital
SLC44A2,placenta,1,,2_restricted
SLC44A3,,0,,4_broad
SLC44A4,"colon, duodenum",2,,2_restricted
SLC44A5,skin,1,,2_restricted
SLC45A1,cerebellum,1,,3_vital
SLC45A2,"liver, skin, testis",3,,3_vital
SLC45A3,prostate,1,,2_restricted
SLC45A4,pituitary gland,1,,3_vital
SLC46A1,duodenum,1,,2_restricted
SLC46A2,"cervix, skin",2,,2_restricted
SLC46A3,"liver, small intestine",2,,3_vital
SLC47A1,"adrenal gland, kidney, liver",3,,3_vital
SLC47A2,"choroid plexus, kidney",2,,3_vital
SLC48A1,spinal cord,1,,3_vital
SLC49A3,,0,,4_broad
SLC49A4,"skeletal muscle, tongue",2,,3_vital
SLC4A1,bone marrow,1,8.95222889119484e-47,1a_lymphoid
SLC4A10,"cerebral cortex, choroid plexus",2,,3_vital
SLC4A11,"kidney, salivary gland, thyroid gland",3,,3_vital
SLC4A1AP,"skeletal muscle, testis",2,,3_vital
SLC4A2,choroid plexus,1,,3_vital
SLC4A3,heart muscle,1,,3_vital
SLC4A4,pancreas,1,,3_vital
SLC4A5,"choroid plexus, retina",2,,3_vital
SLC4A7,"duodenum, retina",2,,3_vital
SLC4A8,pituitary gland,1,,3_vital
SLC4A9,kidney,1,,3_vital
SLC50A1,epididymis,1,,2_restricted
SLC51A,"liver, small intestine",2,,3_vital
SLC51B,"duodenum, small intestine",2,,2_restricted
SLC52A1,"duodenum, small intestine",2,,2_restricted
SLC52A2,,0,,4_broad
SLC52A3,testis,1,,1b_testis_CT
SLC5A1,"duodenum, small intestine",2,,2_restricted
SLC5A10,kidney,1,,3_vital
SLC5A11,"midbrain, spinal cord",2,,3_vital
SLC5A12,kidney,1,,3_vital
SLC5A2,kidney,1,,3_vital
SLC5A3,"choroid plexus, kidney, thyroid gland",3,,3_vital
SLC5A4,"duodenum, small intestine",2,,2_restricted
SLC5A5,choroid plexus,1,,3_vital
SLC5A6,"epididymis, liver",2,,3_vital
SLC5A7,"basal ganglia, colon",2,,3_vital
SLC5A8,"cervix, thyroid gland",2,,2_restricted
SLC5A9,"duodenum, small intestine",2,,2_restricted
SLC66A1,cerebellum,1,,3_vital
SLC66A2,liver,1,,3_vital
SLC66A3,,0,,4_broad
SLC6A1,"cerebral cortex, liver",2,,3_vital
SLC6A11,"hypothalamus, midbrain",2,,3_vital
SLC6A12,liver,1,,3_vital
SLC6A13,kidney,1,,3_vital
SLC6A14,"lung, salivary gland",2,,3_vital
SLC6A15,"cerebral cortex, retina",2,,3_vital
SLC6A16,testis,1,,1b_testis_CT
SLC6A17,"cerebellum, cerebral cortex",2,,3_vital
SLC6A18,kidney,1,,3_vital
SLC6A19,"duodenum, small intestine",2,,2_restricted
SLC6A2,"adrenal gland, placenta",2,,3_vital
SLC6A20,choroid plexus,1,,3_vital
SLC6A3,midbrain,1,,3_vital
SLC6A4,"lung, small intestine",2,,3_vital
SLC6A5,"lung, spinal cord",2,,3_vital
SLC6A6,retina,1,,3_vital
SLC6A7,cerebellum,1,,3_vital
SLC6A8,skeletal muscle,1,,3_vital
SLC6A9,spinal cord,1,,3_vital
SLC7A1,esophagus,1,,2_restricted
SLC7A10,"adipose tissue, basal ganglia",2,,3_vital
SLC7A11,"amygdala, cerebral cortex",2,,3_vital
SLC7A13,kidney,1,,3_vital
SLC7A14,cerebral cortex,1,,3_vital
SLC7A2,"liver, parathyroid gland",2,,3_vital
SLC7A3,thymus,1,2.6844236247717373e-15,1a_lymphoid
SLC7A4,"choroid plexus, testis",2,,3_vital
SLC7A5,"bone marrow, esophagus",2,0.0052548192047371794,1a_lymphoid
SLC7A6,skeletal muscle,1,,3_vital
SLC7A6OS,skeletal muscle,1,,3_vital
SLC7A7,kidney,1,,3_vital
SLC7A8,parathyroid gland,1,,2_restricted
SLC7A9,"duodenum, small intestine",2,,2_restricted
SLC8A1,heart muscle,1,,3_vital
SLC8A2,cerebellum,1,,3_vital
SLC8A3,skeletal muscle,1,,3_vital
SLC8B1,"adrenal gland, ovary",2,,3_vital
SLC9A1,"salivary gland, stomach",2,,2_restricted
SLC9A2,"colon, rectum, stomach",3,,2_restricted
SLC9A3,colon,1,,2_restricted
SLC9A3R1,esophagus,1,,2_restricted
SLC9A3R2,"heart muscle, liver",2,,3_vital
SLC9A4,stomach,1,,2_restricted
SLC9A5,"cerebellum, spleen",2,3.985122187121473e-06,3_vital
SLC9A6,cerebral cortex,1,,3_vital
SLC9A7,basal ganglia,1,,3_vital
SLC9A8,bone marrow,1,3.4190278938149177e-10,1a_lymphoid
SLC9A9,,0,,4_broad
SLC9B1,testis,1,,1b_testis_CT
SLC9B2,liver,1,,3_vital
SLC9C1,testis,1,,1b_testis_CT
SLC9C2,testis,1,,1b_testis_CT
SLCO1A2,"cerebral cortex, salivary gland",2,,3_vital
SLCO1B1,liver,1,,3_vital
SLCO1B3,liver,1,,3_vital
SLCO1B3-SLCO1B7,breast,1,,2_restricted
SLCO1C1,"basal ganglia, cerebral cortex, choroid plexus",3,,3_vital
SLCO2A1,lung,1,,3_vital
SLCO2B1,liver,1,,3_vital
SLCO3A1,spinal cord,1,,3_vital
SLCO4A1,lung,1,,3_vital
SLCO4C1,kidney,1,,3_vital
SLCO5A1,"skeletal muscle, tongue",2,,3_vital
SLCO6A1,testis,1,,1b_testis_CT
SLF1,testis,1,,1b_testis_CT
SLF2,epididymis,1,,2_restricted
SLFN11,epididymis,1,,2_restricted
SLFN12,spleen,1,0.03295421794602115,1a_lymphoid
SLFN12L,spleen,1,0.013714043730524487,1a_lymphoid
SLFN13,"bone marrow, salivary gland",2,0.0233569845868357,1a_lymphoid
SLFN14,bone marrow,1,4.194835618900398e-28,1a_lymphoid
SLFN5,thymus,1,0.008375171314273474,1a_lymphoid
SLFNL1,testis,1,,1b_testis_CT
SLIRP,tongue,1,,2_restricted
SLIT1,cerebral cortex,1,,3_vital
SLIT2,lung,1,,3_vital
SLIT3,blood vessel,1,,2_restricted
SLITRK1,cerebral cortex,1,,3_vital
SLITRK2,retina,1,,3_vital
SLITRK3,fallopian tube,1,,2_restricted
SLITRK4,"adrenal gland, cerebellum",2,,3_vital
SLITRK5,"cerebral cortex, fallopian tube, salivary gland",3,,3_vital
SLITRK6,salivary gland,1,,2_restricted
SLK,esophagus,1,,2_restricted
SLMAP,smooth muscle,1,,2_restricted
SLN,skeletal muscle,1,,3_vital
SLPI,"cervix, salivary gland",2,,2_restricted
SLTM,"bone marrow, thymus",2,0.02254965649768726,1a_lymphoid
SLU7,bone marrow,1,0.0001381038165952482,1a_lymphoid
SLURP1,"esophagus, skin",2,,2_restricted
SLURP2,esophagus,1,,2_restricted
SLX1A,liver,1,,3_vital
SLX1B,"duodenum, small intestine",2,,2_restricted
SLX4,"cerebellum, testis",2,,3_vital
SLX4IP,retina,1,,3_vital
SLX9,heart muscle,1,,3_vital
SMAD1,,0,,4_broad
SMAD2,,0,,4_broad
SMAD3,skeletal muscle,1,,3_vital
SMAD4,skeletal muscle,1,,3_vital
SMAD5,,0,,4_broad
SMAD6,"heart muscle, lung",2,,3_vital
SMAD7,"blood vessel, heart muscle",2,,3_vital
SMAD9,thyroid gland,1,,2_restricted
SMAGP,"esophagus, placenta",2,,2_restricted
SMAP1,,0,,4_broad
SMAP2,"lymph node, spleen, tonsil",3,0.006188117050301083,1a_lymphoid
SMARCA1,adrenal gland,1,,3_vital
SMARCA2,"ovary, parathyroid gland",2,,2_restricted
SMARCA4,"esophagus, testis",2,,2_restricted
SMARCA5,,0,,4_broad
SMARCAD1,skin,1,,2_restricted
SMARCAL1,,0,,4_broad
SMARCB1,,0,,4_broad
SMARCC1,thymus,1,0.021553615565163643,1a_lymphoid
SMARCC2,cerebellum,1,,3_vital
SMARCD1,thymus,1,0.0015899986589746461,1a_lymphoid
SMARCD2,,0,,4_broad
SMARCD3,"basal ganglia, cerebral cortex",2,,3_vital
SMARCE1,,0,,4_broad
SMC1A,thymus,1,1.9261864236627544e-06,1a_lymphoid
SMC1B,testis,1,,1b_testis_CT
SMC2,thymus,1,9.071270591652857e-05,1a_lymphoid
SMC3,"testis, thymus",2,0.0030131763575534137,1a_lymphoid
SMC4,thymus,1,6.160846891727533e-05,1a_lymphoid
SMC5,,0,,4_broad
SMC6,testis,1,,1b_testis_CT
SMCHD1,"bone marrow, lymph node",2,0.035842023528476784,1a_lymphoid
SMCO1,"skeletal muscle, tongue",2,,3_vital
SMCO2,testis,1,,1b_testis_CT
SMCO3,"cervix, kidney",2,,3_vital
SMCO4,salivary gland,1,,2_restricted
SMCP,testis,1,,1b_testis_CT
SMCR8,bone marrow,1,4.8724785308810815e-05,1a_lymphoid
SMDT1,"skeletal muscle, tongue",2,,3_vital
SMG1,skeletal muscle,1,,3_vital
SMG5,skeletal muscle,1,,3_vital
SMG6,ovary,1,,2_restricted
SMG7,testis,1,,1b_testis_CT
SMG8,,0,,4_broad
SMG9,testis,1,,1b_testis_CT
SMIM1,"heart muscle, testis",2,,3_vital
SMIM10,blood vessel,1,,2_restricted
SMIM10L1,skeletal muscle,1,,3_vital
SMIM10L2A,cerebral cortex,1,,3_vital
SMIM10L2B,"cerebral cortex, hypothalamus",2,,3_vital
SMIM11,stomach,1,,2_restricted
SMIM12,liver,1,,3_vital
SMIM13,"cerebellum, cerebral cortex",2,,3_vital
SMIM14,liver,1,,3_vital
SMIM15,,0,,4_broad
SMIM17,hypothalamus,1,,3_vital
SMIM18,"cerebellum, hypothalamus",2,,3_vital
SMIM19,"liver, skeletal muscle",2,,3_vital
SMIM2,testis,1,,1b_testis_CT
SMIM20,skeletal muscle,1,,3_vital
SMIM21,testis,1,,1b_testis_CT
SMIM22,colon,1,,2_restricted
SMIM23,testis,1,,1b_testis_CT
SMIM24,epididymis,1,,2_restricted
SMIM26,"skeletal muscle, tongue",2,,3_vital
SMIM27,choroid plexus,1,,3_vital
SMIM28,colon,1,,2_restricted
SMIM29,amygdala,1,,3_vital
SMIM3,adipose tissue,1,,2_restricted
SMIM30,"heart muscle, tongue",2,,3_vital
SMIM31,"duodenum, small intestine",2,,2_restricted
SMIM32,kidney,1,,3_vital
SMIM33,"colon, rectum, salivary gland",3,,2_restricted
SMIM34,kidney,1,,3_vital
SMIM35,"bone marrow, kidney",2,0.0001260830643914088,3_vital
SMIM36,retina,1,,3_vital
SMIM38,stomach,1,,2_restricted
SMIM39,adipose tissue,1,,2_restricted
SMIM4,"adrenal gland, skeletal muscle",2,,3_vital
SMIM40,retina,1,,3_vital
SMIM41,lung,1,,3_vital
SMIM42,testis,1,,1b_testis_CT
SMIM43,cerebral cortex,1,,3_vital
SMIM44,"duodenum, retina",2,,3_vital
SMIM45,"basal ganglia, cerebral cortex, hippocampal formation",3,,3_vital
SMIM5,kidney,1,,3_vital
SMIM6,"stomach, testis",2,,2_restricted
SMIM7,,0,,4_broad
SMIM8,,0,,4_broad
SMIM9,testis,1,,1b_testis_CT
SMKR1,testis,1,,1b_testis_CT
SMLR1,liver,1,,3_vital
SMN1,,0,,4_broad
SMN2,,0,,4_broad
SMNDC1,bone marrow,1,7.273239025930863e-05,1a_lymphoid
SMO,cervix,1,,2_restricted
SMOC1,cerebral cortex,1,,3_vital
SMOC2,blood vessel,1,,2_restricted
SMOX,"amygdala, midbrain",2,,3_vital
SMPD1,"kidney, liver",2,,3_vital
SMPD2,testis,1,,1b_testis_CT
SMPD3,"duodenum, small intestine, thymus",3,0.01731584947075718,1a_lymphoid
SMPD4,bone marrow,1,0.013268714336973086,1a_lymphoid
SMPDL3A,,0,,4_broad
SMPDL3B,pancreas,1,,3_vital
SMPX,"skeletal muscle, tongue",2,,3_vital
SMR3A,salivary gland,1,,2_restricted
SMR3B,salivary gland,1,,2_restricted
SMS,prostate,1,,2_restricted
SMTN,colon,1,,2_restricted
SMTNL1,skeletal muscle,1,,3_vital
SMTNL2,skeletal muscle,1,,3_vital
SMU1,,0,,4_broad
SMUG1,liver,1,,3_vital
SMURF1,blood vessel,1,,2_restricted
SMURF2,,0,,4_broad
SMYD1,"skeletal muscle, tongue",2,,3_vital
SMYD2,heart muscle,1,,3_vital
SMYD3,epididymis,1,,2_restricted
SMYD4,skeletal muscle,1,,3_vital
SMYD5,,0,,4_broad
SNAI1,adipose tissue,1,,2_restricted
SNAI2,,0,,4_broad
SNAI3,skeletal muscle,1,,3_vital
SNAP23,,0,,4_broad
SNAP25,"cerebellum, cerebral cortex",2,,3_vital
SNAP29,testis,1,,1b_testis_CT
SNAP47,,0,,4_broad
SNAP91,"cerebellum, cerebral cortex, retina",3,,3_vital
SNAPC1,testis,1,,1b_testis_CT
SNAPC2,endometrium,1,,2_restricted
SNAPC3,,0,,4_broad
SNAPC4,,0,,4_broad
SNAPC5,,0,,4_broad
SNAPIN,"skeletal muscle, tongue",2,,3_vital
SNCA,"bone marrow, cerebral cortex",2,0.005006054636712228,3_vital
SNCAIP,"endometrium, ovary",2,,2_restricted
SNCB,"cerebellum, cerebral cortex",2,,3_vital
SNCG,"amygdala, hypothalamus",2,,3_vital
SND1,pancreas,1,,3_vital
SNED1,,0,,4_broad
SNF8,,0,,4_broad
SNIP1,liver,1,,3_vital
SNN,basal ganglia,1,,3_vital
SNORC,spinal cord,1,,3_vital
SNPH,"amygdala, cerebral cortex, hippocampal formation",3,,3_vital
SNRK,bone marrow,1,0.00038222712439345356,1a_lymphoid
SNRNP200,thymus,1,0.038599001867042966,1a_lymphoid
SNRNP25,skeletal muscle,1,,3_vital
SNRNP27,"skeletal muscle, tongue",2,,3_vital
SNRNP35,skeletal muscle,1,,3_vital
SNRNP40,"thymus, tonsil",2,0.012222932195782571,1a_lymphoid
SNRNP48,cerebellum,1,,3_vital
SNRNP70,,0,,4_broad
SNRPA,,0,,4_broad
SNRPA1,bone marrow,1,0.0003489954115184488,1a_lymphoid
SNRPB,bone marrow,1,3.847467004427513e-06,1a_lymphoid
SNRPB2,bone marrow,1,0.0011905333350710895,1a_lymphoid
SNRPC,"bone marrow, heart muscle",2,0.04608517414852853,3_vital
SNRPD1,bone marrow,1,0.0017530106664302423,1a_lymphoid
SNRPD2,ovary,1,,2_restricted
SNRPD3,"skeletal muscle, tongue",2,,3_vital
SNRPE,thymus,1,0.006869051661108533,1a_lymphoid
SNRPF,bone marrow,1,0.013339736832730209,1a_lymphoid
SNRPG,,0,,4_broad
SNRPN,,0,,4_broad
SNTA1,"skeletal muscle, tongue",2,,3_vital
SNTB1,liver,1,,3_vital
SNTB2,retina,1,,3_vital
SNTG1,"basal ganglia, cerebral cortex",2,,3_vital
SNTG2,"pituitary gland, spleen",2,0.0046726803700587296,3_vital
SNTN,fallopian tube,1,,2_restricted
SNU13,,0,,4_broad
SNUPN,"choroid plexus, testis",2,,3_vital
SNURF,"cerebral cortex, skeletal muscle",2,,3_vital
SNW1,bone marrow,1,9.177980875042146e-07,1a_lymphoid
SNX1,thyroid gland,1,,2_restricted
SNX10,cerebral cortex,1,,3_vital
SNX11,tonsil,1,0.0007597412396204127,1a_lymphoid
SNX12,parathyroid gland,1,,2_restricted
SNX13,parathyroid gland,1,,2_restricted
SNX14,testis,1,,1b_testis_CT
SNX15,,0,,4_broad
SNX16,esophagus,1,,2_restricted
SNX17,,0,,4_broad
SNX18,bone marrow,1,3.175301710963317e-11,1a_lymphoid
SNX19,,0,,4_broad
SNX2,,0,,4_broad
SNX20,"lymph node, thymus, tonsil",3,0.0015901338124642797,1a_lymphoid
SNX21,skin,1,,2_restricted
SNX22,thyroid gland,1,,2_restricted
SNX24,"esophagus, spinal cord",2,,3_vital
SNX25,lung,1,,3_vital
SNX27,,0,,4_broad
SNX29,"parathyroid gland, retina",2,,3_vital
SNX3,,0,,4_broad
SNX30,"kidney, lung",2,,3_vital
SNX31,urinary bladder,1,,2_restricted
SNX32,"basal ganglia, cerebral cortex",2,,3_vital
SNX33,,0,,4_broad
SNX4,"kidney, liver",2,,3_vital
SNX5,,0,,4_broad
SNX6,,0,,4_broad
SNX7,,0,,4_broad
SNX8,spleen,1,8.506156203405328e-05,1a_lymphoid
SNX9,,0,,4_broad
SOAT1,adrenal gland,1,,3_vital
SOAT2,"duodenum, small intestine",2,,2_restricted
SOBP,,0,,4_broad
SOCS1,liver,1,,3_vital
SOCS2,,0,,4_broad
SOCS3,adipose tissue,1,,2_restricted
SOCS4,retina,1,,3_vital
SOCS5,"cerebellum, ovary",2,,3_vital
SOCS6,liver,1,,3_vital
SOCS7,"cerebellum, testis",2,,3_vital
SOD1,liver,1,,3_vital
SOD3,"blood vessel, choroid plexus",2,,3_vital
SOGA1,cerebellum,1,,3_vital
SOGA3,cerebral cortex,1,,3_vital
SOHLH1,cerebral cortex,1,,3_vital
SOHLH2,testis,1,,1b_testis_CT
SON,bone marrow,1,7.064182408768955e-07,1a_lymphoid
SORBS1,blood vessel,1,,2_restricted
SORBS2,heart muscle,1,,3_vital
SORBS3,blood vessel,1,,2_restricted
SORCS1,"basal ganglia, thyroid gland",2,,3_vital
SORCS2,basal ganglia,1,,3_vital
SORCS3,"basal ganglia, cerebral cortex, hypothalamus",3,,3_vital
SORD,"cervix, liver",2,,3_vital
SORL1,liver,1,,3_vital
SORT1,"epididymis, spinal cord",2,,3_vital
SOS1,,0,,4_broad
SOS2,"skeletal muscle, tongue",2,,3_vital
SOST,blood vessel,1,,2_restricted
SOSTDC1,choroid plexus,1,,3_vital
SOWAHA,basal ganglia,1,,3_vital
SOWAHB,liver,1,,3_vital
SOWAHC,"esophagus, liver",2,,3_vital
SOWAHD,"spleen, testis",2,4.9940792268571296e-06,1a_lymphoid
SOX1,hypothalamus,1,,3_vital
SOX10,spinal cord,1,,3_vital
SOX11,cerebral cortex,1,,3_vital
SOX12,cerebellum,1,,3_vital
SOX13,,0,,4_broad
SOX14,"hypothalamus, placenta",2,,3_vital
SOX15,esophagus,1,,2_restricted
SOX17,adipose tissue,1,,2_restricted
SOX18,heart muscle,1,,3_vital
SOX2,amygdala,1,,3_vital
SOX21,stomach,1,,2_restricted
SOX3,fallopian tube,1,,2_restricted
SOX30,testis,1,,1b_testis_CT
SOX4,"endometrium, ovary, thymus",3,0.0006002111962203161,1a_lymphoid
SOX5,testis,1,,1b_testis_CT
SOX6,bone marrow,1,5.6757554647525654e-08,1a_lymphoid
SOX7,vagina,1,,2_restricted
SOX8,spinal cord,1,,3_vital
SOX9,salivary gland,1,,2_restricted
SP1,,0,,4_broad
SP100,bone marrow,1,1.011032772405696e-06,1a_lymphoid
SP110,"lymph node, spleen, tonsil",3,0.013243345576032945,1a_lymphoid
SP140,"lymph node, tonsil",2,4.362068068790528e-05,1a_lymphoid
SP140L,spleen,1,0.02136080216210163,1a_lymphoid
SP2,skeletal muscle,1,,3_vital
SP3,,0,,4_broad
SP4,thymus,1,0.0007128942322493843,1a_lymphoid
SP5,"cervix, skin",2,,2_restricted
SP6,"placenta, skin",2,,2_restricted
SP7,testis,1,,1b_testis_CT
SP8,prostate,1,,2_restricted
SP9,"basal ganglia, cerebral cortex",2,,3_vital
SPA17,"fallopian tube, testis",2,,2_restricted
SPAAR,"adipose tissue, breast",2,,2_restricted
SPACA1,testis,1,,1b_testis_CT
SPACA3,testis,1,,1b_testis_CT
SPACA4,testis,1,,1b_testis_CT
SPACA5,testis,1,,1b_testis_CT
SPACA5B,testis,1,,1b_testis_CT
SPACA6,testis,1,,1b_testis_CT
SPACA7,testis,1,,1b_testis_CT
SPACA9,"epididymis, testis",2,,2_restricted
SPACDR,testis,1,,1b_testis_CT
SPAG1,"rectum, testis",2,,2_restricted
SPAG11A,epididymis,1,,2_restricted
SPAG11B,epididymis,1,,2_restricted
SPAG16,spinal cord,1,,3_vital
SPAG17,"choroid plexus, testis",2,,3_vital
SPAG4,pancreas,1,,3_vital
SPAG5,testis,1,,1b_testis_CT
SPAG6,"choroid plexus, testis",2,,3_vital
SPAG7,"skeletal muscle, tongue",2,,3_vital
SPAG8,"choroid plexus, fallopian tube",2,,3_vital
SPAG9,spinal cord,1,,3_vital
SPAM1,testis,1,,1b_testis_CT
SPANXA1,testis,1,,1b_testis_CT
SPANXA2,testis,1,,1b_testis_CT
SPANXB1,testis,1,,1b_testis_CT
SPANXC,testis,1,,1b_testis_CT
SPANXD,testis,1,,1b_testis_CT
SPANXN1,testis,1,,1b_testis_CT
SPANXN2,testis,1,,1b_testis_CT
SPANXN3,testis,1,,1b_testis_CT
SPANXN4,testis,1,,1b_testis_CT
SPANXN5,testis,1,,1b_testis_CT
SPARC,placenta,1,,2_restricted
SPARCL1,blood vessel,1,,2_restricted
SPART,,0,,4_broad
SPAST,,0,,4_broad
SPATA12,testis,1,,1b_testis_CT
SPATA13,spleen,1,5.909711567806041e-07,1a_lymphoid
SPATA16,testis,1,,1b_testis_CT
SPATA17,testis,1,,1b_testis_CT
SPATA18,fallopian tube,1,,2_restricted
SPATA19,testis,1,,1b_testis_CT
SPATA2,"cerebral cortex, spinal cord",2,,3_vital
SPATA20,testis,1,,1b_testis_CT
SPATA21,testis,1,,1b_testis_CT
SPATA22,testis,1,,1b_testis_CT
SPATA24,testis,1,,1b_testis_CT
SPATA25,testis,1,,1b_testis_CT
SPATA2L,,0,,4_broad
SPATA3,testis,1,,1b_testis_CT
SPATA31A1,testis,1,,1b_testis_CT
SPATA31A3,testis,1,,1b_testis_CT
SPATA31A5,testis,1,,1b_testis_CT
SPATA31A6,testis,1,,1b_testis_CT
SPATA31A7,testis,1,,1b_testis_CT
SPATA31D1,testis,1,,1b_testis_CT
SPATA31D3,testis,1,,1b_testis_CT
SPATA31D4,testis,1,,1b_testis_CT
SPATA31E1,testis,1,,1b_testis_CT
SPATA32,testis,1,,1b_testis_CT
SPATA33,testis,1,,1b_testis_CT
SPATA4,testis,1,,1b_testis_CT
SPATA45,testis,1,,1b_testis_CT
SPATA46,testis,1,,1b_testis_CT
SPATA48,testis,1,,1b_testis_CT
SPATA5,testis,1,,1b_testis_CT
SPATA5L1,esophagus,1,,2_restricted
SPATA6,testis,1,,1b_testis_CT
SPATA6L,"choroid plexus, fallopian tube, testis",3,,3_vital
SPATA7,testis,1,,1b_testis_CT
SPATA9,testis,1,,1b_testis_CT
SPATC1,testis,1,,1b_testis_CT
SPATC1L,testis,1,,1b_testis_CT
SPATS1,testis,1,,1b_testis_CT
SPATS2,testis,1,,1b_testis_CT
SPATS2L,salivary gland,1,,2_restricted
SPC24,bone marrow,1,3.027528309568582e-10,1a_lymphoid
SPC25,thymus,1,3.505348900603693e-06,1a_lymphoid
SPCS1,pancreas,1,,3_vital
SPCS2,epididymis,1,,2_restricted
SPCS3,salivary gland,1,,2_restricted
SPDEF,"prostate, salivary gland",2,,2_restricted
SPDL1,testis,1,,1b_testis_CT
SPDYA,testis,1,,1b_testis_CT
SPDYC,liver,1,,3_vital
SPDYE1,testis,1,,1b_testis_CT
SPDYE13,testis,1,,1b_testis_CT
SPDYE14,testis,1,,1b_testis_CT
SPDYE15,,0,,4_broad
SPDYE16,testis,1,,1b_testis_CT
SPDYE17,"skin, testis",2,,2_restricted
SPDYE2,testis,1,,1b_testis_CT
SPDYE21,testis,1,,1b_testis_CT
SPDYE2B,"skeletal muscle, testis",2,,3_vital
SPDYE3,testis,1,,1b_testis_CT
SPDYE4,testis,1,,1b_testis_CT
SPDYE5,testis,1,,1b_testis_CT
SPDYE6,testis,1,,1b_testis_CT
SPDYE8,testis,1,,1b_testis_CT
SPDYE9,testis,1,,1b_testis_CT
SPECC1,spinal cord,1,,3_vital
SPECC1L,testis,1,,1b_testis_CT
SPEF1,"basal ganglia, choroid plexus",2,,3_vital
SPEF2,"choroid plexus, fallopian tube",2,,3_vital
SPEG,"blood vessel, colon",2,,2_restricted
SPEGNB,"blood vessel, skeletal muscle",2,,3_vital
SPEM1,testis,1,,1b_testis_CT
SPEM2,testis,1,,1b_testis_CT
SPEM3,testis,1,,1b_testis_CT
SPEN,blood vessel,1,,2_restricted
SPESP1,testis,1,,1b_testis_CT
SPG11,thyroid gland,1,,2_restricted
SPG21,epididymis,1,,2_restricted
SPG7,skeletal muscle,1,,3_vital
SPHK1,,0,,4_broad
SPHK2,,0,,4_broad
SPHKAP,"cerebellum, heart muscle",2,,3_vital
SPI1,bone marrow,1,1.7300736988152292e-11,1a_lymphoid
SPIB,"lymph node, tonsil",2,4.41184296522241e-06,1a_lymphoid
SPIC,spleen,1,1.090137008396696e-39,1a_lymphoid
SPICE1,,0,,4_broad
SPIDR,,0,,4_broad
SPIN1,epididymis,1,,2_restricted
SPIN2A,cerebellum,1,,3_vital
SPIN2B,,0,,4_broad
SPIN3,cerebellum,1,,3_vital
SPIN4,bone marrow,1,3.3618635257143495e-05,1a_lymphoid
SPINDOC,testis,1,,1b_testis_CT
SPINK1,pancreas,1,,3_vital
SPINK13,epididymis,1,,2_restricted
SPINK14,"breast, rectum",2,,2_restricted
SPINK2,epididymis,1,,2_restricted
SPINK4,"colon, rectum, small intestine",3,,2_restricted
SPINK5,esophagus,1,,2_restricted
SPINK6,"cerebellum, cervix, vagina",3,,3_vital
SPINK7,"cervix, esophagus, vagina",3,,2_restricted
SPINK8,breast,1,,2_restricted
SPINK9,"bone marrow, retina, thymus",3,0.0001925675897092975,3_vital
SPINT1,esophagus,1,,2_restricted
SPINT2,salivary gland,1,,2_restricted
SPINT3,seminal vesicle,1,,2_restricted
SPINT4,epididymis,1,,2_restricted
SPIRE1,testis,1,,1b_testis_CT
SPIRE2,"cerebellum, pituitary gland",2,,3_vital
SPN,"bone marrow, thymus",2,2.7947669039127053e-07,1a_lymphoid
SPNS1,,0,,4_broad
SPNS2,esophagus,1,,2_restricted
SPNS3,bone marrow,1,8.267106289151037e-40,1a_lymphoid
SPO11,testis,1,,1b_testis_CT
SPOCD1,"choroid plexus, testis, urinary bladder",3,,3_vital
SPOCK1,cerebellum,1,,3_vital
SPOCK2,cerebellum,1,,3_vital
SPOCK3,"parathyroid gland, spinal cord",2,,3_vital
SPON1,gallbladder,1,,2_restricted
SPON2,"cervix, endometrium",2,,2_restricted
SPOP,colon,1,,2_restricted
SPOPL,blood vessel,1,,2_restricted
SPOUT1,liver,1,,3_vital
SPP1,"kidney, placenta",2,,3_vital
SPP2,liver,1,,3_vital
SPPL2A,parathyroid gland,1,,2_restricted
SPPL2B,,0,,4_broad
SPPL2C,testis,1,,1b_testis_CT
SPPL3,skin,1,,2_restricted
SPR,liver,1,,3_vital
SPRED1,thyroid gland,1,,2_restricted
SPRED2,thymus,1,0.033010838387656914,1a_lymphoid
SPRED3,cerebral cortex,1,,3_vital
SPRING1,thyroid gland,1,,2_restricted
SPRN,cerebral cortex,1,,3_vital
SPRR1A,"esophagus, vagina",2,,2_restricted
SPRR1B,"cervix, esophagus, vagina",3,,2_restricted
SPRR2A,esophagus,1,,2_restricted
SPRR2B,"cervix, esophagus, skin",3,,2_restricted
SPRR2D,esophagus,1,,2_restricted
SPRR2E,"esophagus, skin",2,,2_restricted
SPRR2F,esophagus,1,,2_restricted
SPRR2G,skin,1,,2_restricted
SPRR3,esophagus,1,,2_restricted
SPRR4,skin,1,,2_restricted
SPRR5,skin,1,,2_restricted
SPRTN,"bone marrow, testis",2,0.015064255347914036,1a_lymphoid
SPRY1,adipose tissue,1,,2_restricted
SPRY2,,0,,4_broad
SPRY3,cerebellum,1,,3_vital
SPRY4,blood vessel,1,,2_restricted
SPRYD3,"basal ganglia, cerebral cortex",2,,3_vital
SPRYD4,liver,1,,3_vital
SPRYD7,skeletal muscle,1,,3_vital
SPSB1,,0,,4_broad
SPSB2,kidney,1,,3_vital
SPSB3,skeletal muscle,1,,3_vital
SPSB4,pancreas,1,,3_vital
SPTA1,bone marrow,1,2.6907534499851086e-76,1a_lymphoid
SPTAN1,"cerebellum, cerebral cortex",2,,3_vital
SPTB,skeletal muscle,1,,3_vital
SPTBN1,adipose tissue,1,,2_restricted
SPTBN2,"cerebellum, skin",2,,3_vital
SPTBN4,"cerebellum, cerebral cortex",2,,3_vital
SPTBN5,retina,1,,3_vital
SPTLC1,,0,,4_broad
SPTLC2,bone marrow,1,0.0012973798829885713,1a_lymphoid
SPTLC3,skin,1,,2_restricted
SPTSSA,adrenal gland,1,,3_vital
SPTSSB,"skin, stomach, urinary bladder",3,,2_restricted
SPTY2D1,bone marrow,1,3.376129626704373e-13,1a_lymphoid
SPTY2D1OS,testis,1,,1b_testis_CT
SPX,adipose tissue,1,,2_restricted
SPZ1,testis,1,,1b_testis_CT
SQLE,esophagus,1,,2_restricted
SQOR,"colon, rectum",2,,2_restricted
SQSTM1,skeletal muscle,1,,3_vital
SRA1,adrenal gland,1,,3_vital
SRARP,basal ganglia,1,,3_vital
SRBD1,,0,,4_broad
SRC,,0,,4_broad
SRCAP,bone marrow,1,0.0009273594124277933,1a_lymphoid
SRCIN1,"cerebellum, spinal cord",2,,3_vital
SRD5A1,liver,1,,3_vital
SRD5A2,liver,1,,3_vital
SRD5A3,esophagus,1,,2_restricted
SREBF1,"adrenal gland, liver",2,,3_vital
SREBF2,cerebral cortex,1,,3_vital
SREK1,bone marrow,1,1.6184369701131082e-08,1a_lymphoid
SREK1IP1,skin,1,,2_restricted
SRF,colon,1,,2_restricted
SRFBP1,,0,,4_broad
SRGAP1,,0,,4_broad
SRGAP2,cerebellum,1,,3_vital
SRGAP2B,cerebellum,1,,3_vital
SRGAP2C,cerebellum,1,,3_vital
SRGAP3,cerebellum,1,,3_vital
SRGN,bone marrow,1,1.161555586111522e-41,1a_lymphoid
SRI,"colon, rectum",2,,2_restricted
SRL,"skeletal muscle, tongue",2,,3_vital
SRM,pancreas,1,,3_vital
SRMS,"spleen, stomach",2,0.03129902230554316,1a_lymphoid
SRP14,,0,,4_broad
SRP19,bone marrow,1,2.1758114831910876e-07,1a_lymphoid
SRP54,"liver, salivary gland",2,,3_vital
SRP68,skeletal muscle,1,,3_vital
SRP72,bone marrow,1,0.023235201488466476,1a_lymphoid
SRP9,liver,1,,3_vital
SRPK1,testis,1,,1b_testis_CT
SRPK2,testis,1,,1b_testis_CT
SRPK3,skeletal muscle,1,,3_vital
SRPRA,"pancreas, salivary gland",2,,3_vital
SRPRB,pancreas,1,,3_vital
SRPX,adipose tissue,1,,2_restricted
SRPX2,adipose tissue,1,,2_restricted
SRR,,0,,4_broad
SRRD,"skeletal muscle, tongue",2,,3_vital
SRRM1,,0,,4_broad
SRRM2,,0,,4_broad
SRRM3,cerebellum,1,,3_vital
SRRM4,"cerebellum, retina",2,,3_vital
SRRM5,testis,1,,1b_testis_CT
SRRT,testis,1,,1b_testis_CT
SRSF1,tonsil,1,0.002718562766949124,1a_lymphoid
SRSF10,bone marrow,1,4.59134503121138e-09,1a_lymphoid
SRSF11,cerebellum,1,,3_vital
SRSF12,testis,1,,1b_testis_CT
SRSF2,bone marrow,1,0.005212907269020726,1a_lymphoid
SRSF3,"bone marrow, thymus",2,0.005898628046518607,1a_lymphoid
SRSF4,,0,,4_broad
SRSF5,bone marrow,1,4.2427452720527975e-05,1a_lymphoid
SRSF6,bone marrow,1,2.883855760906443e-06,1a_lymphoid
SRSF7,bone marrow,1,1.2864702552144093e-05,1a_lymphoid
SRSF8,,0,,4_broad
SRSF9,,0,,4_broad
SRXN1,"adrenal gland, esophagus",2,,3_vital
SRY,"skin, testis",2,,2_restricted
SS18,,0,,4_broad
SS18L1,"cerebellum, liver",2,,3_vital
SS18L2,,0,,4_broad
SSB,,0,,4_broad
SSBP1,skeletal muscle,1,,3_vital
SSBP2,thymus,1,2.761753138929032e-07,1a_lymphoid
SSBP3,"blood vessel, ovary",2,,2_restricted
SSBP4,basal ganglia,1,,3_vital
SSC4D,parathyroid gland,1,,2_restricted
SSC5D,"colon, endometrium",2,,2_restricted
SSH1,"lung, skeletal muscle",2,,3_vital
SSH2,"bone marrow, skeletal muscle",2,0.036346864782195475,3_vital
SSH3,,0,,4_broad
SSMEM1,testis,1,,1b_testis_CT
SSNA1,testis,1,,1b_testis_CT
SSPN,"skeletal muscle, tongue",2,,3_vital
SSR1,,0,,4_broad
SSR2,pancreas,1,,3_vital
SSR3,,0,,4_broad
SSR4,pancreas,1,,3_vital
SSRP1,skeletal muscle,1,,3_vital
SST,"hypothalamus, pancreas",2,,3_vital
SSTR1,stomach,1,,2_restricted
SSTR2,"cerebellum, cerebral cortex",2,,3_vital
SSTR3,"testis, thymus",2,2.550910409827277e-06,1a_lymphoid
SSTR4,"amygdala, cerebellum, cerebral cortex",3,,3_vital
SSTR5,kidney,1,,3_vital
SSU72,skeletal muscle,1,,3_vital
SSU72P2,thymus,1,8.362876661298447e-202,1a_lymphoid
SSU72P3,thymus,1,8.362876661298447e-202,1a_lymphoid
SSU72P4,"rectum, thymus",2,7.194361018193167e-07,1a_lymphoid
SSU72P5,liver,1,,3_vital
SSU72P7,,0,,4_broad
SSU72P8,testis,1,,1b_testis_CT
SSUH2,"duodenum, small intestine, testis",3,,2_restricted
SSX1,testis,1,,1b_testis_CT
SSX2,testis,1,,1b_testis_CT
SSX2B,testis,1,,1b_testis_CT
SSX2IP,"retina, testis",2,,3_vital
SSX3,testis,1,,1b_testis_CT
SSX4,testis,1,,1b_testis_CT
SSX4B,testis,1,,1b_testis_CT
SSX5,testis,1,,1b_testis_CT
SSX7,retina,1,,3_vital
ST13,ovary,1,,2_restricted
ST14,small intestine,1,,2_restricted
ST18,"cerebellum, spinal cord",2,,3_vital
ST20-MTHFS,liver,1,,3_vital
ST3GAL1,"liver, thyroid gland",2,,3_vital
ST3GAL2,skeletal muscle,1,,3_vital
ST3GAL3,"skeletal muscle, tongue",2,,3_vital
ST3GAL4,"adrenal gland, ovary",2,,3_vital
ST3GAL5,adrenal gland,1,,3_vital
ST3GAL6,liver,1,,3_vital
ST6GAL1,liver,1,,3_vital
ST6GAL2,"blood vessel, thyroid gland",2,,2_restricted
ST6GALNAC1,"colon, rectum",2,,2_restricted
ST6GALNAC2,choroid plexus,1,,3_vital
ST6GALNAC3,thyroid gland,1,,2_restricted
ST6GALNAC4,pancreas,1,,3_vital
ST6GALNAC5,,0,,4_broad
ST6GALNAC6,amygdala,1,,3_vital
ST7,liver,1,,3_vital
ST7L,testis,1,,1b_testis_CT
ST8SIA1,,0,,4_broad
ST8SIA2,heart muscle,1,,3_vital
ST8SIA3,"basal ganglia, cerebral cortex",2,,3_vital
ST8SIA4,appendix,1,0.02696729049825085,1a_lymphoid
ST8SIA5,cerebellum,1,,3_vital
ST8SIA6,"breast, lung",2,,3_vital
STAB1,spleen,1,1.5409297934292998e-10,1a_lymphoid
STAB2,spleen,1,1.1532589444770712e-31,1a_lymphoid
STAC,"blood vessel, prostate",2,,2_restricted
STAC2,"blood vessel, retina",2,,3_vital
STAC3,"skeletal muscle, tongue",2,,3_vital
STAG1,,0,,4_broad
STAG2,thymus,1,0.006577193180729146,1a_lymphoid
STAG3,testis,1,,1b_testis_CT
STAM,bone marrow,1,8.506267537639012e-17,1a_lymphoid
STAM2,,0,,4_broad
STAMBP,skeletal muscle,1,,3_vital
STAMBPL1,adrenal gland,1,,3_vital
STAP1,"lymph node, tonsil",2,1.358969990840959e-07,1a_lymphoid
STAP2,esophagus,1,,2_restricted
STAR,adrenal gland,1,,3_vital
STARD10,liver,1,,3_vital
STARD13,colon,1,,2_restricted
STARD3,,0,,4_broad
STARD3NL,,0,,4_broad
STARD4,duodenum,1,,2_restricted
STARD5,,0,,4_broad
STARD6,testis,1,,1b_testis_CT
STARD7,"skeletal muscle, tongue",2,,3_vital
STARD8,lung,1,,3_vital
STARD9,retina,1,,3_vital
STAT1,lymph node,1,0.007397745687607849,1a_lymphoid
STAT2,,0,,4_broad
STAT3,liver,1,,3_vital
STAT4,"heart muscle, testis",2,,3_vital
STAT5A,adipose tissue,1,,2_restricted
STAT5B,,0,,4_broad
STAT6,,0,,4_broad
STATH,salivary gland,1,,2_restricted
STAU1,liver,1,,3_vital
STAU2,"skeletal muscle, tongue",2,,3_vital
STBD1,"skeletal muscle, tongue",2,,3_vital
STC1,"choroid plexus, thyroid gland",2,,3_vital
STC2,breast,1,,2_restricted
STEAP1,prostate,1,,2_restricted
STEAP1B,choroid plexus,1,,3_vital
STEAP2,prostate,1,,2_restricted
STEAP3,liver,1,,3_vital
STEAP4,adipose tissue,1,,2_restricted
STEEP1,bone marrow,1,0.016324128322675477,1a_lymphoid
STH,cerebellum,1,,3_vital
STIL,"bone marrow, thymus",2,0.004345135785809648,1a_lymphoid
STIM1,skeletal muscle,1,,3_vital
STIM2,choroid plexus,1,,3_vital
STIMATE,liver,1,,3_vital
STIMATE-MUSTN1,liver,1,,3_vital
STING1,,0,,4_broad
STIP1,skeletal muscle,1,,3_vital
STK10,bone marrow,1,4.216797788330587e-06,1a_lymphoid
STK11,"skeletal muscle, testis",2,,3_vital
STK11IP,testis,1,,1b_testis_CT
STK16,liver,1,,3_vital
STK17A,"lymph node, tonsil",2,0.0017692327560840885,1a_lymphoid
STK17B,bone marrow,1,3.394555180202426e-17,1a_lymphoid
STK19,pancreas,1,,3_vital
STK24,"esophagus, skin",2,,2_restricted
STK25,skeletal muscle,1,,3_vital
STK26,bone marrow,1,0.0018587270198115618,1a_lymphoid
STK3,,0,,4_broad
STK31,testis,1,,1b_testis_CT
STK32A,"adrenal gland, midbrain",2,,3_vital
STK32B,"kidney, thymus",2,9.5092935849259e-08,3_vital
STK32C,"cerebral cortex, testis",2,,3_vital
STK33,"choroid plexus, testis",2,,3_vital
STK35,retina,1,,3_vital
STK36,testis,1,,1b_testis_CT
STK38,,0,,4_broad
STK38L,blood vessel,1,,2_restricted
STK39,salivary gland,1,,2_restricted
STK4,bone marrow,1,0.0006251725419132246,1a_lymphoid
STK40,skeletal muscle,1,,3_vital
STKLD1,testis,1,,1b_testis_CT
STMN1,"spinal cord, thymus",2,0.011311070297986746,3_vital
STMN2,"cerebellum, cerebral cortex, hypothalamus",3,,3_vital
STMN3,cerebral cortex,1,,3_vital
STMN4,spinal cord,1,,3_vital
STMND1,fallopian tube,1,,2_restricted
STMP1,"esophagus, skeletal muscle",2,,3_vital
STN1,esophagus,1,,2_restricted
STOM,"bone marrow, liver",2,0.03587063708297182,3_vital
STOML1,cerebral cortex,1,,3_vital
STOML2,skeletal muscle,1,,3_vital
STOML3,fallopian tube,1,,2_restricted
STON1,colon,1,,2_restricted
STON1-GTF2A1L,colon,1,,2_restricted
STON2,"amygdala, basal ganglia",2,,3_vital
STOX1,"amygdala, cerebral cortex",2,,3_vital
STOX2,cerebral cortex,1,,3_vital
STPG1,testis,1,,1b_testis_CT
STPG2,testis,1,,1b_testis_CT
STPG3,testis,1,,1b_testis_CT
STPG4,testis,1,,1b_testis_CT
STRA6,cervix,1,,2_restricted
STRA8,testis,1,,1b_testis_CT
STRADA,testis,1,,1b_testis_CT
STRADB,"liver, skeletal muscle",2,,3_vital
STRAP,skeletal muscle,1,,3_vital
STRBP,"parathyroid gland, testis",2,,2_restricted
STRC,cerebellum,1,,3_vital
STRIP1,cerebellum,1,,3_vital
STRIP2,"basal ganglia, choroid plexus",2,,3_vital
STRIT1,skeletal muscle,1,,3_vital
STRN,"esophagus, heart muscle",2,,3_vital
STRN3,skeletal muscle,1,,3_vital
STRN4,testis,1,,1b_testis_CT
STS,"adipose tissue, placenta",2,,2_restricted
STT3A,parathyroid gland,1,,2_restricted
STT3B,,0,,4_broad
STUB1,,0,,4_broad
STUM,"amygdala, cerebral cortex, hippocampal formation",3,,3_vital
STX10,,0,,4_broad
STX11,bone marrow,1,3.3665737654084146e-29,1a_lymphoid
STX12,thyroid gland,1,,2_restricted
STX16,,0,,4_broad
STX17,liver,1,,3_vital
STX18,cervix,1,,2_restricted
STX19,epididymis,1,,2_restricted
STX1A,"cerebellum, cerebral cortex",2,,3_vital
STX1B,"cerebellum, cerebral cortex",2,,3_vital
STX2,,0,,4_broad
STX3,retina,1,,3_vital
STX4,,0,,4_broad
STX5,,0,,4_broad
STX6,,0,,4_broad
STX7,"lymph node, tonsil",2,0.0038387848169046447,1a_lymphoid
STX8,choroid plexus,1,,3_vital
STXBP1,"cerebellum, cerebral cortex, retina",3,,3_vital
STXBP2,spleen,1,0.0007557054341339836,1a_lymphoid
STXBP3,spinal cord,1,,3_vital
STXBP4,parathyroid gland,1,,2_restricted
STXBP5,parathyroid gland,1,,2_restricted
STXBP5L,cerebellum,1,,3_vital
STXBP6,placenta,1,,2_restricted
STYK1,"rectum, stomach",2,,2_restricted
STYX,liver,1,,3_vital
STYXL1,choroid plexus,1,,3_vital
STYXL2,"heart muscle, skeletal muscle",2,,3_vital
SUB1,bone marrow,1,0.0002037470304547269,1a_lymphoid
SUCLA2,"skeletal muscle, tongue",2,,3_vital
SUCLG1,kidney,1,,3_vital
SUCLG2,liver,1,,3_vital
SUCNR1,kidney,1,,3_vital
SUCO,"bone marrow, epididymis",2,9.532809638377554e-08,1a_lymphoid
SUDS3,parathyroid gland,1,,2_restricted
SUFU,skin,1,,2_restricted
SUGCT,"kidney, liver",2,,3_vital
SUGP1,"skeletal muscle, testis",2,,3_vital
SUGP2,"cerebellum, testis",2,,3_vital
SUGT1,,0,,4_broad
SULF1,blood vessel,1,,2_restricted
SULF2,ovary,1,,2_restricted
SULT1A1,liver,1,,3_vital
SULT1A2,"duodenum, liver, small intestine",3,,3_vital
SULT1A3,"duodenum, small intestine",2,,2_restricted
SULT1A4,"duodenum, small intestine",2,,2_restricted
SULT1B1,"duodenum, small intestine",2,,2_restricted
SULT1C2,stomach,1,,2_restricted
SULT1C3,breast,1,,2_restricted
SULT1C4,ovary,1,,2_restricted
SULT1E1,"liver, vagina",2,,3_vital
SULT2A1,liver,1,,3_vital
SULT2B1,"esophagus, skin",2,,2_restricted
SULT4A1,"cerebellum, cerebral cortex",2,,3_vital
SULT6B1,testis,1,,1b_testis_CT
SUMF1,parathyroid gland,1,,2_restricted
SUMF2,,0,,4_broad
SUMO1,liver,1,,3_vital
SUMO2,cerebellum,1,,3_vital
SUMO3,,0,,4_broad
SUMO4,,0,,4_broad
SUN1,skeletal muscle,1,,3_vital
SUN2,bone marrow,1,0.005800564137938107,1a_lymphoid
SUN3,testis,1,,1b_testis_CT
SUN5,testis,1,,1b_testis_CT
SUOX,liver,1,,3_vital
SUPT16H,,0,,4_broad
SUPT20H,testis,1,,1b_testis_CT
SUPT20HL1,testis,1,,1b_testis_CT
SUPT20HL2,"skeletal muscle, testis",2,,3_vital
SUPT3H,testis,1,,1b_testis_CT
SUPT4H1,bone marrow,1,2.1766892342930753e-07,1a_lymphoid
SUPT5H,"bone marrow, testis",2,0.002623710841348835,1a_lymphoid
SUPT6H,"bone marrow, skeletal muscle",2,3.0750396998562105e-05,3_vital
SUPT7L,retina,1,,3_vital
SUPV3L1,"skeletal muscle, tongue",2,,3_vital
SURF1,,0,,4_broad
SURF2,testis,1,,1b_testis_CT
SURF4,liver,1,,3_vital
SURF6,,0,,4_broad
SUSD1,,0,,4_broad
SUSD2,"blood vessel, lung",2,,3_vital
SUSD3,testis,1,,1b_testis_CT
SUSD4,,0,,4_broad
SUSD5,blood vessel,1,,2_restricted
SUSD6,bone marrow,1,0.00021222989204167618,1a_lymphoid
SUV39H1,"bone marrow, epididymis",2,0.0005092312613716751,1a_lymphoid
SUV39H2,testis,1,,1b_testis_CT
SUZ12,bone marrow,1,0.0015205962472439284,1a_lymphoid
SV2A,"cerebellum, cerebral cortex",2,,3_vital
SV2B,retina,1,,3_vital
SV2C,"basal ganglia, hypothalamus, midbrain",3,,3_vital
SVBP,,0,,4_broad
SVEP1,"adipose tissue, placenta",2,,2_restricted
SVIL,"skeletal muscle, tongue",2,,3_vital
SVIP,spinal cord,1,,3_vital
SVOP,"cerebellum, cerebral cortex",2,,3_vital
SVOPL,choroid plexus,1,,3_vital
SWAP70,"lymph node, tonsil",2,0.0016258767258039426,1a_lymphoid
SWI5,testis,1,,1b_testis_CT
SWSAP1,"liver, spleen",2,0.03343128050004885,3_vital
SWT1,testis,1,,1b_testis_CT
SYAP1,"bone marrow, liver",2,0.04809922956919979,3_vital
SYBU,pancreas,1,,3_vital
SYCE1,testis,1,,1b_testis_CT
SYCE1L,testis,1,,1b_testis_CT
SYCE2,testis,1,,1b_testis_CT
SYCE3,testis,1,,1b_testis_CT
SYCN,pancreas,1,,3_vital
SYCP1,testis,1,,1b_testis_CT
SYCP2,testis,1,,1b_testis_CT
SYCP2L,parathyroid gland,1,,2_restricted
SYCP3,testis,1,,1b_testis_CT
SYDE1,blood vessel,1,,2_restricted
SYDE2,retina,1,,3_vital
SYF2,bone marrow,1,1.403462860406258e-05,1a_lymphoid
SYK,"parathyroid gland, tonsil",2,0.04978707989046606,1a_lymphoid
SYMPK,testis,1,,1b_testis_CT
SYN1,cerebral cortex,1,,3_vital
SYN2,"amygdala, cerebral cortex",2,,3_vital
SYN3,cerebral cortex,1,,3_vital
SYNC,"skeletal muscle, tongue",2,,3_vital
SYNCRIP,,0,,4_broad
SYNDIG1,"cerebellum, spinal cord",2,,3_vital
SYNDIG1L,basal ganglia,1,,3_vital
SYNE1,"cerebellum, choroid plexus",2,,3_vital
SYNE2,skeletal muscle,1,,3_vital
SYNE3,"adipose tissue, bone marrow, retina",3,0.0013407014453985394,3_vital
SYNE4,,0,,4_broad
SYNGAP1,"cerebral cortex, pituitary gland",2,,3_vital
SYNGR1,"cerebellum, cerebral cortex",2,,3_vital
SYNGR2,skeletal muscle,1,,3_vital
SYNGR3,"cerebral cortex, hypothalamus",2,,3_vital
SYNGR4,testis,1,,1b_testis_CT
SYNJ1,"cerebral cortex, retina",2,,3_vital
SYNJ2,spinal cord,1,,3_vital
SYNJ2BP,"skeletal muscle, tongue",2,,3_vital
SYNJ2BP-COX16,testis,1,,1b_testis_CT
SYNM,"colon, skeletal muscle",2,,3_vital
SYNPO,skeletal muscle,1,,3_vital
SYNPO2,skeletal muscle,1,,3_vital
SYNPO2L,"heart muscle, skeletal muscle",2,,3_vital
SYNPR,basal ganglia,1,,3_vital
SYNRG,"lymph node, thymus",2,0.0006483418347839785,1a_lymphoid
SYP,cerebral cortex,1,,3_vital
SYPL1,spinal cord,1,,3_vital
SYPL2,skeletal muscle,1,,3_vital
SYS1,choroid plexus,1,,3_vital
SYT1,"cerebral cortex, retina",2,,3_vital
SYT10,fallopian tube,1,,2_restricted
SYT11,cerebral cortex,1,,3_vital
SYT12,"cerebellum, parathyroid gland",2,,3_vital
SYT13,cerebral cortex,1,,3_vital
SYT14,"retina, thyroid gland",2,,3_vital
SYT15,lung,1,,3_vital
SYT15B,lung,1,,3_vital
SYT16,cerebral cortex,1,,3_vital
SYT17,cerebral cortex,1,,3_vital
SYT2,cerebellum,1,,3_vital
SYT3,"cerebellum, cerebral cortex",2,,3_vital
SYT4,cerebellum,1,,3_vital
SYT5,"basal ganglia, cerebral cortex",2,,3_vital
SYT6,hypothalamus,1,,3_vital
SYT7,liver,1,,3_vital
SYT8,skin,1,,2_restricted
SYT9,"cerebellum, retina",2,,3_vital
SYTL1,"esophagus, pancreas",2,,3_vital
SYTL2,stomach,1,,2_restricted
SYTL3,choroid plexus,1,,3_vital
SYTL4,"endometrium, ovary",2,,2_restricted
SYTL5,,0,,4_broad
SYVN1,"liver, pancreas",2,,3_vital
SZRD1,skeletal muscle,1,,3_vital
SZT2,,0,,4_broad
TAAR1,stomach,1,,2_restricted
TAAR2,testis,1,,1b_testis_CT
TAAR5,,0,,4_broad
TAAR6,kidney,1,,3_vital
TAAR8,,0,,4_broad
TAAR9,,0,,4_broad
TAB1,,0,,4_broad
TAB2,"skeletal muscle, tongue",2,,3_vital
TAB3,parathyroid gland,1,,2_restricted
TAC1,basal ganglia,1,,3_vital
TAC3,placenta,1,,2_restricted
TAC4,pituitary gland,1,,3_vital
TACC1,adipose tissue,1,,2_restricted
TACC2,"heart muscle, skeletal muscle",2,,3_vital
TACC3,"bone marrow, testis, thymus",3,0.01250335738877203,1a_lymphoid
TACO1,"liver, skeletal muscle, tongue",3,,3_vital
TACR1,adipose tissue,1,,2_restricted
TACR2,colon,1,,2_restricted
TACR3,"retina, urinary bladder",2,,3_vital
TACSTD2,esophagus,1,,2_restricted
TADA1,liver,1,,3_vital
TADA2A,cerebellum,1,,3_vital
TADA2B,"skeletal muscle, tongue",2,,3_vital
TADA3,,0,,4_broad
TAF1,retina,1,,3_vital
TAF10,choroid plexus,1,,3_vital
TAF11,,0,,4_broad
TAF11L10,testis,1,,1b_testis_CT
TAF11L11,testis,1,,1b_testis_CT
TAF11L12,,0,,4_broad
TAF11L13,,0,,4_broad
TAF11L14,,0,,4_broad
TAF11L2,testis,1,,1b_testis_CT
TAF11L3,,0,,4_broad
TAF11L4,,0,,4_broad
TAF11L5,testis,1,,1b_testis_CT
TAF11L6,,0,,4_broad
TAF11L7,testis,1,,1b_testis_CT
TAF11L8,,0,,4_broad
TAF11L9,testis,1,,1b_testis_CT
TAF12,cervix,1,,2_restricted
TAF13,skeletal muscle,1,,3_vital
TAF15,skeletal muscle,1,,3_vital
TAF1A,,0,,4_broad
TAF1B,,0,,4_broad
TAF1C,,0,,4_broad
TAF1D,,0,,4_broad
TAF1L,"retina, testis",2,,3_vital
TAF2,,0,,4_broad
TAF3,skeletal muscle,1,,3_vital
TAF4,,0,,4_broad
TAF4B,testis,1,,1b_testis_CT
TAF5,testis,1,,1b_testis_CT
TAF5L,"blood vessel, bone marrow",2,0.02109494761962744,1a_lymphoid
TAF6,cerebral cortex,1,,3_vital
TAF6L,liver,1,,3_vital
TAF7,skeletal muscle,1,,3_vital
TAF7L,testis,1,,1b_testis_CT
TAF8,thymus,1,0.008538786922889065,1a_lymphoid
TAF9,"bone marrow, testis",2,0.014811357895556888,1a_lymphoid
TAF9B,retina,1,,3_vital
TAFA1,"cerebral cortex, hippocampal formation",2,,3_vital
TAFA2,"amygdala, cerebral cortex",2,,3_vital
TAFA3,retina,1,,3_vital
TAFA4,"adrenal gland, retina",2,,3_vital
TAFA5,hippocampal formation,1,,3_vital
TAFAZZIN,"heart muscle, tongue",2,,3_vital
TAGAP,bone marrow,1,2.2865497356139467e-16,1a_lymphoid
TAGLN,blood vessel,1,,2_restricted
TAGLN2,lung,1,,3_vital
TAGLN3,cerebral cortex,1,,3_vital
TAL1,bone marrow,1,2.294870633416631e-20,1a_lymphoid
TAL2,skeletal muscle,1,,3_vital
TALDO1,"bone marrow, esophagus",2,3.0529648146072585e-06,1a_lymphoid
TAMALIN,lung,1,,3_vital
TAMM41,,0,,4_broad
TANC1,"heart muscle, skin",2,,3_vital
TANC2,parathyroid gland,1,,2_restricted
TANGO2,heart muscle,1,,3_vital
TANGO6,liver,1,,3_vital
TANK,bone marrow,1,0.001335412344570501,1a_lymphoid
TAOK1,retina,1,,3_vital
TAOK2,,0,,4_broad
TAOK3,retina,1,,3_vital
TAP1,spleen,1,0.0009037507465865166,1a_lymphoid
TAP2,spleen,1,0.01767029078676771,1a_lymphoid
TAPBP,spleen,1,0.008991430698579293,1a_lymphoid
TAPBPL,salivary gland,1,,2_restricted
TAPT1,"liver, skeletal muscle",2,,3_vital
TARBP1,,0,,4_broad
TARBP2,cerebellum,1,,3_vital
TARDBP,skeletal muscle,1,,3_vital
TARM1,bone marrow,1,3.379714767836779e-62,1a_lymphoid
TARS1,"liver, pancreas",2,,3_vital
TARS2,"skeletal muscle, tongue",2,,3_vital
TARS3,"skeletal muscle, tongue",2,,3_vital
TAS1R1,testis,1,,1b_testis_CT
TAS1R2,skin,1,,2_restricted
TAS1R3,"epididymis, salivary gland",2,,2_restricted
TAS2R1,testis,1,,1b_testis_CT
TAS2R10,,0,,4_broad
TAS2R13,,0,,4_broad
TAS2R14,cerebellum,1,,3_vital
TAS2R16,,0,,4_broad
TAS2R19,"cerebellum, ovary",2,,3_vital
TAS2R20,,0,,4_broad
TAS2R3,,0,,4_broad
TAS2R30,retina,1,,3_vital
TAS2R31,ovary,1,,2_restricted
TAS2R38,"duodenum, rectum, small intestine",3,,2_restricted
TAS2R39,,0,,4_broad
TAS2R4,cerebellum,1,,3_vital
TAS2R40,"appendix, spleen",2,1.9863132957199792e-08,1a_lymphoid
TAS2R41,,0,,4_broad
TAS2R42,,0,,4_broad
TAS2R43,"cerebellum, ovary",2,,3_vital
TAS2R46,cerebellum,1,,3_vital
TAS2R5,,0,,4_broad
TAS2R50,cerebellum,1,,3_vital
TAS2R60,"bone marrow, liver, pancreas",3,0.0006146719758324831,3_vital
TAS2R7,,0,,4_broad
TAS2R8,,0,,4_broad
TAS2R9,,0,,4_broad
TASL,bone marrow,1,7.099805397620507e-06,1a_lymphoid
TASOR,testis,1,,1b_testis_CT
TASOR2,testis,1,,1b_testis_CT
TASP1,blood vessel,1,,2_restricted
TAT,liver,1,,3_vital
TATDN1,skeletal muscle,1,,3_vital
TATDN2,"bone marrow, thymus",2,0.003342204166465548,1a_lymphoid
TATDN3,skeletal muscle,1,,3_vital
TAX1BP1,,0,,4_broad
TAX1BP3,esophagus,1,,2_restricted
TBATA,thymus,1,2.043042872473823e-50,1a_lymphoid
TBC1D1,tongue,1,,2_restricted
TBC1D10A,skin,1,,2_restricted
TBC1D10B,"skeletal muscle, testis",2,,3_vital
TBC1D10C,"lymph node, spleen",2,0.00013453936173796907,1a_lymphoid
TBC1D12,spinal cord,1,,3_vital
TBC1D13,,0,,4_broad
TBC1D14,,0,,4_broad
TBC1D15,bone marrow,1,0.0022085350815636592,1a_lymphoid
TBC1D16,"adipose tissue, kidney",2,,3_vital
TBC1D17,skeletal muscle,1,,3_vital
TBC1D19,"kidney, thymus",2,0.010264675956121686,3_vital
TBC1D2,"esophagus, lung",2,,3_vital
TBC1D20,,0,,4_broad
TBC1D21,testis,1,,1b_testis_CT
TBC1D22A,,0,,4_broad
TBC1D22B,bone marrow,1,0.009756291934028318,1a_lymphoid
TBC1D23,,0,,4_broad
TBC1D24,salivary gland,1,,2_restricted
TBC1D25,cerebellum,1,,3_vital
TBC1D26,testis,1,,1b_testis_CT
TBC1D28,testis,1,,1b_testis_CT
TBC1D2B,,0,,4_broad
TBC1D3,choroid plexus,1,,3_vital
TBC1D30,pancreas,1,,3_vital
TBC1D31,thymus,1,3.213643307976533e-07,1a_lymphoid
TBC1D32,retina,1,,3_vital
TBC1D3B,"cerebellum, testis",2,,3_vital
TBC1D3C,testis,1,,1b_testis_CT
TBC1D3D,"choroid plexus, testis",2,,3_vital
TBC1D3E,testis,1,,1b_testis_CT
TBC1D3F,testis,1,,1b_testis_CT
TBC1D3G,testis,1,,1b_testis_CT
TBC1D3H,testis,1,,1b_testis_CT
TBC1D3I,testis,1,,1b_testis_CT
TBC1D3K,testis,1,,1b_testis_CT
TBC1D3L,cerebellum,1,,3_vital
TBC1D4,"adrenal gland, skeletal muscle",2,,3_vital
TBC1D5,,0,,4_broad
TBC1D7,heart muscle,1,,3_vital
TBC1D8,"skeletal muscle, tongue",2,,3_vital
TBC1D8B,adrenal gland,1,,3_vital
TBC1D9,breast,1,,2_restricted
TBC1D9B,spinal cord,1,,3_vital
TBCA,liver,1,,3_vital
TBCB,spinal cord,1,,3_vital
TBCC,bone marrow,1,0.00029661839803119406,1a_lymphoid
TBCCD1,testis,1,,1b_testis_CT
TBCD,salivary gland,1,,2_restricted
TBCE,skeletal muscle,1,,3_vital
TBCEL,,0,,4_broad
TBCEL-TECTA,"pancreas, testis",2,,3_vital
TBCK,ovary,1,,2_restricted
TBK1,testis,1,,1b_testis_CT
TBKBP1,cerebral cortex,1,,3_vital
TBL1X,"endometrium, seminal vesicle",2,,2_restricted
TBL1XR1,,0,,4_broad
TBL1Y,"prostate, thyroid gland",2,,2_restricted
TBL2,testis,1,,1b_testis_CT
TBL3,"cerebellum, skeletal muscle",2,,3_vital
TBP,testis,1,,1b_testis_CT
TBPL1,testis,1,,1b_testis_CT
TBPL2,"skeletal muscle, skin",2,,3_vital
TBR1,cerebral cortex,1,,3_vital
TBRG1,,0,,4_broad
TBRG4,"skeletal muscle, tongue",2,,3_vital
TBX1,"skeletal muscle, tongue",2,,3_vital
TBX10,"colon, rectum, small intestine",3,,2_restricted
TBX15,"skeletal muscle, tongue",2,,3_vital
TBX18,blood vessel,1,,2_restricted
TBX19,pituitary gland,1,,3_vital
TBX2,"blood vessel, lung",2,,3_vital
TBX20,heart muscle,1,,3_vital
TBX21,"bone marrow, spleen",2,3.4102592299395815e-05,1a_lymphoid
TBX22,testis,1,,1b_testis_CT
TBX3,adrenal gland,1,,3_vital
TBX4,"lung, placenta",2,,3_vital
TBX5,heart muscle,1,,3_vital
TBX6,esophagus,1,,2_restricted
TBXA2R,blood vessel,1,,2_restricted
TBXAS1,spleen,1,1.55877209751912e-08,1a_lymphoid
TBXT,"parathyroid gland, pituitary gland",2,,3_vital
TC2N,pancreas,1,,3_vital
TCAF1,placenta,1,,2_restricted
TCAF2,esophagus,1,,2_restricted
TCAF2C,esophagus,1,,2_restricted
TCAIM,liver,1,,3_vital
TCAP,skeletal muscle,1,,3_vital
TCEA1,"thyroid gland, tonsil",2,0.04093895209286902,1a_lymphoid
TCEA2,,0,,4_broad
TCEA3,skeletal muscle,1,,3_vital
TCEAL1,ovary,1,,2_restricted
TCEAL2,,0,,4_broad
TCEAL3,,0,,4_broad
TCEAL4,ovary,1,,2_restricted
TCEAL5,cerebellum,1,,3_vital
TCEAL6,cerebellum,1,,3_vital
TCEAL7,hypothalamus,1,,3_vital
TCEAL8,epididymis,1,,2_restricted
TCEAL9,ovary,1,,2_restricted
TCEANC,bone marrow,1,5.989625177242036e-05,1a_lymphoid
TCEANC2,spinal cord,1,,3_vital
TCERG1,bone marrow,1,0.005587148731595675,1a_lymphoid
TCERG1L,thyroid gland,1,,2_restricted
TCF12,thymus,1,9.59249968235174e-10,1a_lymphoid
TCF15,heart muscle,1,,3_vital
TCF19,esophagus,1,,2_restricted
TCF20,,0,,4_broad
TCF21,"lung, ovary",2,,3_vital
TCF23,"endometrium, fallopian tube",2,,2_restricted
TCF24,"heart muscle, kidney, testis",3,,3_vital
TCF25,,0,,4_broad
TCF3,lymph node,1,0.004390574091593048,1a_lymphoid
TCF4,,0,,4_broad
TCF7,thymus,1,5.154308407910708e-31,1a_lymphoid
TCF7L1,,0,,4_broad
TCF7L2,,0,,4_broad
TCFL5,"spinal cord, testis",2,,3_vital
TCHH,skin,1,,2_restricted
TCHHL1,skin,1,,2_restricted
TCHP,skin,1,,2_restricted
TCIM,urinary bladder,1,,2_restricted
TCIRG1,"pancreas, spleen",2,0.04952786131518122,3_vital
TCL1A,"lymph node, tonsil",2,1.1043582485860622e-08,1a_lymphoid
TCL1B,"lymph node, testis, tonsil",3,0.0029618443664237745,1a_lymphoid
TCN1,salivary gland,1,,2_restricted
TCN2,kidney,1,,3_vital
TCOF1,choroid plexus,1,,3_vital
TCP1,"bone marrow, skeletal muscle, testis",3,0.00912979356134804,3_vital
TCP10L,testis,1,,1b_testis_CT
TCP11,testis,1,,1b_testis_CT
TCP11L1,cerebral cortex,1,,3_vital
TCP11L2,bone marrow,1,0.00525492412873577,1a_lymphoid
TCP11X1,,0,,4_broad
TCP11X2,pituitary gland,1,,3_vital
TCTA,,0,,4_broad
TCTE1,testis,1,,1b_testis_CT
TCTN1,choroid plexus,1,,3_vital
TCTN2,"choroid plexus, fallopian tube",2,,3_vital
TCTN3,"choroid plexus, parathyroid gland, thyroid gland",3,,3_vital
TDG,thymus,1,0.017920621263431212,1a_lymphoid
TDGF1,"kidney, spleen",2,0.00015922748149943845,3_vital
TDO2,liver,1,,3_vital
TDP1,"thymus, tonsil",2,0.0008399255716916922,1a_lymphoid
TDP2,"colon, small intestine",2,,2_restricted
TDRD1,testis,1,,1b_testis_CT
TDRD10,testis,1,,1b_testis_CT
TDRD12,testis,1,,1b_testis_CT
TDRD15,testis,1,,1b_testis_CT
TDRD3,choroid plexus,1,,3_vital
TDRD5,testis,1,,1b_testis_CT
TDRD6,testis,1,,1b_testis_CT
TDRD7,"retina, testis",2,,3_vital
TDRD9,"parathyroid gland, testis",2,,2_restricted
TDRKH,"parathyroid gland, testis",2,,2_restricted
TDRP,placenta,1,,2_restricted
TEAD1,"skeletal muscle, tongue",2,,3_vital
TEAD2,,0,,4_broad
TEAD3,colon,1,,2_restricted
TEAD4,skeletal muscle,1,,3_vital
TEC,bone marrow,1,0.0005785036367526817,1a_lymphoid
TECPR1,,0,,4_broad
TECPR2,,0,,4_broad
TECR,,0,,4_broad
TECRL,heart muscle,1,,3_vital
TECTA,,0,,4_broad
TECTB,"epididymis, liver",2,,3_vital
TEDC1,,0,,4_broad
TEDC2,"bone marrow, testis",2,0.018745884976823397,1a_lymphoid
TEDDM1,epididymis,1,,2_restricted
TEF,cerebellum,1,,3_vital
TEFM,tongue,1,,2_restricted
TEK,placenta,1,,2_restricted
TEKT1,"choroid plexus, fallopian tube",2,,3_vital
TEKT2,"fallopian tube, testis",2,,2_restricted
TEKT3,testis,1,,1b_testis_CT
TEKT4,testis,1,,1b_testis_CT
TEKT5,testis,1,,1b_testis_CT
TEKTIP1,testis,1,,1b_testis_CT
TELO2,cerebellum,1,,3_vital
TEN1,liver,1,,3_vital
TENM1,cerebellum,1,,3_vital
TENM2,heart muscle,1,,3_vital
TENM3,placenta,1,,2_restricted
TENM4,"ovary, parathyroid gland",2,,2_restricted
TENT2,bone marrow,1,0.00024691570110502544,1a_lymphoid
TENT4A,bone marrow,1,0.0014400403126985416,1a_lymphoid
TENT4B,bone marrow,1,0.008542676074912816,1a_lymphoid
TENT5A,bone marrow,1,1.1748436440185441e-15,1a_lymphoid
TENT5B,"esophagus, skin",2,,2_restricted
TENT5C,bone marrow,1,1.4787837367557154e-06,1a_lymphoid
TENT5D,testis,1,,1b_testis_CT
TEP1,duodenum,1,,2_restricted
TEPP,testis,1,,1b_testis_CT
TEPSIN,spleen,1,0.0036654053525661504,1a_lymphoid
TERB1,testis,1,,1b_testis_CT
TERB2,testis,1,,1b_testis_CT
TERF1,,0,,4_broad
TERF2,tonsil,1,4.1199865315987114e-05,1a_lymphoid
TERF2IP,,0,,4_broad
TERT,testis,1,,1b_testis_CT
TES,seminal vesicle,1,,2_restricted
TESC,salivary gland,1,,2_restricted
TESK1,skeletal muscle,1,,3_vital
TESK2,prostate,1,,2_restricted
TESMIN,testis,1,,1b_testis_CT
TESPA1,"cerebral cortex, thymus",2,0.0008020087496358695,3_vital
TET1,thymus,1,0.00041919972303038517,1a_lymphoid
TET2,bone marrow,1,6.66666262617591e-08,1a_lymphoid
TET3,"bone marrow, skin",2,5.131212430488129e-07,1a_lymphoid
TEX10,"testis, thymus",2,0.019667257704082914,1a_lymphoid
TEX101,testis,1,,1b_testis_CT
TEX11,pancreas,1,,3_vital
TEX12,testis,1,,1b_testis_CT
TEX13A,testis,1,,1b_testis_CT
TEX13B,testis,1,,1b_testis_CT
TEX13C,testis,1,,1b_testis_CT
TEX13D,testis,1,,1b_testis_CT
TEX14,testis,1,,1b_testis_CT
TEX15,"endometrium, testis",2,,2_restricted
TEX19,testis,1,,1b_testis_CT
TEX2,,0,,4_broad
TEX22,testis,1,,1b_testis_CT
TEX26,"choroid plexus, testis",2,,3_vital
TEX261,parathyroid gland,1,,2_restricted
TEX264,testis,1,,1b_testis_CT
TEX28,testis,1,,1b_testis_CT
TEX29,testis,1,,1b_testis_CT
TEX30,"epididymis, testis",2,,2_restricted
TEX33,testis,1,,1b_testis_CT
TEX35,testis,1,,1b_testis_CT
TEX36,testis,1,,1b_testis_CT
TEX37,testis,1,,1b_testis_CT
TEX38,testis,1,,1b_testis_CT
TEX43,testis,1,,1b_testis_CT
TEX44,testis,1,,1b_testis_CT
TEX45,testis,1,,1b_testis_CT
TEX46,testis,1,,1b_testis_CT
TEX47,testis,1,,1b_testis_CT
TEX48,testis,1,,1b_testis_CT
TEX49,testis,1,,1b_testis_CT
TEX50,testis,1,,1b_testis_CT
TEX51,testis,1,,1b_testis_CT
TEX52,testis,1,,1b_testis_CT
TEX53,testis,1,,1b_testis_CT
TEX54,testis,1,,1b_testis_CT
TEX55,testis,1,,1b_testis_CT
TEX9,fallopian tube,1,,2_restricted
TF,liver,1,,3_vital
TFAM,bone marrow,1,0.013363056178398473,1a_lymphoid
TFAP2A,skin,1,,2_restricted
TFAP2B,epididymis,1,,2_restricted
TFAP2C,skin,1,,2_restricted
TFAP2D,"amygdala, retina",2,,3_vital
TFAP2E,cerebellum,1,,3_vital
TFAP4,cerebellum,1,,3_vital
TFB1M,"cerebral cortex, skeletal muscle",2,,3_vital
TFB2M,liver,1,,3_vital
TFCP2,,0,,4_broad
TFCP2L1,salivary gland,1,,2_restricted
TFDP1,bone marrow,1,8.978268192599467e-13,1a_lymphoid
TFDP2,thymus,1,1.8128249124274064e-16,1a_lymphoid
TFDP3,testis,1,,1b_testis_CT
TFE3,,0,,4_broad
TFEB,skeletal muscle,1,,3_vital
TFEC,"kidney, lymph node",2,0.01737036509592276,3_vital
TFF1,stomach,1,,2_restricted
TFF2,stomach,1,,2_restricted
TFF3,thyroid gland,1,,2_restricted
TFG,liver,1,,3_vital
TFIP11,"bone marrow, skeletal muscle",2,3.940020086484223e-09,3_vital
TFPI,"liver, placenta",2,,3_vital
TFPI2,placenta,1,,2_restricted
TFPT,"amygdala, cerebral cortex",2,,3_vital
TFR2,liver,1,,3_vital
TFRC,bone marrow,1,0.01785290517084676,1a_lymphoid
TG,thyroid gland,1,,2_restricted
TGDS,liver,1,,3_vital
TGFA,"esophagus, spinal cord",2,,3_vital
TGFB1,"blood vessel, spleen",2,0.04989057131688424,1a_lymphoid
TGFB1I1,"colon, endometrium",2,,2_restricted
TGFB2,prostate,1,,2_restricted
TGFB3,,0,,4_broad
TGFBI,"choroid plexus, placenta",2,,3_vital
TGFBR1,placenta,1,,2_restricted
TGFBR2,adipose tissue,1,,2_restricted
TGFBR3,,0,,4_broad
TGFBR3L,pituitary gland,1,,3_vital
TGFBRAP1,bone marrow,1,8.414709723027805e-07,1a_lymphoid
TGIF1,epididymis,1,,2_restricted
TGIF2,,0,,4_broad
TGIF2-RAB5IF,appendix,1,0.0432969753281828,1a_lymphoid
TGIF2LX,testis,1,,1b_testis_CT
TGIF2LY,testis,1,,1b_testis_CT
TGM1,esophagus,1,,2_restricted
TGM2,blood vessel,1,,2_restricted
TGM3,esophagus,1,,2_restricted
TGM4,prostate,1,,2_restricted
TGM5,skin,1,,2_restricted
TGM6,"skin, tonsil",2,7.194361018193167e-07,1a_lymphoid
TGM7,tonsil,1,3.888177331688398e-12,1a_lymphoid
TGOLN2,,0,,4_broad
TGS1,,0,,4_broad
TH,"adrenal gland, midbrain",2,,3_vital
THADA,,0,,4_broad
THAP1,,0,,4_broad
THAP10,retina,1,,3_vital
THAP11,skeletal muscle,1,,3_vital
THAP12,,0,,4_broad
THAP2,"adrenal gland, urinary bladder",2,,3_vital
THAP3,,0,,4_broad
THAP4,skeletal muscle,1,,3_vital
THAP5,testis,1,,1b_testis_CT
THAP6,testis,1,,1b_testis_CT
THAP7,,0,,4_broad
THAP8,colon,1,,2_restricted
THAP9,"testis, tongue",2,,2_restricted
THBD,skin,1,,2_restricted
THBS1,"appendix, urinary bladder",2,0.04069571149987515,1a_lymphoid
THBS2,blood vessel,1,,2_restricted
THBS3,,0,,4_broad
THBS4,"adipose tissue, smooth muscle, tongue",3,,2_restricted
THEG,testis,1,,1b_testis_CT
THEGL,testis,1,,1b_testis_CT
THEM4,retina,1,,3_vital
THEM5,skin,1,,2_restricted
THEM6,liver,1,,3_vital
THEMIS,thymus,1,1.4949285144596633e-23,1a_lymphoid
THEMIS2,"bone marrow, spleen",2,9.495179542073955e-11,1a_lymphoid
THG1L,,0,,4_broad
THNSL1,liver,1,,3_vital
THNSL2,skeletal muscle,1,,3_vital
THOC1,testis,1,,1b_testis_CT
THOC2,choroid plexus,1,,3_vital
THOC3,epididymis,1,,2_restricted
THOC5,,0,,4_broad
THOC6,,0,,4_broad
THOC7,skeletal muscle,1,,3_vital
THOP1,,0,,4_broad
THPO,liver,1,,3_vital
THRA,basal ganglia,1,,3_vital
THRAP3,skeletal muscle,1,,3_vital
THRB,tongue,1,,2_restricted
THRSP,liver,1,,3_vital
THSD1,,0,,4_broad
THSD4,cervix,1,,2_restricted
THSD7A,kidney,1,,3_vital
THSD7B,retina,1,,3_vital
THSD8,"skin, testis",2,,2_restricted
THTPA,,0,,4_broad
THUMPD1,breast,1,,2_restricted
THUMPD2,blood vessel,1,,2_restricted
THUMPD3,testis,1,,1b_testis_CT
THY1,"cerebral cortex, smooth muscle",2,,3_vital
THYN1,,0,,4_broad
TIA1,,0,,4_broad
TIAL1,,0,,4_broad
TIAM1,cerebellum,1,,3_vital
TIAM2,"cerebral cortex, testis",2,,3_vital
TICAM1,esophagus,1,,2_restricted
TICAM2,skeletal muscle,1,,3_vital
TICRR,"esophagus, thymus",2,0.0023167309655471877,1a_lymphoid
TIE1,"adipose tissue, placenta",2,,2_restricted
TIFA,"bone marrow, pancreas",2,0.03288353576964066,3_vital
TIFAB,"lymph node, tonsil",2,0.00014711084862621015,1a_lymphoid
TIGAR,,0,,4_broad
TIGD1,retina,1,,3_vital
TIGD2,liver,1,,3_vital
TIGD3,"cerebellum, testis",2,,3_vital
TIGD4,retina,1,,3_vital
TIGD5,,0,,4_broad
TIGD6,parathyroid gland,1,,2_restricted
TIGD7,,0,,4_broad
TIGIT,lymph node,1,4.0654468609534513e-10,1a_lymphoid
TIMD4,testis,1,,1b_testis_CT
TIMELESS,"bone marrow, thymus",2,0.004709410920207473,1a_lymphoid
TIMM10,,0,,4_broad
TIMM10B,,0,,4_broad
TIMM13,liver,1,,3_vital
TIMM17A,"skeletal muscle, tongue",2,,3_vital
TIMM17B,"skeletal muscle, tongue",2,,3_vital
TIMM21,"heart muscle, skeletal muscle, tongue",3,,3_vital
TIMM22,heart muscle,1,,3_vital
TIMM23,"skeletal muscle, tongue",2,,3_vital
TIMM23B,"bone marrow, skeletal muscle, tongue",3,0.006040811177872536,3_vital
TIMM29,skeletal muscle,1,,3_vital
TIMM44,"heart muscle, skeletal muscle",2,,3_vital
TIMM50,skeletal muscle,1,,3_vital
TIMM8A,liver,1,,3_vital
TIMM8B,"heart muscle, skeletal muscle",2,,3_vital
TIMM9,"pancreas, skeletal muscle",2,,3_vital
TIMMDC1,"heart muscle, tongue",2,,3_vital
TIMP1,blood vessel,1,,2_restricted
TIMP2,"blood vessel, ovary",2,,2_restricted
TIMP3,placenta,1,,2_restricted
TIMP4,"adipose tissue, breast",2,,2_restricted
TINAG,kidney,1,,3_vital
TINAGL1,blood vessel,1,,2_restricted
TINCR,skin,1,,2_restricted
TINF2,parathyroid gland,1,,2_restricted
TIPARP,parathyroid gland,1,,2_restricted
TIPIN,testis,1,,1b_testis_CT
TIPRL,bone marrow,1,0.01921125405161871,1a_lymphoid
TIRAP,,0,,4_broad
TJAP1,,0,,4_broad
TJP1,,0,,4_broad
TJP2,retina,1,,3_vital
TJP3,"duodenum, small intestine",2,,2_restricted
TK1,bone marrow,1,3.458173133414092e-08,1a_lymphoid
TK2,adipose tissue,1,,2_restricted
TKFC,"duodenum, small intestine",2,,2_restricted
TKT,bone marrow,1,1.3740250010107886e-20,1a_lymphoid
TKTL1,testis,1,,1b_testis_CT
TKTL2,testis,1,,1b_testis_CT
TLCD1,,0,,4_broad
TLCD2,,0,,4_broad
TLCD3A,skin,1,,2_restricted
TLCD3B,"cerebellum, testis",2,,3_vital
TLCD4,liver,1,,3_vital
TLCD4-RWDD3,liver,1,,3_vital
TLCD5,retina,1,,3_vital
TLDC2,"duodenum, small intestine",2,,2_restricted
TLE1,skeletal muscle,1,,3_vital
TLE2,cerebellum,1,,3_vital
TLE3,bone marrow,1,9.438817695882597e-08,1a_lymphoid
TLE4,"bone marrow, testis",2,0.010092739777774579,1a_lymphoid
TLE5,,0,,4_broad
TLE6,thyroid gland,1,,2_restricted
TLE7,testis,1,,1b_testis_CT
TLK1,,0,,4_broad
TLK2,testis,1,,1b_testis_CT
TLL1,"cerebellum, placenta",2,,3_vital
TLL2,heart muscle,1,,3_vital
TLN1,blood vessel,1,,2_restricted
TLN2,kidney,1,,3_vital
TLNRD1,,0,,4_broad
TLR1,"appendix, bone marrow",2,0.00042983123094790813,1a_lymphoid
TLR10,"lymph node, tonsil",2,4.0871739773419705e-06,1a_lymphoid
TLR2,bone marrow,1,0.0006960771496204696,1a_lymphoid
TLR3,,0,,4_broad
TLR4,"adipose tissue, spleen",2,0.013441524667535502,1a_lymphoid
TLR5,ovary,1,,2_restricted
TLR6,tonsil,1,0.00014914635498428132,1a_lymphoid
TLR7,placenta,1,,2_restricted
TLR8,"appendix, spleen",2,2.4114106703560687e-05,1a_lymphoid
TLR9,"lymph node, spleen",2,0.0006649504225390295,1a_lymphoid
TLX1,spleen,1,2.590946725887172e-27,1a_lymphoid
TLX2,"adrenal gland, retina",2,,3_vital
TLX3,cerebellum,1,,3_vital
TM2D1,,0,,4_broad
TM2D2,choroid plexus,1,,3_vital
TM2D3,"cerebral cortex, hypothalamus",2,,3_vital
TM4SF1,adipose tissue,1,,2_restricted
TM4SF18,spleen,1,1.653579656850607e-05,1a_lymphoid
TM4SF19,"adipose tissue, testis",2,,2_restricted
TM4SF20,"duodenum, small intestine",2,,2_restricted
TM4SF4,"duodenum, gallbladder, liver",3,,3_vital
TM4SF5,"duodenum, liver, small intestine",3,,3_vital
TM6SF1,skeletal muscle,1,,3_vital
TM6SF2,"duodenum, small intestine",2,,2_restricted
TM7SF2,adrenal gland,1,,3_vital
TM7SF3,kidney,1,,3_vital
TM9SF1,pancreas,1,,3_vital
TM9SF2,liver,1,,3_vital
TM9SF3,stomach,1,,2_restricted
TM9SF4,parathyroid gland,1,,2_restricted
TMA16,testis,1,,1b_testis_CT
TMA7,,0,,4_broad
TMBIM1,esophagus,1,,2_restricted
TMBIM4,,0,,4_broad
TMBIM6,liver,1,,3_vital
TMC1,"cervix, spinal cord",2,,3_vital
TMC2,cerebellum,1,,3_vital
TMC3,parathyroid gland,1,,2_restricted
TMC4,,0,,4_broad
TMC5,"duodenum, small intestine, stomach",3,,2_restricted
TMC6,spleen,1,1.77189113489822e-05,1a_lymphoid
TMC7,spinal cord,1,,3_vital
TMC8,spleen,1,2.545250006079311e-05,1a_lymphoid
TMCC1,"liver, skeletal muscle",2,,3_vital
TMCC2,bone marrow,1,1.2188789537421724e-10,1a_lymphoid
TMCC3,,0,,4_broad
TMCO1,,0,,4_broad
TMCO2,testis,1,,1b_testis_CT
TMCO3,bone marrow,1,7.853424432445329e-05,1a_lymphoid
TMCO4,parathyroid gland,1,,2_restricted
TMCO5A,testis,1,,1b_testis_CT
TMCO6,liver,1,,3_vital
TMDD1,testis,1,,1b_testis_CT
TMED1,skeletal muscle,1,,3_vital
TMED10,,0,,4_broad
TMED2,liver,1,,3_vital
TMED3,salivary gland,1,,2_restricted
TMED4,parathyroid gland,1,,2_restricted
TMED5,liver,1,,3_vital
TMED6,pancreas,1,,3_vital
TMED7,"liver, thyroid gland",2,,3_vital
TMED7-TICAM2,,0,,4_broad
TMED8,"retina, tonsil",2,0.038973797089511285,3_vital
TMED9,"choroid plexus, pancreas",2,,3_vital
TMEFF1,spinal cord,1,,3_vital
TMEFF2,prostate,1,,2_restricted
TMEM100,lung,1,,3_vital
TMEM101,"breast, kidney, seminal vesicle",3,,3_vital
TMEM102,esophagus,1,,2_restricted
TMEM104,liver,1,,3_vital
TMEM106A,kidney,1,,3_vital
TMEM106B,,0,,4_broad
TMEM106C,choroid plexus,1,,3_vital
TMEM107,choroid plexus,1,,3_vital
TMEM108,"retina, skeletal muscle",2,,3_vital
TMEM109,,0,,4_broad
TMEM11,skeletal muscle,1,,3_vital
TMEM114,seminal vesicle,1,,2_restricted
TMEM115,,0,,4_broad
TMEM116,"choroid plexus, parathyroid gland",2,,3_vital
TMEM117,,0,,4_broad
TMEM119,cervix,1,,2_restricted
TMEM120A,heart muscle,1,,3_vital
TMEM120B,cerebellum,1,,3_vital
TMEM121,cerebral cortex,1,,3_vital
TMEM121B,cerebral cortex,1,,3_vital
TMEM123,liver,1,,3_vital
TMEM125,"lung, pancreas",2,,3_vital
TMEM126A,"heart muscle, skeletal muscle, tongue",3,,3_vital
TMEM126B,,0,,4_broad
TMEM127,"heart muscle, parathyroid gland",2,,3_vital
TMEM128,,0,,4_broad
TMEM129,,0,,4_broad
TMEM130,"cerebral cortex, hypothalamus",2,,3_vital
TMEM131,,0,,4_broad
TMEM131L,bone marrow,1,0.032713513361877104,1a_lymphoid
TMEM132A,,0,,4_broad
TMEM132B,"basal ganglia, cerebral cortex",2,,3_vital
TMEM132C,adipose tissue,1,,2_restricted
TMEM132D,cerebral cortex,1,,3_vital
TMEM132E,cerebellum,1,,3_vital
TMEM134,,0,,4_broad
TMEM135,"adipose tissue, liver",2,,3_vital
TMEM138,retina,1,,3_vital
TMEM139,"duodenum, kidney",2,,3_vital
TMEM140,skeletal muscle,1,,3_vital
TMEM141,,0,,4_broad
TMEM143,"skeletal muscle, tongue",2,,3_vital
TMEM144,spinal cord,1,,3_vital
TMEM145,cerebellum,1,,3_vital
TMEM147,choroid plexus,1,,3_vital
TMEM14A,choroid plexus,1,,3_vital
TMEM14B,bone marrow,1,0.006467058363647095,1a_lymphoid
TMEM14C,,0,,4_broad
TMEM150A,skeletal muscle,1,,3_vital
TMEM150B,"duodenum, small intestine",2,,2_restricted
TMEM150C,epididymis,1,,2_restricted
TMEM151A,spinal cord,1,,3_vital
TMEM151B,"cerebellum, cerebral cortex",2,,3_vital
TMEM154,skin,1,,2_restricted
TMEM156,"lymph node, tonsil",2,2.1147873088094986e-06,1a_lymphoid
TMEM158,"basal ganglia, endometrium",2,,3_vital
TMEM160,"amygdala, hippocampal formation",2,,3_vital
TMEM161A,skeletal muscle,1,,3_vital
TMEM161B,parathyroid gland,1,,2_restricted
TMEM163,cerebellum,1,,3_vital
TMEM164,,0,,4_broad
TMEM165,spinal cord,1,,3_vital
TMEM167A,adrenal gland,1,,3_vital
TMEM167B,bone marrow,1,0.00020935892118160174,1a_lymphoid
TMEM168,parathyroid gland,1,,2_restricted
TMEM169,cerebral cortex,1,,3_vital
TMEM17,hypothalamus,1,,3_vital
TMEM170A,bone marrow,1,1.0914694708841658e-09,1a_lymphoid
TMEM170B,bone marrow,1,3.185902863657975e-09,1a_lymphoid
TMEM171,"colon, rectum",2,,2_restricted
TMEM174,kidney,1,,3_vital
TMEM175,,0,,4_broad
TMEM176A,liver,1,,3_vital
TMEM176B,liver,1,,3_vital
TMEM177,liver,1,,3_vital
TMEM178A,cerebellum,1,,3_vital
TMEM178B,,0,,4_broad
TMEM179,"hypothalamus, pituitary gland",2,,3_vital
TMEM179B,choroid plexus,1,,3_vital
TMEM18,ovary,1,,2_restricted
TMEM181,salivary gland,1,,2_restricted
TMEM182,"heart muscle, skeletal muscle, tongue",3,,3_vital
TMEM183A,bone marrow,1,1.9071069819686027e-08,1a_lymphoid
TMEM184A,esophagus,1,,2_restricted
TMEM184B,"cerebral cortex, spinal cord",2,,3_vital
TMEM184C,parathyroid gland,1,,2_restricted
TMEM185A,"heart muscle, ovary",2,,3_vital
TMEM185B,parathyroid gland,1,,2_restricted
TMEM186,tongue,1,,2_restricted
TMEM187,pancreas,1,,3_vital
TMEM19,,0,,4_broad
TMEM190,fallopian tube,1,,2_restricted
TMEM191B,testis,1,,1b_testis_CT
TMEM191C,testis,1,,1b_testis_CT
TMEM192,"kidney, liver",2,,3_vital
TMEM196,retina,1,,3_vital
TMEM198,,0,,4_broad
TMEM199,,0,,4_broad
TMEM200A,endometrium,1,,2_restricted
TMEM200B,endometrium,1,,2_restricted
TMEM200C,salivary gland,1,,2_restricted
TMEM201,skeletal muscle,1,,3_vital
TMEM202,testis,1,,1b_testis_CT
TMEM203,,0,,4_broad
TMEM204,heart muscle,1,,3_vital
TMEM205,choroid plexus,1,,3_vital
TMEM207,kidney,1,,3_vital
TMEM208,"choroid plexus, liver",2,,3_vital
TMEM209,,0,,4_broad
TMEM210,testis,1,,1b_testis_CT
TMEM212,fallopian tube,1,,2_restricted
TMEM213,"kidney, salivary gland",2,,3_vital
TMEM214,,0,,4_broad
TMEM215,retina,1,,3_vital
TMEM216,ovary,1,,2_restricted
TMEM217,testis,1,,1b_testis_CT
TMEM217B,testis,1,,1b_testis_CT
TMEM218,,0,,4_broad
TMEM219,choroid plexus,1,,3_vital
TMEM220,liver,1,,3_vital
TMEM221,"ovary, retina",2,,3_vital
TMEM222,choroid plexus,1,,3_vital
TMEM223,heart muscle,1,,3_vital
TMEM225,testis,1,,1b_testis_CT
TMEM225B,testis,1,,1b_testis_CT
TMEM229A,duodenum,1,,2_restricted
TMEM229B,cerebellum,1,,3_vital
TMEM230,liver,1,,3_vital
TMEM231,"choroid plexus, fallopian tube",2,,3_vital
TMEM232,"fallopian tube, testis",2,,2_restricted
TMEM233,skeletal muscle,1,,3_vital
TMEM234,,0,,4_broad
TMEM235,"hippocampal formation, spinal cord",2,,3_vital
TMEM236,"duodenum, small intestine",2,,2_restricted
TMEM237,retina,1,,3_vital
TMEM238,pancreas,1,,3_vital
TMEM238L,"colon, rectum, stomach",3,,2_restricted
TMEM239,testis,1,,1b_testis_CT
TMEM240,cerebellum,1,,3_vital
TMEM241,,0,,4_broad
TMEM242,heart muscle,1,,3_vital
TMEM243,tonsil,1,0.007288529931157766,1a_lymphoid
TMEM244,retina,1,,3_vital
TMEM245,"parathyroid gland, thyroid gland",2,,2_restricted
TMEM247,testis,1,,1b_testis_CT
TMEM248,choroid plexus,1,,3_vital
TMEM249,testis,1,,1b_testis_CT
TMEM25,,0,,4_broad
TMEM250,,0,,4_broad
TMEM251,kidney,1,,3_vital
TMEM252,"kidney, small intestine",2,,3_vital
TMEM253,"duodenum, small intestine",2,,2_restricted
TMEM254,"epididymis, skin",2,,2_restricted
TMEM255A,"hypothalamus, midbrain",2,,3_vital
TMEM255B,,0,,4_broad
TMEM256,liver,1,,3_vital
TMEM258,"epididymis, pancreas",2,,3_vital
TMEM259,,0,,4_broad
TMEM26,spleen,1,5.838470936865665e-07,1a_lymphoid
TMEM260,cervix,1,,2_restricted
TMEM262,testis,1,,1b_testis_CT
TMEM263,,0,,4_broad
TMEM265,"esophagus, skin",2,,2_restricted
TMEM266,cerebellum,1,,3_vital
TMEM267,thyroid gland,1,,2_restricted
TMEM268,cerebral cortex,1,,3_vital
TMEM269,retina,1,,3_vital
TMEM270,testis,1,,1b_testis_CT
TMEM271,"basal ganglia, cerebral cortex, hippocampal formation",3,,3_vital
TMEM272,basal ganglia,1,,3_vital
TMEM273,spinal cord,1,,3_vital
TMEM275,"amygdala, hypothalamus",2,,3_vital
TMEM30A,,0,,4_broad
TMEM30B,parathyroid gland,1,,2_restricted
TMEM31,testis,1,,1b_testis_CT
TMEM33,liver,1,,3_vital
TMEM35A,hypothalamus,1,,3_vital
TMEM35B,,0,,4_broad
TMEM37,"kidney, liver, parathyroid gland",3,,3_vital
TMEM38A,skeletal muscle,1,,3_vital
TMEM38B,"skeletal muscle, tongue",2,,3_vital
TMEM39A,pancreas,1,,3_vital
TMEM39B,,0,,4_broad
TMEM40,esophagus,1,,2_restricted
TMEM41A,adrenal gland,1,,3_vital
TMEM41B,liver,1,,3_vital
TMEM42,,0,,4_broad
TMEM43,blood vessel,1,,2_restricted
TMEM44,,0,,4_broad
TMEM45A,skin,1,,2_restricted
TMEM45B,"duodenum, small intestine",2,,2_restricted
TMEM47,blood vessel,1,,2_restricted
TMEM50A,salivary gland,1,,2_restricted
TMEM50B,thyroid gland,1,,2_restricted
TMEM51,pancreas,1,,3_vital
TMEM52,"pancreas, skeletal muscle, tongue",3,,3_vital
TMEM52B,kidney,1,,3_vital
TMEM53,liver,1,,3_vital
TMEM54,colon,1,,2_restricted
TMEM59,choroid plexus,1,,3_vital
TMEM59L,cerebral cortex,1,,3_vital
TMEM60,parathyroid gland,1,,2_restricted
TMEM61,pituitary gland,1,,3_vital
TMEM62,breast,1,,2_restricted
TMEM63A,"salivary gland, spinal cord",2,,3_vital
TMEM63B,skeletal muscle,1,,3_vital
TMEM63C,"cerebellum, pituitary gland",2,,3_vital
TMEM64,epididymis,1,,2_restricted
TMEM65,duodenum,1,,2_restricted
TMEM67,heart muscle,1,,3_vital
TMEM68,fallopian tube,1,,2_restricted
TMEM69,,0,,4_broad
TMEM70,skeletal muscle,1,,3_vital
TMEM71,"bone marrow, heart muscle",2,0.0013794175607577152,3_vital
TMEM72,"choroid plexus, kidney",2,,3_vital
TMEM74,cerebral cortex,1,,3_vital
TMEM74B,"basal ganglia, lung",2,,3_vital
TMEM79,"esophagus, skin",2,,2_restricted
TMEM80,,0,,4_broad
TMEM81,cerebellum,1,,3_vital
TMEM82,liver,1,,3_vital
TMEM86A,skin,1,,2_restricted
TMEM86B,liver,1,,3_vital
TMEM87A,breast,1,,2_restricted
TMEM87B,,0,,4_broad
TMEM88,heart muscle,1,,3_vital
TMEM88B,spinal cord,1,,3_vital
TMEM89,testis,1,,1b_testis_CT
TMEM8B,,0,,4_broad
TMEM9,choroid plexus,1,,3_vital
TMEM91,basal ganglia,1,,3_vital
TMEM92,"duodenum, small intestine",2,,2_restricted
TMEM94,,0,,4_broad
TMEM95,testis,1,,1b_testis_CT
TMEM97,pancreas,1,,3_vital
TMEM98,choroid plexus,1,,3_vital
TMEM9B,,0,,4_broad
TMF1,bone marrow,1,0.008930093067614336,1a_lymphoid
TMIE,hypothalamus,1,,3_vital
TMIGD1,"rectum, small intestine",2,,2_restricted
TMIGD2,thymus,1,3.094230473702913e-24,1a_lymphoid
TMIGD3,testis,1,,1b_testis_CT
TMLHE,"skeletal muscle, tongue",2,,3_vital
TMOD1,"skeletal muscle, tongue",2,,3_vital
TMOD2,cerebral cortex,1,,3_vital
TMOD3,esophagus,1,,2_restricted
TMOD4,skeletal muscle,1,,3_vital
TMPO,thymus,1,7.101925100460646e-06,1a_lymphoid
TMPPE,bone marrow,1,2.739560071083865e-10,1a_lymphoid
TMPRSS11A,esophagus,1,,2_restricted
TMPRSS11B,esophagus,1,,2_restricted
TMPRSS11D,"cervix, esophagus, vagina",3,,2_restricted
TMPRSS11E,"esophagus, vagina",2,,2_restricted
TMPRSS11F,"esophagus, skin",2,,2_restricted
TMPRSS12,testis,1,,1b_testis_CT
TMPRSS13,skin,1,,2_restricted
TMPRSS15,duodenum,1,,2_restricted
TMPRSS2,prostate,1,,2_restricted
TMPRSS3,fallopian tube,1,,2_restricted
TMPRSS4,"esophagus, urinary bladder",2,,2_restricted
TMPRSS5,midbrain,1,,3_vital
TMPRSS6,liver,1,,3_vital
TMPRSS7,testis,1,,1b_testis_CT
TMPRSS9,"liver, testis",2,,3_vital
TMSB10,ovary,1,,2_restricted
TMSB15A,"ovary, prostate",2,,2_restricted
TMSB15B,"blood vessel, ovary",2,,2_restricted
TMSB4X,spinal cord,1,,3_vital
TMSB4Y,rectum,1,,2_restricted
TMTC1,"blood vessel, spleen",2,0.017259834753609427,1a_lymphoid
TMTC2,spinal cord,1,,3_vital
TMTC3,skin,1,,2_restricted
TMTC4,spinal cord,1,,3_vital
TMUB1,liver,1,,3_vital
TMUB2,,0,,4_broad
TMX1,,0,,4_broad
TMX2,choroid plexus,1,,3_vital
TMX3,,0,,4_broad
TMX4,"heart muscle, testis",2,,3_vital
TNC,"blood vessel, smooth muscle",2,,2_restricted
TNF,bone marrow,1,7.136177635861278e-18,1a_lymphoid
TNFAIP1,,0,,4_broad
TNFAIP2,urinary bladder,1,,2_restricted
TNFAIP3,bone marrow,1,8.766998370999745e-17,1a_lymphoid
TNFAIP6,urinary bladder,1,,2_restricted
TNFAIP8,"lymph node, tonsil",2,0.013252846701777019,1a_lymphoid
TNFAIP8L1,"colon, liver",2,,3_vital
TNFAIP8L2,"lymph node, spleen",2,9.294050379639262e-06,1a_lymphoid
TNFAIP8L3,"endometrium, smooth muscle",2,,2_restricted
TNFRSF10A,,0,,4_broad
TNFRSF10B,,0,,4_broad
TNFRSF10C,"appendix, bone marrow",2,0.0006250617748923105,1a_lymphoid
TNFRSF10D,liver,1,,3_vital
TNFRSF11A,"duodenum, salivary gland",2,,2_restricted
TNFRSF11B,blood vessel,1,,2_restricted
TNFRSF12A,blood vessel,1,,2_restricted
TNFRSF13B,skeletal muscle,1,,3_vital
TNFRSF13C,"spleen, tonsil",2,0.00013150841387873675,1a_lymphoid
TNFRSF14,spleen,1,0.016250821442458013,1a_lymphoid
TNFRSF17,tonsil,1,0.001188234974466556,1a_lymphoid
TNFRSF18,skin,1,,2_restricted
TNFRSF19,skin,1,,2_restricted
TNFRSF1A,,0,,4_broad
TNFRSF1B,appendix,1,0.0015176532928484767,1a_lymphoid
TNFRSF21,"spinal cord, urinary bladder",2,,3_vital
TNFRSF25,"cerebellum, spleen",2,0.0005899133934228917,3_vital
TNFRSF4,"heart muscle, spleen",2,0.001207608247831986,3_vital
TNFRSF6B,lung,1,,3_vital
TNFRSF8,adipose tissue,1,,2_restricted
TNFRSF9,"lymph node, tonsil",2,2.2081163475163203e-05,1a_lymphoid
TNFSF10,liver,1,,3_vital
TNFSF11,lymph node,1,2.2319749310958314e-12,1a_lymphoid
TNFSF12,blood vessel,1,,2_restricted
TNFSF12-TNFSF13,choroid plexus,1,,3_vital
TNFSF13,"choroid plexus, salivary gland",2,,3_vital
TNFSF13B,appendix,1,0.005231508289010482,1a_lymphoid
TNFSF14,liver,1,,3_vital
TNFSF15,duodenum,1,,2_restricted
TNFSF18,"cerebral cortex, gallbladder, pancreas",3,,3_vital
TNFSF4,"testis, thymus",2,0.008053119814504723,1a_lymphoid
TNFSF8,"lymph node, thymus, tonsil",3,0.0019228826684011507,1a_lymphoid
TNFSF9,"esophagus, vagina",2,,2_restricted
TNIK,,0,,4_broad
TNIP1,skeletal muscle,1,,3_vital
TNIP2,,0,,4_broad
TNIP3,"appendix, urinary bladder",2,7.36467252778755e-07,1a_lymphoid
TNK1,stomach,1,,2_restricted
TNK2,cerebral cortex,1,,3_vital
TNKS,,0,,4_broad
TNKS1BP1,,0,,4_broad
TNKS2,skeletal muscle,1,,3_vital
TNMD,"adipose tissue, seminal vesicle",2,,2_restricted
TNN,adipose tissue,1,,2_restricted
TNNC1,"skeletal muscle, tongue",2,,3_vital
TNNC2,skeletal muscle,1,,3_vital
TNNI1,skeletal muscle,1,,3_vital
TNNI2,skeletal muscle,1,,3_vital
TNNI3,heart muscle,1,,3_vital
TNNI3K,heart muscle,1,,3_vital
TNNT1,"skeletal muscle, tongue",2,,3_vital
TNNT2,heart muscle,1,,3_vital
TNNT3,skeletal muscle,1,,3_vital
TNP1,testis,1,,1b_testis_CT
TNP2,testis,1,,1b_testis_CT
TNPO1,retina,1,,3_vital
TNPO2,cerebral cortex,1,,3_vital
TNPO3,bone marrow,1,0.0324027983609012,1a_lymphoid
TNR,"amygdala, cerebral cortex",2,,3_vital
TNRC18,,0,,4_broad
TNRC6A,,0,,4_broad
TNRC6B,"bone marrow, testis",2,1.075517407894121e-06,1a_lymphoid
TNRC6C,"retina, thymus",2,0.030741557657391613,3_vital
TNS1,blood vessel,1,,2_restricted
TNS2,,0,,4_broad
TNS3,,0,,4_broad
TNS4,skin,1,,2_restricted
TNXB,adrenal gland,1,,3_vital
TOB1,"adrenal gland, pancreas",2,,3_vital
TOB2,"blood vessel, skeletal muscle",2,,3_vital
TOE1,testis,1,,1b_testis_CT
TOGARAM1,retina,1,,3_vital
TOGARAM2,fallopian tube,1,,2_restricted
TOLLIP,cerebral cortex,1,,3_vital
TOM1,skeletal muscle,1,,3_vital
TOM1L1,"duodenum, liver",2,,3_vital
TOM1L2,heart muscle,1,,3_vital
TOMM20,,0,,4_broad
TOMM20L,testis,1,,1b_testis_CT
TOMM22,,0,,4_broad
TOMM34,"basal ganglia, testis",2,,3_vital
TOMM40,skeletal muscle,1,,3_vital
TOMM40L,tongue,1,,2_restricted
TOMM5,"kidney, skeletal muscle",2,,3_vital
TOMM6,,0,,4_broad
TOMM7,"choroid plexus, skeletal muscle",2,,3_vital
TOMM70,"skeletal muscle, tongue",2,,3_vital
TOMT,testis,1,,1b_testis_CT
TONSL,bone marrow,1,1.9448317453295744e-05,1a_lymphoid
TOP1,bone marrow,1,0.011018613399597945,1a_lymphoid
TOP1MT,bone marrow,1,0.00010175001804812512,1a_lymphoid
TOP2A,thymus,1,3.227521083936769e-09,1a_lymphoid
TOP2B,"retina, thymus",2,0.007820915097979806,3_vital
TOP3A,,0,,4_broad
TOP3B,spleen,1,0.029588598146911293,1a_lymphoid
TOPAZ1,testis,1,,1b_testis_CT
TOPBP1,"bone marrow, thymus",2,0.00026446644832087834,1a_lymphoid
TOPORS,bone marrow,1,1.2684643172507928e-05,1a_lymphoid
TOR1A,"bone marrow, liver",2,0.03550666253041643,3_vital
TOR1AIP1,"bone marrow, tongue",2,0.0012121106601090336,1a_lymphoid
TOR1AIP2,"bone marrow, liver",2,0.0001429530555896321,3_vital
TOR1B,rectum,1,,2_restricted
TOR2A,bone marrow,1,0.0020616137353372645,1a_lymphoid
TOR3A,spleen,1,0.034719772738918284,1a_lymphoid
TOR4A,,0,,4_broad
TOX,thymus,1,4.730921529863527e-13,1a_lymphoid
TOX2,thymus,1,5.6052112162330664e-05,1a_lymphoid
TOX3,stomach,1,,2_restricted
TOX4,skeletal muscle,1,,3_vital
TP53,,0,,4_broad
TP53AIP1,"esophagus, thymus",2,0.0002921944158481051,1a_lymphoid
TP53BP1,,0,,4_broad
TP53BP2,bone marrow,1,0.0008900184427154089,1a_lymphoid
TP53I11,,0,,4_broad
TP53I13,liver,1,,3_vital
TP53I3,esophagus,1,,2_restricted
TP53INP1,liver,1,,3_vital
TP53INP2,"midbrain, spinal cord",2,,3_vital
TP53RK,thymus,1,0.04842625042950477,1a_lymphoid
TP53TG3,"epididymis, testis",2,,2_restricted
TP53TG3B,epididymis,1,,2_restricted
TP53TG3C,"pancreas, testis",2,,3_vital
TP53TG3D,"epididymis, testis",2,,2_restricted
TP53TG3E,"epididymis, testis",2,,2_restricted
TP53TG3F,epididymis,1,,2_restricted
TP53TG5,testis,1,,1b_testis_CT
TP63,skin,1,,2_restricted
TP73,"cerebellum, fallopian tube, skin",3,,3_vital
TPBG,urinary bladder,1,,2_restricted
TPBGL,"basal ganglia, testis",2,,3_vital
TPCN1,cerebellum,1,,3_vital
TPCN2,,0,,4_broad
TPD52,retina,1,,3_vital
TPD52L1,"adrenal gland, salivary gland",2,,3_vital
TPD52L2,,0,,4_broad
TPD52L3,testis,1,,1b_testis_CT
TPGS1,,0,,4_broad
TPGS2,"choroid plexus, testis",2,,3_vital
TPH1,"rectum, stomach",2,,2_restricted
TPH2,"cerebral cortex, pituitary gland",2,,3_vital
TPI1,"skeletal muscle, tongue",2,,3_vital
TPK1,duodenum,1,,2_restricted
TPM1,"heart muscle, skeletal muscle",2,,3_vital
TPM2,skeletal muscle,1,,3_vital
TPM3,"skeletal muscle, tongue",2,,3_vital
TPM4,blood vessel,1,,2_restricted
TPMT,"kidney, liver, thyroid gland",3,,3_vital
TPO,thyroid gland,1,,2_restricted
TPP1,choroid plexus,1,,3_vital
TPP2,testis,1,,1b_testis_CT
TPPP,cerebral cortex,1,,3_vital
TPPP2,testis,1,,1b_testis_CT
TPPP3,fallopian tube,1,,2_restricted
TPR,testis,1,,1b_testis_CT
TPRA1,,0,,4_broad
TPRG1,esophagus,1,,2_restricted
TPRG1L,cerebral cortex,1,,3_vital
TPRKB,"bone marrow, skeletal muscle",2,0.03670417838788095,3_vital
TPRN,pancreas,1,,3_vital
TPRX1,"retina, testis",2,,3_vital
TPSAB1,,0,,4_broad
TPSB2,,0,,4_broad
TPSD1,stomach,1,,2_restricted
TPSG1,"colon, duodenum",2,,2_restricted
TPST1,liver,1,,3_vital
TPST2,pancreas,1,,3_vital
TPT1,skeletal muscle,1,,3_vital
TPTE,testis,1,,1b_testis_CT
TPTE2,testis,1,,1b_testis_CT
TPTEP2-CSNK1E,,0,,4_broad
TPX2,"bone marrow, thymus",2,1.8330864651532054e-06,1a_lymphoid
TRA2A,bone marrow,1,1.1526865220166828e-09,1a_lymphoid
TRA2B,thymus,1,0.03690437601412821,1a_lymphoid
TRABD,pancreas,1,,3_vital
TRABD2A,"colon, ovary, rectum",3,,2_restricted
TRABD2B,"blood vessel, kidney",2,,3_vital
TRAC,thymus,1,6.902350086592253e-12,1a_lymphoid
TRADD,,0,,4_broad
TRAF1,lymph node,1,0.0004317738199711381,1a_lymphoid
TRAF2,,0,,4_broad
TRAF3,bone marrow,1,0.01736694262079595,1a_lymphoid
TRAF3IP1,fallopian tube,1,,2_restricted
TRAF3IP2,,0,,4_broad
TRAF3IP3,"lymph node, thymus",2,5.145222879863469e-05,1a_lymphoid
TRAF4,liver,1,,3_vital
TRAF5,,0,,4_broad
TRAF6,bone marrow,1,1.2068313115015112e-12,1a_lymphoid
TRAF7,,0,,4_broad
TRAFD1,,0,,4_broad
TRAIP,testis,1,,1b_testis_CT
TRAJ1,retina,1,,3_vital
TRAJ10,"lymph node, retina",2,0.025568083914032452,3_vital
TRAJ11,retina,1,,3_vital
TRAJ12,"appendix, retina, tonsil",3,0.0023861719073470255,3_vital
TRAJ13,"lymph node, retina",2,0.03320512551829823,3_vital
TRAJ14,retina,1,,3_vital
TRAJ16,retina,1,,3_vital
TRAJ17,retina,1,,3_vital
TRAJ18,"appendix, tonsil",2,1.0170505686417785e-06,1a_lymphoid
TRAJ19,retina,1,,3_vital
TRAJ2,retina,1,,3_vital
TRAJ20,"appendix, retina",2,2.426009309228015e-06,3_vital
TRAJ21,"retina, spleen",2,0.0026250758330293457,3_vital
TRAJ22,"appendix, lymph node, retina",3,0.016353379833428765,3_vital
TRAJ23,retina,1,,3_vital
TRAJ24,"lymph node, retina",2,0.03326710686601546,3_vital
TRAJ25,"retina, thymus",2,0.0018720381642045234,3_vital
TRAJ26,retina,1,,3_vital
TRAJ27,"retina, testis",2,,3_vital
TRAJ28,"lymph node, retina",2,0.01891195646070111,3_vital
TRAJ29,retina,1,,3_vital
TRAJ3,retina,1,,3_vital
TRAJ30,"appendix, retina",2,0.00705427088103679,3_vital
TRAJ31,"lymph node, retina",2,0.0006473471131298472,3_vital
TRAJ32,"lymph node, retina",2,0.00034322667904254146,3_vital
TRAJ33,"appendix, retina",2,0.005508300589913917,3_vital
TRAJ34,retina,1,,3_vital
TRAJ35,"retina, thymus",2,0.04931636128502388,3_vital
TRAJ36,retina,1,,3_vital
TRAJ37,"appendix, lymph node, retina",3,0.005867083210191956,3_vital
TRAJ38,retina,1,,3_vital
TRAJ39,"epididymis, retina",2,,3_vital
TRAJ4,retina,1,,3_vital
TRAJ40,retina,1,,3_vital
TRAJ41,retina,1,,3_vital
TRAJ42,retina,1,,3_vital
TRAJ43,retina,1,,3_vital
TRAJ44,"appendix, retina",2,6.07509363560669e-06,3_vital
TRAJ45,"lymph node, retina",2,0.03270677698011546,3_vital
TRAJ46,retina,1,,3_vital
TRAJ47,retina,1,,3_vital
TRAJ48,retina,1,,3_vital
TRAJ49,retina,1,,3_vital
TRAJ5,retina,1,,3_vital
TRAJ50,"spleen, thymus",2,9.043700364210729e-09,1a_lymphoid
TRAJ52,appendix,1,5.588811264807128e-06,1a_lymphoid
TRAJ53,lymph node,1,5.6547794868186425e-11,1a_lymphoid
TRAJ54,lymph node,1,5.200545021985253e-09,1a_lymphoid
TRAJ56,"lymph node, spleen",2,4.7664194338683204e-05,1a_lymphoid
TRAJ57,"appendix, salivary gland",2,4.30253016904493e-06,1a_lymphoid
TRAJ58,"appendix, lymph node, thymus",3,0.00030751000672428583,1a_lymphoid
TRAJ59,thymus,1,2.404822288847446e-07,1a_lymphoid
TRAJ6,retina,1,,3_vital
TRAJ61,"lymph node, thymus",2,1.2949457297904076e-11,1a_lymphoid
TRAJ7,retina,1,,3_vital
TRAJ9,"appendix, retina",2,0.010315414283826553,3_vital
TRAK1,"skeletal muscle, tongue",2,,3_vital
TRAK2,spinal cord,1,,3_vital
TRAM1,,0,,4_broad
TRAM1L1,,0,,4_broad
TRAM2,placenta,1,,2_restricted
TRANK1,,0,,4_broad
TRAP1,skeletal muscle,1,,3_vital
TRAPPC1,,0,,4_broad
TRAPPC10,bone marrow,1,0.045510165311019354,1a_lymphoid
TRAPPC11,,0,,4_broad
TRAPPC12,testis,1,,1b_testis_CT
TRAPPC13,parathyroid gland,1,,2_restricted
TRAPPC14,,0,,4_broad
TRAPPC2,cerebellum,1,,3_vital
TRAPPC2B,skeletal muscle,1,,3_vital
TRAPPC2L,adrenal gland,1,,3_vital
TRAPPC3,choroid plexus,1,,3_vital
TRAPPC3L,"retina, spleen",2,0.013196256446697124,3_vital
TRAPPC4,,0,,4_broad
TRAPPC5,testis,1,,1b_testis_CT
TRAPPC6A,,0,,4_broad
TRAPPC6B,cerebellum,1,,3_vital
TRAPPC8,testis,1,,1b_testis_CT
TRAPPC9,"parathyroid gland, skeletal muscle",2,,3_vital
TRARG1,"adipose tissue, breast",2,,2_restricted
TRAT1,thymus,1,7.9669310919922775e-22,1a_lymphoid
TRAV1-1,thymus,1,1.678208365970676e-24,1a_lymphoid
TRAV1-2,thymus,1,2.2345042063377607e-12,1a_lymphoid
TRAV10,thymus,1,3.9464382552404714e-15,1a_lymphoid
TRAV12-1,"thymus, tonsil",2,1.0611368579565292e-06,1a_lymphoid
TRAV12-2,"lymph node, thymus",2,1.5805669634177252e-06,1a_lymphoid
TRAV12-3,thymus,1,3.4380033757164215e-18,1a_lymphoid
TRAV13-1,thymus,1,6.478939229482182e-11,1a_lymphoid
TRAV13-2,thymus,1,2.114144769438273e-22,1a_lymphoid
TRAV14DV4,thymus,1,6.35181960540843e-13,1a_lymphoid
TRAV16,thymus,1,5.763937911445955e-16,1a_lymphoid
TRAV17,thymus,1,1.7294272963470764e-12,1a_lymphoid
TRAV18,thymus,1,1.775395947487035e-18,1a_lymphoid
TRAV19,thymus,1,2.584035787441871e-12,1a_lymphoid
TRAV2,thymus,1,1.9770859902577677e-18,1a_lymphoid
TRAV20,"lymph node, thymus",2,9.32537758400356e-09,1a_lymphoid
TRAV21,thymus,1,6.048919520960574e-22,1a_lymphoid
TRAV22,thymus,1,1.986610414309179e-23,1a_lymphoid
TRAV23DV6,thymus,1,7.679686158728761e-13,1a_lymphoid
TRAV24,thymus,1,8.286966209118352e-18,1a_lymphoid
TRAV25,"lymph node, thymus",2,1.6550932061479185e-09,1a_lymphoid
TRAV26-1,"lymph node, thymus",2,1.9371062254569463e-09,1a_lymphoid
TRAV26-2,thymus,1,9.19113814873998e-25,1a_lymphoid
TRAV27,thymus,1,2.924369721635486e-20,1a_lymphoid
TRAV29DV5,thymus,1,5.592510755368587e-12,1a_lymphoid
TRAV3,"lymph node, thymus",2,4.908930706231899e-07,1a_lymphoid
TRAV30,thymus,1,2.4352359582237214e-13,1a_lymphoid
TRAV34,thymus,1,1.4724336304664593e-29,1a_lymphoid
TRAV36DV7,thymus,1,3.2178663645311993e-19,1a_lymphoid
TRAV38-1,"lymph node, thymus",2,1.4245682879497491e-05,1a_lymphoid
TRAV38-2DV8,thymus,1,3.103658990485777e-18,1a_lymphoid
TRAV39,thymus,1,2.0122396982312016e-36,1a_lymphoid
TRAV4,thymus,1,1.3921461917072311e-12,1a_lymphoid
TRAV40,thymus,1,5.1469860206480814e-51,1a_lymphoid
TRAV41,thymus,1,2.3025178707850466e-34,1a_lymphoid
TRAV5,"lymph node, thymus",2,4.0537896121583746e-05,1a_lymphoid
TRAV6,thymus,1,2.2267583653716194e-10,1a_lymphoid
TRAV7,"thymus, tonsil",2,1.9574989875587274e-16,1a_lymphoid
TRAV8-1,thymus,1,1.9400922407409367e-10,1a_lymphoid
TRAV8-2,"lymph node, thymus",2,3.382796688506066e-11,1a_lymphoid
TRAV8-3,"lymph node, thymus",2,3.6623302380995543e-10,1a_lymphoid
TRAV8-4,thymus,1,1.0495763765479066e-10,1a_lymphoid
TRAV8-6,thymus,1,4.323716902640047e-15,1a_lymphoid
TRAV8-7,"testis, thymus",2,0.00019632437579437056,1a_lymphoid
TRAV9-1,,0,,4_broad
TRAV9-2,"lymph node, thymus",2,1.4628303093422307e-07,1a_lymphoid
TRBC1,thymus,1,1.4637926902798412e-27,1a_lymphoid
TRBC2,"small intestine, spleen",2,6.577708627360587e-09,1a_lymphoid
TRBD1,,0,,4_broad
TRBJ1-1,thymus,1,2.7653210024318474e-07,1a_lymphoid
TRBJ1-2,thymus,1,2.945107459374358e-11,1a_lymphoid
TRBJ1-3,thymus,1,4.989224227723777e-10,1a_lymphoid
TRBJ1-4,thymus,1,1.3707493654034756e-09,1a_lymphoid
TRBJ1-5,thymus,1,1.6830621632381338e-09,1a_lymphoid
TRBJ1-6,"lymph node, thymus",2,3.1990212866477855e-06,1a_lymphoid
TRBJ2-1,thymus,1,4.893037197724412e-06,1a_lymphoid
TRBJ2-2,"lymph node, thymus",2,0.00030403686325661966,1a_lymphoid
TRBJ2-2P,"lymph node, spleen",2,0.0013871823915844509,1a_lymphoid
TRBJ2-3,"appendix, lymph node, spleen",3,0.0036660184329837743,1a_lymphoid
TRBJ2-4,"spleen, thymus",2,7.24369695314633e-05,1a_lymphoid
TRBJ2-5,"lymph node, spleen",2,0.016061878908508555,1a_lymphoid
TRBJ2-6,"appendix, lymph node, spleen",3,0.0027047353471564956,1a_lymphoid
TRBJ2-7,"lymph node, thymus",2,2.2722418105341324e-05,1a_lymphoid
TRBV10-1,thymus,1,2.621608037650523e-37,1a_lymphoid
TRBV10-2,thymus,1,5.254974640503743e-13,1a_lymphoid
TRBV10-3,thymus,1,1.3770993748200202e-29,1a_lymphoid
TRBV11-1,thymus,1,6.211330932194967e-23,1a_lymphoid
TRBV11-3,thymus,1,6.624864408468689e-41,1a_lymphoid
TRBV12-3,thymus,1,1.1422912135857578e-24,1a_lymphoid
TRBV12-4,thymus,1,1.4528373106262327e-33,1a_lymphoid
TRBV12-5,thymus,1,1.9827871734498415e-56,1a_lymphoid
TRBV13,thymus,1,3.8167934653444306e-28,1a_lymphoid
TRBV14,thymus,1,7.829732773875346e-39,1a_lymphoid
TRBV15,thymus,1,5.060022224460535e-46,1a_lymphoid
TRBV16,thymus,1,1.5215259498145728e-12,1a_lymphoid
TRBV17,"bone marrow, testis",2,0.03607637196019961,1a_lymphoid
TRBV18,thymus,1,5.17031974005945e-25,1a_lymphoid
TRBV19,"lymph node, thymus",2,8.960228392888771e-15,1a_lymphoid
TRBV2,thymus,1,7.234468360682189e-21,1a_lymphoid
TRBV20-1,thymus,1,3.5330894033602766e-23,1a_lymphoid
TRBV20OR9-2,"cerebellum, pituitary gland",2,,3_vital
TRBV23-1,"lymph node, thymus",2,6.153763294077767e-07,1a_lymphoid
TRBV24-1,thymus,1,1.185989043934657e-16,1a_lymphoid
TRBV25-1,thymus,1,1.1136204388987607e-33,1a_lymphoid
TRBV27,thymus,1,6.457893777082992e-27,1a_lymphoid
TRBV28,thymus,1,1.987601017186971e-32,1a_lymphoid
TRBV29-1,thymus,1,4.901411820913056e-21,1a_lymphoid
TRBV3-1,thymus,1,3.552912068944612e-25,1a_lymphoid
TRBV30,thymus,1,2.3790181182889123e-11,1a_lymphoid
TRBV4-1,thymus,1,4.412134319896734e-37,1a_lymphoid
TRBV4-2,thymus,1,4.9229703690158474e-23,1a_lymphoid
TRBV5-1,thymus,1,1.538595549234771e-24,1a_lymphoid
TRBV5-3,testis,1,,1b_testis_CT
TRBV5-4,thymus,1,2.604077890868201e-10,1a_lymphoid
TRBV5-5,thymus,1,2.726211355818591e-27,1a_lymphoid
TRBV5-6,thymus,1,3.075824029299146e-26,1a_lymphoid
TRBV5-7,thymus,1,1.7113483574675845e-216,1a_lymphoid
TRBV6-1,thymus,1,8.926199684985556e-39,1a_lymphoid
TRBV6-2,"lymph node, tonsil",2,6.517595235747584e-07,1a_lymphoid
TRBV6-4,thymus,1,6.88550238500611e-06,1a_lymphoid
TRBV6-5,thymus,1,1.1941895619892944e-28,1a_lymphoid
TRBV6-6,"thymus, tonsil",2,1.2730830207006687e-08,1a_lymphoid
TRBV6-7,"pancreas, testis, thymus",3,0.004618499557120931,3_vital
TRBV6-8,"testis, thymus",2,0.0009364665149540259,1a_lymphoid
TRBV7-1,testis,1,,1b_testis_CT
TRBV7-2,thymus,1,2.4648087356351626e-08,1a_lymphoid
TRBV7-3,thymus,1,9.219078068209067e-15,1a_lymphoid
TRBV7-4,thymus,1,5.163656060269047e-20,1a_lymphoid
TRBV7-6,thymus,1,8.53693230828112e-23,1a_lymphoid
TRBV7-7,thymus,1,4.315673607823276e-31,1a_lymphoid
TRBV7-9,thymus,1,4.049678401382005e-14,1a_lymphoid
TRBV9,thymus,1,4.499137029392098e-14,1a_lymphoid
TRDC,thymus,1,2.9863547684282293e-38,1a_lymphoid
TRDD1,,0,,4_broad
TRDD2,,0,,4_broad
TRDD3,,0,,4_broad
TRDJ1,"bone marrow, spleen, thymus",3,0.00011823475730800116,1a_lymphoid
TRDJ2,"spleen, thymus",2,6.5380916190471494e-09,1a_lymphoid
TRDJ3,thymus,1,3.477204940744493e-30,1a_lymphoid
TRDJ4,spleen,1,5.431122428772783e-13,1a_lymphoid
TRDMT1,"epididymis, retina",2,,3_vital
TRDN,"skeletal muscle, tongue",2,,3_vital
TRDV1,thymus,1,4.08384215110374e-25,1a_lymphoid
TRDV2,"spleen, thymus",2,2.7942101876386234e-07,1a_lymphoid
TRDV3,"epididymis, thymus",2,0.0006533214223124627,1a_lymphoid
TREH,"duodenum, small intestine",2,,2_restricted
TREM1,"bone marrow, lung",2,1.4444572394052011e-08,3_vital
TREM2,"choroid plexus, spinal cord",2,,3_vital
TREML1,"bone marrow, spleen",2,0.00021430744117896134,1a_lymphoid
TREML2,bone marrow,1,1.9523305580616108e-05,1a_lymphoid
TREML4,choroid plexus,1,,3_vital
TRERF1,bone marrow,1,0.016089873750805988,1a_lymphoid
TREX1,choroid plexus,1,,3_vital
TREX2,skin,1,,2_restricted
TRGC1,prostate,1,,2_restricted
TRGC2,"bone marrow, spleen, thymus",3,0.0030028585702259326,1a_lymphoid
TRGJ1,prostate,1,,2_restricted
TRGJ2,prostate,1,,2_restricted
TRGJP,bone marrow,1,1.3153422584831629e-45,1a_lymphoid
TRGJP1,bone marrow,1,2.6556755097790124e-44,1a_lymphoid
TRGJP2,bone marrow,1,2.9281823554897395e-08,1a_lymphoid
TRGV1,"lymph node, spleen",2,1.062600570203052e-05,1a_lymphoid
TRGV10,"bone marrow, spleen, thymus",3,0.007545749749252528,1a_lymphoid
TRGV11,"epididymis, thymus",2,1.0521458201410511e-06,1a_lymphoid
TRGV2,"lymph node, spleen, thymus",3,5.9049552648814095e-06,1a_lymphoid
TRGV3,"lymph node, thymus, tonsil",3,0.00012528573421607603,1a_lymphoid
TRGV4,"lymph node, spleen",2,3.9132293507561785e-05,1a_lymphoid
TRGV5,"thymus, tonsil",2,0.00018160375145943172,1a_lymphoid
TRGV8,"prostate, spleen",2,4.8682287376682746e-05,1a_lymphoid
TRGV9,prostate,1,,2_restricted
TRH,hypothalamus,1,,3_vital
TRHDE,"adipose tissue, pancreas",2,,3_vital
TRHR,pituitary gland,1,,3_vital
TRIAP1,"liver, skeletal muscle",2,,3_vital
TRIB1,bone marrow,1,2.343242352089378e-13,1a_lymphoid
TRIB2,retina,1,,3_vital
TRIB3,liver,1,,3_vital
TRIL,"amygdala, basal ganglia, midbrain",3,,3_vital
TRIM10,bone marrow,1,4.4894928546963664e-15,1a_lymphoid
TRIM11,cerebellum,1,,3_vital
TRIM13,"bone marrow, testis",2,0.0005619745669902242,1a_lymphoid
TRIM14,,0,,4_broad
TRIM15,"colon, duodenum, liver",3,,3_vital
TRIM16,esophagus,1,,2_restricted
TRIM17,"cerebellum, testis",2,,3_vital
TRIM2,cerebral cortex,1,,3_vital
TRIM21,,0,,4_broad
TRIM22,spleen,1,0.012759202604579236,1a_lymphoid
TRIM23,cerebral cortex,1,,3_vital
TRIM24,"ovary, testis",2,,2_restricted
TRIM25,"bone marrow, spleen",2,0.0010307541065884428,1a_lymphoid
TRIM26,,0,,4_broad
TRIM27,,0,,4_broad
TRIM28,,0,,4_broad
TRIM29,"esophagus, skin",2,,2_restricted
TRIM3,cerebellum,1,,3_vital
TRIM31,"colon, urinary bladder",2,,2_restricted
TRIM32,skeletal muscle,1,,3_vital
TRIM33,epididymis,1,,2_restricted
TRIM34,,0,,4_broad
TRIM35,skin,1,,2_restricted
TRIM36,testis,1,,1b_testis_CT
TRIM37,testis,1,,1b_testis_CT
TRIM38,,0,,4_broad
TRIM39,testis,1,,1b_testis_CT
TRIM39-RPP21,testis,1,,1b_testis_CT
TRIM4,ovary,1,,2_restricted
TRIM40,"colon, small intestine",2,,2_restricted
TRIM41,"midbrain, spinal cord",2,,3_vital
TRIM42,testis,1,,1b_testis_CT
TRIM43,"testis, thymus",2,0.0034360289579113148,1a_lymphoid
TRIM43B,"testis, thymus",2,7.194361018193167e-07,1a_lymphoid
TRIM44,"cerebellum, retina",2,,3_vital
TRIM45,skeletal muscle,1,,3_vital
TRIM46,cerebellum,1,,3_vital
TRIM47,choroid plexus,1,,3_vital
TRIM48,skin,1,,2_restricted
TRIM49,testis,1,,1b_testis_CT
TRIM49B,,0,,4_broad
TRIM49C,testis,1,,1b_testis_CT
TRIM49D1,liver,1,,3_vital
TRIM49D2,testis,1,,1b_testis_CT
TRIM5,,0,,4_broad
TRIM50,"pancreas, parathyroid gland, stomach",3,,3_vital
TRIM51,testis,1,,1b_testis_CT
TRIM51G,,0,,4_broad
TRIM52,retina,1,,3_vital
TRIM54,skeletal muscle,1,,3_vital
TRIM55,"heart muscle, liver",2,,3_vital
TRIM56,,0,,4_broad
TRIM58,bone marrow,1,4.3697045059292876e-16,1a_lymphoid
TRIM59,bone marrow,1,0.0069819119408364,1a_lymphoid
TRIM6,kidney,1,,3_vital
TRIM6-TRIM34,"kidney, pancreas, testis",3,,3_vital
TRIM60,"placenta, testis",2,,2_restricted
TRIM61,testis,1,,1b_testis_CT
TRIM62,"cerebellum, skin",2,,3_vital
TRIM63,skeletal muscle,1,,3_vital
TRIM64,placenta,1,,2_restricted
TRIM64B,placenta,1,,2_restricted
TRIM64C,,0,,4_broad
TRIM65,cerebellum,1,,3_vital
TRIM66,"skin, testis",2,,2_restricted
TRIM67,"cerebellum, cerebral cortex",2,,3_vital
TRIM68,,0,,4_broad
TRIM69,testis,1,,1b_testis_CT
TRIM7,skeletal muscle,1,,3_vital
TRIM71,testis,1,,1b_testis_CT
TRIM72,skeletal muscle,1,,3_vital
TRIM73,stomach,1,,2_restricted
TRIM74,"stomach, testis",2,,2_restricted
TRIM75,"placenta, testis",2,,2_restricted
TRIM77,,0,,4_broad
TRIM8,,0,,4_broad
TRIM9,cerebral cortex,1,,3_vital
TRIML1,testis,1,,1b_testis_CT
TRIML2,"placenta, testis",2,,2_restricted
TRIO,ovary,1,,2_restricted
TRIOBP,,0,,4_broad
TRIP10,skeletal muscle,1,,3_vital
TRIP11,pancreas,1,,3_vital
TRIP12,testis,1,,1b_testis_CT
TRIP13,testis,1,,1b_testis_CT
TRIP4,kidney,1,,3_vital
TRIP6,,0,,4_broad
TRIQK,liver,1,,3_vital
TRIR,,0,,4_broad
TRIT1,,0,,4_broad
TRMO,thyroid gland,1,,2_restricted
TRMT1,,0,,4_broad
TRMT10A,"liver, testis",2,,3_vital
TRMT10B,,0,,4_broad
TRMT10C,,0,,4_broad
TRMT11,liver,1,,3_vital
TRMT112,"adrenal gland, choroid plexus",2,,3_vital
TRMT12,,0,,4_broad
TRMT13,retina,1,,3_vital
TRMT1L,testis,1,,1b_testis_CT
TRMT2A,,0,,4_broad
TRMT2B,,0,,4_broad
TRMT44,,0,,4_broad
TRMT5,testis,1,,1b_testis_CT
TRMT6,skeletal muscle,1,,3_vital
TRMT61A,,0,,4_broad
TRMT61B,,0,,4_broad
TRMT9B,"cerebellum, choroid plexus",2,,3_vital
TRMU,heart muscle,1,,3_vital
TRNAU1AP,,0,,4_broad
TRNP1,"esophagus, stomach",2,,2_restricted
TRNT1,retina,1,,3_vital
TRO,skeletal muscle,1,,3_vital
TROAP,"bone marrow, thymus",2,1.2209481529291301e-06,1a_lymphoid
TRPA1,urinary bladder,1,,2_restricted
TRPC1,retina,1,,3_vital
TRPC3,"basal ganglia, pituitary gland",2,,3_vital
TRPC4,"endometrium, smooth muscle",2,,2_restricted
TRPC4AP,skeletal muscle,1,,3_vital
TRPC5,"cerebral cortex, hypothalamus",2,,3_vital
TRPC5OS,testis,1,,1b_testis_CT
TRPC6,"lung, placenta",2,,3_vital
TRPC7,"retina, testis",2,,3_vital
TRPM1,retina,1,,3_vital
TRPM2,bone marrow,1,6.084447487626056e-14,1a_lymphoid
TRPM3,choroid plexus,1,,3_vital
TRPM4,colon,1,,2_restricted
TRPM5,small intestine,1,,2_restricted
TRPM6,"colon, rectum",2,,2_restricted
TRPM7,parathyroid gland,1,,2_restricted
TRPM8,prostate,1,,2_restricted
TRPS1,breast,1,,2_restricted
TRPT1,"skeletal muscle, tongue",2,,3_vital
TRPV1,liver,1,,3_vital
TRPV2,lung,1,,3_vital
TRPV3,"skin, small intestine",2,,2_restricted
TRPV4,choroid plexus,1,,3_vital
TRPV5,kidney,1,,3_vital
TRPV6,"pancreas, salivary gland",2,,3_vital
TRRAP,thymus,1,0.014908433550240066,1a_lymphoid
TRUB1,adrenal gland,1,,3_vital
TRUB2,liver,1,,3_vital
TSACC,testis,1,,1b_testis_CT
TSBP1,testis,1,,1b_testis_CT
TSC1,testis,1,,1b_testis_CT
TSC2,skeletal muscle,1,,3_vital
TSC22D1,blood vessel,1,,2_restricted
TSC22D2,bone marrow,1,0.010257121569867819,1a_lymphoid
TSC22D3,blood vessel,1,,2_restricted
TSC22D4,"midbrain, spinal cord",2,,3_vital
TSEN15,spinal cord,1,,3_vital
TSEN2,,0,,4_broad
TSEN34,,0,,4_broad
TSEN54,,0,,4_broad
TSFM,tongue,1,,2_restricted
TSG101,skeletal muscle,1,,3_vital
TSGA10,testis,1,,1b_testis_CT
TSGA10IP,testis,1,,1b_testis_CT
TSGA13,testis,1,,1b_testis_CT
TSHB,pituitary gland,1,,3_vital
TSHR,thyroid gland,1,,2_restricted
TSHZ1,"ovary, placenta",2,,2_restricted
TSHZ2,adipose tissue,1,,2_restricted
TSHZ3,ovary,1,,2_restricted
TSKS,testis,1,,1b_testis_CT
TSKU,liver,1,,3_vital
TSLP,"liver, urinary bladder",2,,3_vital
TSN,bone marrow,1,1.2610178399628359e-05,1a_lymphoid
TSNARE1,"pancreas, skin",2,,3_vital
TSNAX,skeletal muscle,1,,3_vital
TSNAXIP1,testis,1,,1b_testis_CT
TSPAN1,"colon, rectum",2,,2_restricted
TSPAN10,skin,1,,2_restricted
TSPAN11,colon,1,,2_restricted
TSPAN12,kidney,1,,3_vital
TSPAN13,"lung, salivary gland",2,,3_vital
TSPAN14,,0,,4_broad
TSPAN15,spinal cord,1,,3_vital
TSPAN16,testis,1,,1b_testis_CT
TSPAN17,bone marrow,1,2.911339335917109e-05,1a_lymphoid
TSPAN18,heart muscle,1,,3_vital
TSPAN19,"retina, testis",2,,3_vital
TSPAN2,colon,1,,2_restricted
TSPAN3,,0,,4_broad
TSPAN31,parathyroid gland,1,,2_restricted
TSPAN32,"bone marrow, heart muscle",2,4.0382165671284146e-12,3_vital
TSPAN33,kidney,1,,3_vital
TSPAN4,,0,,4_broad
TSPAN5,cerebellum,1,,3_vital
TSPAN6,choroid plexus,1,,3_vital
TSPAN7,"basal ganglia, cerebral cortex",2,,3_vital
TSPAN8,"colon, duodenum, rectum, small intestine",4,,2_restricted
TSPAN9,"cerebellum, heart muscle",2,,3_vital
TSPEAR,"pituitary gland, testis",2,,3_vital
TSPO,esophagus,1,,2_restricted
TSPO2,bone marrow,1,1.4656962647486051e-64,1a_lymphoid
TSPOAP1,"amygdala, cerebral cortex",2,,3_vital
TSPY1,testis,1,,1b_testis_CT
TSPY10,testis,1,,1b_testis_CT
TSPY2,testis,1,,1b_testis_CT
TSPY3,testis,1,,1b_testis_CT
TSPY4,testis,1,,1b_testis_CT
TSPY8,testis,1,,1b_testis_CT
TSPY9,testis,1,,1b_testis_CT
TSPYL1,skeletal muscle,1,,3_vital
TSPYL2,ovary,1,,2_restricted
TSPYL4,cerebellum,1,,3_vital
TSPYL5,testis,1,,1b_testis_CT
TSPYL6,testis,1,,1b_testis_CT
TSR1,skeletal muscle,1,,3_vital
TSR2,spinal cord,1,,3_vital
TSR3,,0,,4_broad
TSSC4,testis,1,,1b_testis_CT
TSSK1B,testis,1,,1b_testis_CT
TSSK2,testis,1,,1b_testis_CT
TSSK3,testis,1,,1b_testis_CT
TSSK4,testis,1,,1b_testis_CT
TSSK6,testis,1,,1b_testis_CT
TST,liver,1,,3_vital
TSTD1,,0,,4_broad
TSTD2,,0,,4_broad
TSTD3,"adipose tissue, parathyroid gland",2,,2_restricted
TTBK1,"cerebellum, cerebral cortex",2,,3_vital
TTBK2,testis,1,,1b_testis_CT
TTC1,,0,,4_broad
TTC12,testis,1,,1b_testis_CT
TTC13,"lymph node, spleen",2,0.008164534342323757,1a_lymphoid
TTC14,retina,1,,3_vital
TTC16,testis,1,,1b_testis_CT
TTC17,pancreas,1,,3_vital
TTC19,pancreas,1,,3_vital
TTC21A,testis,1,,1b_testis_CT
TTC21B,tongue,1,,2_restricted
TTC22,esophagus,1,,2_restricted
TTC23,,0,,4_broad
TTC23L,testis,1,,1b_testis_CT
TTC24,thymus,1,9.840026855097565e-20,1a_lymphoid
TTC26,"choroid plexus, fallopian tube, testis",3,,3_vital
TTC27,,0,,4_broad
TTC28,ovary,1,,2_restricted
TTC29,testis,1,,1b_testis_CT
TTC3,,0,,4_broad
TTC30A,testis,1,,1b_testis_CT
TTC30B,fallopian tube,1,,2_restricted
TTC31,liver,1,,3_vital
TTC32,"bone marrow, retina",2,0.0010708050028153423,3_vital
TTC33,tongue,1,,2_restricted
TTC34,testis,1,,1b_testis_CT
TTC36,liver,1,,3_vital
TTC38,liver,1,,3_vital
TTC39A,testis,1,,1b_testis_CT
TTC39B,,0,,4_broad
TTC39C,"liver, retina",2,,3_vital
TTC4,skeletal muscle,1,,3_vital
TTC5,"fallopian tube, parathyroid gland",2,,2_restricted
TTC6,"prostate, testis",2,,2_restricted
TTC7A,"testis, thymus",2,0.04332570778543588,1a_lymphoid
TTC7B,"cerebellum, cerebral cortex",2,,3_vital
TTC8,ovary,1,,2_restricted
TTC9,esophagus,1,,2_restricted
TTC9B,"amygdala, cerebral cortex",2,,3_vital
TTC9C,,0,,4_broad
TTF1,"bone marrow, thymus",2,0.0009193600042895743,1a_lymphoid
TTF2,thymus,1,0.020829050863883737,1a_lymphoid
TTI1,skeletal muscle,1,,3_vital
TTI2,testis,1,,1b_testis_CT
TTK,"testis, thymus",2,2.846706233566308e-07,1a_lymphoid
TTL,"skeletal muscle, tongue",2,,3_vital
TTLL1,,0,,4_broad
TTLL10,testis,1,,1b_testis_CT
TTLL11,"skeletal muscle, spinal cord",2,,3_vital
TTLL12,esophagus,1,,2_restricted
TTLL13,testis,1,,1b_testis_CT
TTLL2,testis,1,,1b_testis_CT
TTLL3,ovary,1,,2_restricted
TTLL4,"choroid plexus, testis",2,,3_vital
TTLL5,testis,1,,1b_testis_CT
TTLL6,testis,1,,1b_testis_CT
TTLL7,cerebral cortex,1,,3_vital
TTLL8,testis,1,,1b_testis_CT
TTLL9,choroid plexus,1,,3_vital
TTN,skeletal muscle,1,,3_vital
TTPA,liver,1,,3_vital
TTPAL,liver,1,,3_vital
TTR,choroid plexus,1,,3_vital
TTYH1,"amygdala, basal ganglia",2,,3_vital
TTYH2,spinal cord,1,,3_vital
TTYH3,cerebellum,1,,3_vital
TUB,retina,1,,3_vital
TUBA1A,spinal cord,1,,3_vital
TUBA1B,cerebral cortex,1,,3_vital
TUBA1C,esophagus,1,,2_restricted
TUBA3C,testis,1,,1b_testis_CT
TUBA3D,testis,1,,1b_testis_CT
TUBA3E,testis,1,,1b_testis_CT
TUBA4A,"skeletal muscle, tongue",2,,3_vital
TUBA4B,"choroid plexus, fallopian tube",2,,3_vital
TUBA8,skeletal muscle,1,,3_vital
TUBAL3,"duodenum, small intestine",2,,2_restricted
TUBB,thymus,1,0.007867972118100943,1a_lymphoid
TUBB1,bone marrow,1,2.0375607405565094e-13,1a_lymphoid
TUBB2A,"cerebral cortex, hypothalamus",2,,3_vital
TUBB2B,spinal cord,1,,3_vital
TUBB3,hypothalamus,1,,3_vital
TUBB4A,"cerebellum, spinal cord",2,,3_vital
TUBB4B,"choroid plexus, testis",2,,3_vital
TUBB6,,0,,4_broad
TUBB8,"ovary, testis",2,,2_restricted
TUBB8B,testis,1,,1b_testis_CT
TUBD1,,0,,4_broad
TUBE1,"cerebellum, liver",2,,3_vital
TUBG1,testis,1,,1b_testis_CT
TUBG2,cerebral cortex,1,,3_vital
TUBGCP2,,0,,4_broad
TUBGCP3,bone marrow,1,6.361419700692442e-08,1a_lymphoid
TUBGCP4,"cerebellum, retina",2,,3_vital
TUBGCP5,testis,1,,1b_testis_CT
TUBGCP6,cerebellum,1,,3_vital
TUFM,"skeletal muscle, tongue",2,,3_vital
TUFT1,skin,1,,2_restricted
TUG1,,0,,4_broad
TULP1,retina,1,,3_vital
TULP2,testis,1,,1b_testis_CT
TULP3,ovary,1,,2_restricted
TULP4,spinal cord,1,,3_vital
TUNAR,basal ganglia,1,,3_vital
TUSC1,,0,,4_broad
TUSC2,cerebral cortex,1,,3_vital
TUSC3,choroid plexus,1,,3_vital
TUT1,liver,1,,3_vital
TUT4,retina,1,,3_vital
TUT7,liver,1,,3_vital
TVP23A,,0,,4_broad
TVP23B,,0,,4_broad
TVP23C,bone marrow,1,0.009780312386541404,1a_lymphoid
TVP23C-CDRT4,choroid plexus,1,,3_vital
TWF1,,0,,4_broad
TWF2,,0,,4_broad
TWIST1,"adipose tissue, breast",2,,2_restricted
TWIST2,cervix,1,,2_restricted
TWNK,"skeletal muscle, tongue",2,,3_vital
TWSG1,smooth muscle,1,,2_restricted
TXK,lymph node,1,7.507802558114292e-05,1a_lymphoid
TXLNA,liver,1,,3_vital
TXLNB,"skeletal muscle, tongue",2,,3_vital
TXLNG,,0,,4_broad
TXN,esophagus,1,,2_restricted
TXN2,"adrenal gland, tongue",2,,3_vital
TXNDC11,bone marrow,1,0.03737827304843687,1a_lymphoid
TXNDC12,,0,,4_broad
TXNDC15,choroid plexus,1,,3_vital
TXNDC16,prostate,1,,2_restricted
TXNDC17,esophagus,1,,2_restricted
TXNDC2,testis,1,,1b_testis_CT
TXNDC5,,0,,4_broad
TXNDC8,testis,1,,1b_testis_CT
TXNDC9,,0,,4_broad
TXNIP,tongue,1,,2_restricted
TXNL1,"skeletal muscle, thyroid gland, tongue",3,,3_vital
TXNL4A,,0,,4_broad
TXNL4B,ovary,1,,2_restricted
TXNRD1,"adrenal gland, urinary bladder",2,,3_vital
TXNRD2,liver,1,,3_vital
TXNRD3,testis,1,,1b_testis_CT
TYK2,"liver, spleen",2,0.006773604904573077,3_vital
TYMP,"lung, spleen",2,0.02635519599691381,3_vital
TYMS,"bone marrow, thymus",2,9.295723826331844e-07,1a_lymphoid
TYR,skin,1,,2_restricted
TYRO3,"cerebral cortex, ovary",2,,3_vital
TYROBP,"bone marrow, spleen",2,1.2794283959861464e-06,1a_lymphoid
TYRP1,skin,1,,2_restricted
TYSND1,testis,1,,1b_testis_CT
TYW1,skeletal muscle,1,,3_vital
TYW1B,choroid plexus,1,,3_vital
TYW3,,0,,4_broad
TYW5,retina,1,,3_vital
U2AF1,"bone marrow, thymus",2,0.03130479456957041,1a_lymphoid
U2AF1L4,,0,,4_broad
U2AF2,bone marrow,1,0.008268738677670799,1a_lymphoid
U2SURP,"bone marrow, retina",2,1.707076970212714e-05,3_vital
UACA,"skeletal muscle, tongue",2,,3_vital
UAP1,liver,1,,3_vital
UAP1L1,spleen,1,0.020476322600961515,1a_lymphoid
UBA1,skeletal muscle,1,,3_vital
UBA2,blood vessel,1,,2_restricted
UBA3,heart muscle,1,,3_vital
UBA5,"pancreas, salivary gland",2,,3_vital
UBA52,bone marrow,1,0.0178747662519514,1a_lymphoid
UBA6,bone marrow,1,0.012429559115835367,1a_lymphoid
UBA7,spleen,1,0.026098267322626597,1a_lymphoid
UBAC1,skeletal muscle,1,,3_vital
UBAC2,,0,,4_broad
UBALD1,,0,,4_broad
UBALD2,"bone marrow, skeletal muscle",2,2.2491239859799047e-06,3_vital
UBAP1,"bone marrow, skeletal muscle",2,6.803472174221381e-06,3_vital
UBAP1L,"cerebellum, retina",2,,3_vital
UBAP2,skeletal muscle,1,,3_vital
UBAP2L,,0,,4_broad
UBASH3A,"lymph node, thymus",2,2.242226425516944e-10,1a_lymphoid
UBASH3B,cerebellum,1,,3_vital
UBB,liver,1,,3_vital
UBC,"skeletal muscle, tongue",2,,3_vital
UBD,tonsil,1,2.60402010462161e-07,1a_lymphoid
UBE2A,skeletal muscle,1,,3_vital
UBE2B,skeletal muscle,1,,3_vital
UBE2C,"bone marrow, thymus",2,1.6807005135946573e-05,1a_lymphoid
UBE2D1,skeletal muscle,1,,3_vital
UBE2D2,skeletal muscle,1,,3_vital
UBE2D3,bone marrow,1,1.94972468665218e-09,1a_lymphoid
UBE2D4,"skeletal muscle, tongue",2,,3_vital
UBE2E1,,0,,4_broad
UBE2E2,blood vessel,1,,2_restricted
UBE2E3,skeletal muscle,1,,3_vital
UBE2F,pancreas,1,,3_vital
UBE2G1,skeletal muscle,1,,3_vital
UBE2G2,"skeletal muscle, tongue",2,,3_vital
UBE2H,heart muscle,1,,3_vital
UBE2I,thymus,1,0.010651302442895798,1a_lymphoid
UBE2J1,"bone marrow, tonsil",2,0.0004736118079186735,1a_lymphoid
UBE2J2,testis,1,,1b_testis_CT
UBE2K,liver,1,,3_vital
UBE2L3,,0,,4_broad
UBE2L5,testis,1,,1b_testis_CT
UBE2L6,,0,,4_broad
UBE2M,"amygdala, cerebral cortex",2,,3_vital
UBE2N,testis,1,,1b_testis_CT
UBE2O,cerebellum,1,,3_vital
UBE2Q1,,0,,4_broad
UBE2Q2,,0,,4_broad
UBE2QL1,"cerebellum, skeletal muscle",2,,3_vital
UBE2R2,skeletal muscle,1,,3_vital
UBE2S,"bone marrow, testis",2,0.0029875660605800615,1a_lymphoid
UBE2T,thymus,1,1.5473361925223176e-06,1a_lymphoid
UBE2U,testis,1,,1b_testis_CT
UBE2V1,,0,,4_broad
UBE2V2,cerebral cortex,1,,3_vital
UBE2W,,0,,4_broad
UBE2Z,epididymis,1,,2_restricted
UBE3A,"skeletal muscle, tongue",2,,3_vital
UBE3B,"skeletal muscle, tongue",2,,3_vital
UBE3C,"skeletal muscle, tongue",2,,3_vital
UBE3D,fallopian tube,1,,2_restricted
UBE4A,,0,,4_broad
UBE4B,skeletal muscle,1,,3_vital
UBFD1,skeletal muscle,1,,3_vital
UBIAD1,skeletal muscle,1,,3_vital
UBL3,stomach,1,,2_restricted
UBL4A,"skeletal muscle, tongue",2,,3_vital
UBL4B,testis,1,,1b_testis_CT
UBL5,choroid plexus,1,,3_vital
UBL7,skeletal muscle,1,,3_vital
UBLCP1,tonsil,1,0.04393097374456341,1a_lymphoid
UBN1,"bone marrow, testis",2,6.485226882044232e-06,1a_lymphoid
UBN2,"retina, testis",2,,3_vital
UBOX5,skeletal muscle,1,,3_vital
UBP1,,0,,4_broad
UBQLN1,skeletal muscle,1,,3_vital
UBQLN2,,0,,4_broad
UBQLN3,testis,1,,1b_testis_CT
UBQLN4,skeletal muscle,1,,3_vital
UBQLNL,testis,1,,1b_testis_CT
UBR1,bone marrow,1,5.3261208073722645e-06,1a_lymphoid
UBR2,retina,1,,3_vital
UBR3,"skeletal muscle, tongue",2,,3_vital
UBR4,skin,1,,2_restricted
UBR5,,0,,4_broad
UBR7,thymus,1,0.008713634124112572,1a_lymphoid
UBTD1,"skin, testis",2,,2_restricted
UBTD2,"cerebellum, testis",2,,3_vital
UBTF,thymus,1,0.0380328798009857,1a_lymphoid
UBTFL1,,0,,4_broad
UBXN1,skeletal muscle,1,,3_vital
UBXN10,fallopian tube,1,,2_restricted
UBXN11,choroid plexus,1,,3_vital
UBXN2A,skeletal muscle,1,,3_vital
UBXN2B,,0,,4_broad
UBXN4,,0,,4_broad
UBXN6,skeletal muscle,1,,3_vital
UBXN7,"bone marrow, retina",2,3.8403400152155136e-05,3_vital
UBXN8,ovary,1,,2_restricted
UCHL1,"cerebral cortex, hypothalamus",2,,3_vital
UCHL3,,0,,4_broad
UCHL5,,0,,4_broad
UCK1,liver,1,,3_vital
UCK2,placenta,1,,2_restricted
UCKL1,cerebellum,1,,3_vital
UCMA,amygdala,1,,3_vital
UCN,,0,,4_broad
UCN2,skin,1,,2_restricted
UCN3,"duodenum, small intestine",2,,2_restricted
UCP1,adrenal gland,1,,3_vital
UCP2,lymph node,1,0.020599408873664286,1a_lymphoid
UCP3,"skeletal muscle, tongue",2,,3_vital
UEVLD,,0,,4_broad
UFC1,,0,,4_broad
UFD1,skeletal muscle,1,,3_vital
UFL1,,0,,4_broad
UFM1,bone marrow,1,3.8325888704626365e-05,1a_lymphoid
UFSP1,skeletal muscle,1,,3_vital
UFSP2,retina,1,,3_vital
UGCG,bone marrow,1,2.3954201346003805e-05,1a_lymphoid
UGDH,liver,1,,3_vital
UGGT1,"bone marrow, epididymis",2,0.007252369300566075,1a_lymphoid
UGGT2,blood vessel,1,,2_restricted
UGP2,"liver, tongue",2,,3_vital
UGT1A1,"duodenum, liver",2,,3_vital
UGT1A10,"duodenum, small intestine",2,,2_restricted
UGT1A4,liver,1,,3_vital
UGT1A6,"liver, urinary bladder",2,,3_vital
UGT1A7,esophagus,1,,2_restricted
UGT1A8,"colon, urinary bladder",2,,2_restricted
UGT1A9,kidney,1,,3_vital
UGT2A1,"choroid plexus, pituitary gland",2,,3_vital
UGT2A2,"kidney, liver",2,,3_vital
UGT2A3,"colon, small intestine",2,,2_restricted
UGT2B10,liver,1,,3_vital
UGT2B11,breast,1,,2_restricted
UGT2B15,liver,1,,3_vital
UGT2B17,"colon, duodenum, small intestine",3,,2_restricted
UGT2B28,breast,1,,2_restricted
UGT2B4,liver,1,,3_vital
UGT2B7,"kidney, liver",2,,3_vital
UGT3A1,"kidney, liver",2,,3_vital
UGT3A2,"skin, thymus",2,2.836315150459101e-08,1a_lymphoid
UGT8,spinal cord,1,,3_vital
UHMK1,,0,,4_broad
UHRF1,thymus,1,1.9966105108373852e-16,1a_lymphoid
UHRF2,bone marrow,1,3.293741325506287e-12,1a_lymphoid
UIMC1,"bone marrow, testis",2,0.005333161084137715,1a_lymphoid
ULBP1,"cerebellum, testis",2,,3_vital
ULBP2,esophagus,1,,2_restricted
ULBP3,"skeletal muscle, testis",2,,3_vital
ULK1,skeletal muscle,1,,3_vital
ULK2,"spinal cord, testis",2,,3_vital
ULK3,cerebellum,1,,3_vital
ULK4,testis,1,,1b_testis_CT
UMAD1,pancreas,1,,3_vital
UMOD,kidney,1,,3_vital
UMODL1,"fallopian tube, testis",2,,2_restricted
UMPS,,0,,4_broad
UNC119,retina,1,,3_vital
UNC119B,fallopian tube,1,,2_restricted
UNC13A,"cerebellum, cerebral cortex",2,,3_vital
UNC13B,"lung, retina",2,,3_vital
UNC13C,"amygdala, cerebellum, cerebral cortex",3,,3_vital
UNC13D,"bone marrow, spleen",2,0.000279196655142482,1a_lymphoid
UNC45A,blood vessel,1,,2_restricted
UNC45B,"skeletal muscle, tongue",2,,3_vital
UNC50,parathyroid gland,1,,2_restricted
UNC5A,"cerebellum, cerebral cortex",2,,3_vital
UNC5B,"cerebellum, seminal vesicle",2,,3_vital
UNC5C,thyroid gland,1,,2_restricted
UNC5CL,"kidney, liver",2,,3_vital
UNC5D,duodenum,1,,2_restricted
UNC79,"cerebellum, pituitary gland",2,,3_vital
UNC80,cerebellum,1,,3_vital
UNC93A,"liver, skin",2,,3_vital
UNC93B1,spleen,1,3.536120433987016e-08,1a_lymphoid
UNCX,cerebellum,1,,3_vital
UNG,adrenal gland,1,,3_vital
UNK,,0,,4_broad
UNKL,cerebellum,1,,3_vital
UPB1,liver,1,,3_vital
UPF1,,0,,4_broad
UPF2,,0,,4_broad
UPF3A,"spinal cord, testis",2,,3_vital
UPF3B,cerebellum,1,,3_vital
UPK1A,urinary bladder,1,,2_restricted
UPK1B,urinary bladder,1,,2_restricted
UPK2,urinary bladder,1,,2_restricted
UPK3A,"skeletal muscle, urinary bladder",2,,3_vital
UPK3B,"adipose tissue, esophagus",2,,2_restricted
UPK3BL1,esophagus,1,,2_restricted
UPK3BL2,,0,,4_broad
UPP1,esophagus,1,,2_restricted
UPP2,"kidney, liver",2,,3_vital
UPRT,,0,,4_broad
UQCC1,"skeletal muscle, tongue",2,,3_vital
UQCC2,"heart muscle, skeletal muscle",2,,3_vital
UQCC3,,0,,4_broad
UQCR10,"heart muscle, skeletal muscle, tongue",3,,3_vital
UQCR11,"heart muscle, skeletal muscle",2,,3_vital
UQCRB,"heart muscle, skeletal muscle",2,,3_vital
UQCRC1,"heart muscle, skeletal muscle, tongue",3,,3_vital
UQCRC2,"skeletal muscle, tongue",2,,3_vital
UQCRFS1,"skeletal muscle, tongue",2,,3_vital
UQCRH,"heart muscle, tongue",2,,3_vital
UQCRHL,heart muscle,1,,3_vital
UQCRQ,"heart muscle, liver, skeletal muscle",3,,3_vital
URAD,"colon, small intestine",2,,2_restricted
URB1,,0,,4_broad
URB2,skeletal muscle,1,,3_vital
URGCP,,0,,4_broad
URGCP-MRPS24,,0,,4_broad
URI1,,0,,4_broad
URM1,,0,,4_broad
UROC1,liver,1,,3_vital
UROD,bone marrow,1,9.50850073201247e-06,1a_lymphoid
UROS,amygdala,1,,3_vital
USB1,,0,,4_broad
USE1,,0,,4_broad
USF1,thymus,1,0.04839925269634604,1a_lymphoid
USF2,skeletal muscle,1,,3_vital
USF3,"liver, skeletal muscle",2,,3_vital
USH1C,"duodenum, small intestine",2,,2_restricted
USH1G,esophagus,1,,2_restricted
USH2A,retina,1,,3_vital
USHBP1,heart muscle,1,,3_vital
USO1,"skeletal muscle, tongue",2,,3_vital
USP1,"bone marrow, testis, thymus",3,0.004826405968248186,1a_lymphoid
USP10,skeletal muscle,1,,3_vital
USP11,cerebral cortex,1,,3_vital
USP12,bone marrow,1,6.285757813646661e-10,1a_lymphoid
USP13,"skeletal muscle, tongue",2,,3_vital
USP14,skeletal muscle,1,,3_vital
USP15,bone marrow,1,1.608883194261701e-20,1a_lymphoid
USP16,retina,1,,3_vital
USP17L1,retina,1,,3_vital
USP17L10,,0,,4_broad
USP17L11,,0,,4_broad
USP17L12,,0,,4_broad
USP17L13,,0,,4_broad
USP17L15,"cerebral cortex, duodenum, retina, skin",4,,3_vital
USP17L17,,0,,4_broad
USP17L18,,0,,4_broad
USP17L19,,0,,4_broad
USP17L2,skin,1,,2_restricted
USP17L20,,0,,4_broad
USP17L21,,0,,4_broad
USP17L22,,0,,4_broad
USP17L23,,0,,4_broad
USP17L24,,0,,4_broad
USP17L25,,0,,4_broad
USP17L26,,0,,4_broad
USP17L27,,0,,4_broad
USP17L28,,0,,4_broad
USP17L29,,0,,4_broad
USP17L3,,0,,4_broad
USP17L30,,0,,4_broad
USP17L4,,0,,4_broad
USP17L5,,0,,4_broad
USP17L7,pancreas,1,,3_vital
USP17L8,,0,,4_broad
USP18,liver,1,,3_vital
USP19,skeletal muscle,1,,3_vital
USP2,skeletal muscle,1,,3_vital
USP20,thymus,1,0.00041621298293395787,1a_lymphoid
USP21,fallopian tube,1,,2_restricted
USP22,cerebellum,1,,3_vital
USP24,skeletal muscle,1,,3_vital
USP25,"skeletal muscle, tongue",2,,3_vital
USP26,testis,1,,1b_testis_CT
USP27X,cerebellum,1,,3_vital
USP28,"heart muscle, skeletal muscle",2,,3_vital
USP29,testis,1,,1b_testis_CT
USP3,"bone marrow, cerebellum",2,0.0022961741641872573,3_vital
USP30,liver,1,,3_vital
USP31,,0,,4_broad
USP32,testis,1,,1b_testis_CT
USP33,cerebellum,1,,3_vital
USP34,retina,1,,3_vital
USP35,"adrenal gland, blood vessel",2,,3_vital
USP36,"bone marrow, ovary",2,0.002930528397289679,1a_lymphoid
USP37,"bone marrow, testis",2,0.007866925822544805,1a_lymphoid
USP38,bone marrow,1,6.833655472288203e-15,1a_lymphoid
USP39,skeletal muscle,1,,3_vital
USP4,bone marrow,1,1.2482113598416022e-05,1a_lymphoid
USP40,epididymis,1,,2_restricted
USP42,"bone marrow, testis",2,0.00033900864215487275,1a_lymphoid
USP43,"liver, prostate",2,,3_vital
USP44,testis,1,,1b_testis_CT
USP45,cerebellum,1,,3_vital
USP46,,0,,4_broad
USP47,skeletal muscle,1,,3_vital
USP48,"cerebellum, retina",2,,3_vital
USP49,retina,1,,3_vital
USP5,skeletal muscle,1,,3_vital
USP50,testis,1,,1b_testis_CT
USP51,epididymis,1,,2_restricted
USP53,tongue,1,,2_restricted
USP54,skeletal muscle,1,,3_vital
USP6,"skeletal muscle, testis",2,,3_vital
USP6NL,"esophagus, testis",2,,2_restricted
USP7,testis,1,,1b_testis_CT
USP8,parathyroid gland,1,,2_restricted
USP9X,"liver, skeletal muscle",2,,3_vital
USP9Y,cerebellum,1,,3_vital
USPL1,bone marrow,1,2.502606191004353e-05,1a_lymphoid
UST,thyroid gland,1,,2_restricted
UTF1,testis,1,,1b_testis_CT
UTP11,"skeletal muscle, tongue",2,,3_vital
UTP14A,,0,,4_broad
UTP14C,,0,,4_broad
UTP15,bone marrow,1,1.6364694933161595e-15,1a_lymphoid
UTP18,testis,1,,1b_testis_CT
UTP20,,0,,4_broad
UTP23,,0,,4_broad
UTP25,breast,1,,2_restricted
UTP3,spleen,1,0.03633774433606435,1a_lymphoid
UTP4,skeletal muscle,1,,3_vital
UTP6,,0,,4_broad
UTRN,,0,,4_broad
UTS2,spinal cord,1,,3_vital
UTS2B,retina,1,,3_vital
UTS2R,"testis, thyroid gland",2,,2_restricted
UTY,,0,,4_broad
UVRAG,bone marrow,1,0.03782570692051487,1a_lymphoid
UVSSA,pituitary gland,1,,3_vital
UXS1,kidney,1,,3_vital
UXT,,0,,4_broad
VAC14,,0,,4_broad
VAMP1,"cerebral cortex, spinal cord",2,,3_vital
VAMP2,cerebral cortex,1,,3_vital
VAMP3,spinal cord,1,,3_vital
VAMP4,"blood vessel, cerebellum",2,,3_vital
VAMP5,skeletal muscle,1,,3_vital
VAMP7,liver,1,,3_vital
VAMP8,,0,,4_broad
VANGL1,fallopian tube,1,,2_restricted
VANGL2,skin,1,,2_restricted
VAPA,bone marrow,1,3.2082039478174167e-07,1a_lymphoid
VAPB,,0,,4_broad
VARS1,"skeletal muscle, testis",2,,3_vital
VARS2,cerebellum,1,,3_vital
VASH1,retina,1,,3_vital
VASH2,testis,1,,1b_testis_CT
VASN,blood vessel,1,,2_restricted
VASP,bone marrow,1,0.010799800504414309,1a_lymphoid
VAT1,adrenal gland,1,,3_vital
VAT1L,choroid plexus,1,,3_vital
VAV1,bone marrow,1,0.010356477714525792,1a_lymphoid
VAV2,"liver, pancreas",2,,3_vital
VAV3,kidney,1,,3_vital
VAX1,"basal ganglia, hypothalamus",2,,3_vital
VAX2,"cerebellum, retina",2,,3_vital
VBP1,"skeletal muscle, tongue",2,,3_vital
VCAM1,spleen,1,4.400540386378688e-20,1a_lymphoid
VCAN,blood vessel,1,,2_restricted
VCL,blood vessel,1,,2_restricted
VCP,skeletal muscle,1,,3_vital
VCPIP1,bone marrow,1,6.3854548314158366e-12,1a_lymphoid
VCPKMT,,0,,4_broad
VCX,testis,1,,1b_testis_CT
VCX2,testis,1,,1b_testis_CT
VCX3A,testis,1,,1b_testis_CT
VCX3B,testis,1,,1b_testis_CT
VCY,testis,1,,1b_testis_CT
VCY1B,testis,1,,1b_testis_CT
VDAC1,"skeletal muscle, tongue",2,,3_vital
VDAC2,"skeletal muscle, tongue",2,,3_vital
VDAC3,"skeletal muscle, tongue",2,,3_vital
VDR,parathyroid gland,1,,2_restricted
VEGFA,thyroid gland,1,,2_restricted
VEGFB,heart muscle,1,,3_vital
VEGFC,"adipose tissue, thyroid gland",2,,2_restricted
VEGFD,lung,1,,3_vital
VENTX,spleen,1,0.0020289592234553682,1a_lymphoid
VEPH1,"kidney, lung",2,,3_vital
VEZF1,retina,1,,3_vital
VEZT,"skeletal muscle, tongue",2,,3_vital
VGF,"hypothalamus, pituitary gland",2,,3_vital
VGLL1,placenta,1,,2_restricted
VGLL2,skeletal muscle,1,,3_vital
VGLL3,placenta,1,,2_restricted
VGLL4,"blood vessel, ovary",2,,2_restricted
VHL,,0,,4_broad
VHLL,"cerebellum, retina",2,,3_vital
VIL1,"duodenum, small intestine",2,,2_restricted
VILL,stomach,1,,2_restricted
VIM,blood vessel,1,,2_restricted
VIP,appendix,1,1.1541209616829505e-10,1a_lymphoid
VIPAS39,ovary,1,,2_restricted
VIPR1,lung,1,,3_vital
VIPR2,,0,,4_broad
VIRMA,bone marrow,1,0.00033251618803707103,1a_lymphoid
VIT,"adipose tissue, ovary, tongue",3,,2_restricted
VKORC1,liver,1,,3_vital
VKORC1L1,adipose tissue,1,,2_restricted
VLDLR,"heart muscle, ovary",2,,3_vital
VMA21,bone marrow,1,0.010952144580940059,1a_lymphoid
VMAC,,0,,4_broad
VMO1,"pituitary gland, spleen",2,0.013974190489300577,3_vital
VMP1,,0,,4_broad
VN1R1,"cerebellum, retina",2,,3_vital
VN1R2,,0,,4_broad
VN1R4,testis,1,,1b_testis_CT
VNN1,"duodenum, liver",2,,3_vital
VNN2,spleen,1,1.1466608447665239e-05,1a_lymphoid
VOPP1,retina,1,,3_vital
VPREB1,bone marrow,1,3.1067081115230594e-58,1a_lymphoid
VPREB3,"lymph node, tonsil",2,0.0006420383318881882,1a_lymphoid
VPS11,,0,,4_broad
VPS13A,,0,,4_broad
VPS13B,,0,,4_broad
VPS13C,,0,,4_broad
VPS13D,,0,,4_broad
VPS16,,0,,4_broad
VPS18,bone marrow,1,2.415939133567043e-05,1a_lymphoid
VPS25,esophagus,1,,2_restricted
VPS26A,,0,,4_broad
VPS26B,"cerebellum, cerebral cortex",2,,3_vital
VPS26C,,0,,4_broad
VPS28,,0,,4_broad
VPS29,skeletal muscle,1,,3_vital
VPS33A,retina,1,,3_vital
VPS33B,"choroid plexus, skin",2,,3_vital
VPS35,bone marrow,1,1.2000708911516033e-08,1a_lymphoid
VPS35L,parathyroid gland,1,,2_restricted
VPS36,skin,1,,2_restricted
VPS37A,retina,1,,3_vital
VPS37B,esophagus,1,,2_restricted
VPS37C,,0,,4_broad
VPS37D,,0,,4_broad
VPS39,parathyroid gland,1,,2_restricted
VPS41,cerebral cortex,1,,3_vital
VPS45,heart muscle,1,,3_vital
VPS4A,skeletal muscle,1,,3_vital
VPS4B,esophagus,1,,2_restricted
VPS50,breast,1,,2_restricted
VPS51,pancreas,1,,3_vital
VPS52,,0,,4_broad
VPS53,"bone marrow, testis",2,8.849750086430396e-05,1a_lymphoid
VPS54,"parathyroid gland, salivary gland",2,,2_restricted
VPS72,skeletal muscle,1,,3_vital
VPS8,skeletal muscle,1,,3_vital
VPS9D1,cerebral cortex,1,,3_vital
VRK1,bone marrow,1,4.764073806628275e-06,1a_lymphoid
VRK2,,0,,4_broad
VRK3,testis,1,,1b_testis_CT
VRTN,"epididymis, testis",2,,2_restricted
VSIG1,stomach,1,,2_restricted
VSIG10,small intestine,1,,2_restricted
VSIG10L,esophagus,1,,2_restricted
VSIG10L2,skin,1,,2_restricted
VSIG2,stomach,1,,2_restricted
VSIG4,lung,1,,3_vital
VSIG8,skin,1,,2_restricted
VSIR,"bone marrow, spleen",2,2.3236215791672524e-05,1a_lymphoid
VSNL1,"cerebellum, cerebral cortex",2,,3_vital
VSTM1,bone marrow,1,1.421583190280544e-38,1a_lymphoid
VSTM2A,"basal ganglia, cerebral cortex",2,,3_vital
VSTM2B,,0,,4_broad
VSTM2L,"cerebral cortex, hippocampal formation",2,,3_vital
VSTM4,"adrenal gland, ovary",2,,3_vital
VSTM5,"hypothalamus, placenta",2,,3_vital
VSX1,retina,1,,3_vital
VSX2,retina,1,,3_vital
VTA1,tongue,1,,2_restricted
VTCN1,breast,1,,2_restricted
VTI1A,bone marrow,1,0.00033634621408903926,1a_lymphoid
VTI1B,,0,,4_broad
VTN,liver,1,,3_vital
VWA1,seminal vesicle,1,,2_restricted
VWA2,stomach,1,,2_restricted
VWA3A,"choroid plexus, fallopian tube",2,,3_vital
VWA3B,"fallopian tube, testis",2,,2_restricted
VWA5A,,0,,4_broad
VWA5B1,"choroid plexus, pituitary gland",2,,3_vital
VWA5B2,adrenal gland,1,,3_vital
VWA7,pituitary gland,1,,3_vital
VWA8,"skeletal muscle, tongue",2,,3_vital
VWC2,cerebellum,1,,3_vital
VWC2L,"cerebral cortex, hypothalamus",2,,3_vital
VWCE,"liver, ovary",2,,3_vital
VWDE,epididymis,1,,2_restricted
VWF,"adipose tissue, heart muscle",2,,3_vital
VXN,"hippocampal formation, spinal cord",2,,3_vital
WAC,bone marrow,1,0.01318903813778685,1a_lymphoid
WAPL,,0,,4_broad
WARS1,placenta,1,,2_restricted
WARS2,,0,,4_broad
WAS,spleen,1,0.0007234879591225737,1a_lymphoid
WASF1,"basal ganglia, cerebral cortex, hippocampal formation",3,,3_vital
WASF2,esophagus,1,,2_restricted
WASF3,,0,,4_broad
WASH6P,skeletal muscle,1,,3_vital
WASHC1,,0,,4_broad
WASHC2A,heart muscle,1,,3_vital
WASHC2C,bone marrow,1,1.7615762288108368e-08,1a_lymphoid
WASHC3,testis,1,,1b_testis_CT
WASHC4,lymph node,1,0.024184841848827927,1a_lymphoid
WASHC5,,0,,4_broad
WASL,,0,,4_broad
WBP1,,0,,4_broad
WBP11,bone marrow,1,3.6021633693179207e-09,1a_lymphoid
WBP1L,,0,,4_broad
WBP2,cerebral cortex,1,,3_vital
WBP2NL,testis,1,,1b_testis_CT
WBP4,skeletal muscle,1,,3_vital
WDCP,tongue,1,,2_restricted
WDFY1,bone marrow,1,4.154011292198667e-07,1a_lymphoid
WDFY2,"pancreas, skin",2,,3_vital
WDFY3,retina,1,,3_vital
WDFY4,"lymph node, tonsil",2,9.853568026043006e-05,1a_lymphoid
WDHD1,"bone marrow, thymus",2,0.007867972118100943,1a_lymphoid
WDPCP,retina,1,,3_vital
WDR1,,0,,4_broad
WDR11,parathyroid gland,1,,2_restricted
WDR12,,0,,4_broad
WDR13,pancreas,1,,3_vital
WDR17,retina,1,,3_vital
WDR18,,0,,4_broad
WDR19,fallopian tube,1,,2_restricted
WDR20,"retina, testis",2,,3_vital
WDR24,,0,,4_broad
WDR25,,0,,4_broad
WDR26,bone marrow,1,0.012531203235718592,1a_lymphoid
WDR27,,0,,4_broad
WDR3,,0,,4_broad
WDR31,"parathyroid gland, retina",2,,3_vital
WDR33,cerebellum,1,,3_vital
WDR35,parathyroid gland,1,,2_restricted
WDR36,,0,,4_broad
WDR37,,0,,4_broad
WDR38,"choroid plexus, fallopian tube",2,,3_vital
WDR4,,0,,4_broad
WDR41,testis,1,,1b_testis_CT
WDR43,"bone marrow, skeletal muscle",2,0.026154297284198616,3_vital
WDR44,,0,,4_broad
WDR45,epididymis,1,,2_restricted
WDR45B,,0,,4_broad
WDR46,,0,,4_broad
WDR47,"cerebral cortex, retina",2,,3_vital
WDR48,testis,1,,1b_testis_CT
WDR49,"choroid plexus, fallopian tube",2,,3_vital
WDR5,testis,1,,1b_testis_CT
WDR53,testis,1,,1b_testis_CT
WDR54,fallopian tube,1,,2_restricted
WDR55,,0,,4_broad
WDR59,"liver, retina",2,,3_vital
WDR5B,epididymis,1,,2_restricted
WDR6,ovary,1,,2_restricted
WDR62,"skeletal muscle, testis",2,,3_vital
WDR64,testis,1,,1b_testis_CT
WDR7,"cerebral cortex, retina",2,,3_vital
WDR70,skeletal muscle,1,,3_vital
WDR72,"kidney, thyroid gland",2,,3_vital
WDR73,retina,1,,3_vital
WDR74,bone marrow,1,3.3492652903461342e-12,1a_lymphoid
WDR75,,0,,4_broad
WDR76,"bone marrow, lymph node, thymus, tonsil",4,0.005630172957179162,1a_lymphoid
WDR77,fallopian tube,1,,2_restricted
WDR81,liver,1,,3_vital
WDR82,,0,,4_broad
WDR83,,0,,4_broad
WDR83OS,,0,,4_broad
WDR86,thyroid gland,1,,2_restricted
WDR87,testis,1,,1b_testis_CT
WDR88,testis,1,,1b_testis_CT
WDR89,,0,,4_broad
WDR90,testis,1,,1b_testis_CT
WDR91,choroid plexus,1,,3_vital
WDR93,"fallopian tube, testis",2,,2_restricted
WDR97,testis,1,,1b_testis_CT
WDSUB1,kidney,1,,3_vital
WDTC1,"skeletal muscle, tongue",2,,3_vital
WEE1,,0,,4_broad
WEE2,skin,1,,2_restricted
WFDC1,"blood vessel, seminal vesicle",2,,2_restricted
WFDC10A,epididymis,1,,2_restricted
WFDC10B,epididymis,1,,2_restricted
WFDC11,epididymis,1,,2_restricted
WFDC12,skin,1,,2_restricted
WFDC13,epididymis,1,,2_restricted
WFDC2,cervix,1,,2_restricted
WFDC3,"skin, testis",2,,2_restricted
WFDC5,skin,1,,2_restricted
WFDC6,epididymis,1,,2_restricted
WFDC8,epididymis,1,,2_restricted
WFDC9,epididymis,1,,2_restricted
WFIKKN1,cerebellum,1,,3_vital
WFIKKN2,choroid plexus,1,,3_vital
WFS1,,0,,4_broad
WHAMM,bone marrow,1,5.088293730511945e-12,1a_lymphoid
WHRN,adrenal gland,1,,3_vital
WIF1,retina,1,,3_vital
WIPF1,lymph node,1,0.005457870486198028,1a_lymphoid
WIPF2,cerebral cortex,1,,3_vital
WIPF3,ovary,1,,2_restricted
WIPI1,"skeletal muscle, tongue",2,,3_vital
WIPI2,,0,,4_broad
WIZ,,0,,4_broad
WLS,choroid plexus,1,,3_vital
WNK1,spinal cord,1,,3_vital
WNK2,heart muscle,1,,3_vital
WNK3,"epididymis, testis",2,,2_restricted
WNK4,kidney,1,,3_vital
WNT1,"bone marrow, testis",2,0.03915778497303952,1a_lymphoid
WNT10A,"esophagus, skin",2,,2_restricted
WNT10B,"basal ganglia, cerebral cortex",2,,3_vital
WNT11,adipose tissue,1,,2_restricted
WNT16,skin,1,,2_restricted
WNT2,placenta,1,,2_restricted
WNT2B,seminal vesicle,1,,2_restricted
WNT3,skin,1,,2_restricted
WNT3A,placenta,1,,2_restricted
WNT4,skin,1,,2_restricted
WNT5A,"endometrium, salivary gland",2,,2_restricted
WNT5B,"colon, prostate",2,,2_restricted
WNT6,basal ganglia,1,,3_vital
WNT7A,"amygdala, cerebral cortex",2,,3_vital
WNT7B,skin,1,,2_restricted
WNT8A,"basal ganglia, testis",2,,3_vital
WNT8B,"parathyroid gland, retina",2,,3_vital
WNT9A,"colon, skeletal muscle",2,,3_vital
WNT9B,"parathyroid gland, seminal vesicle",2,,2_restricted
WRAP53,fallopian tube,1,,2_restricted
WRAP73,,0,,4_broad
WRN,bone marrow,1,0.00028560752812492943,1a_lymphoid
WRNIP1,tongue,1,,2_restricted
WSB1,,0,,4_broad
WSB2,"cerebral cortex, tongue",2,,3_vital
WSCD1,,0,,4_broad
WSCD2,cerebellum,1,,3_vital
WT1,"endometrium, fallopian tube",2,,2_restricted
WTAP,"bone marrow, skeletal muscle",2,2.113281916092723e-09,3_vital
WTIP,blood vessel,1,,2_restricted
WWC1,salivary gland,1,,2_restricted
WWC2,lung,1,,3_vital
WWC3,seminal vesicle,1,,2_restricted
WWOX,,0,,4_broad
WWP1,skeletal muscle,1,,3_vital
WWP2,blood vessel,1,,2_restricted
WWTR1,,0,,4_broad
XAB2,,0,,4_broad
XAF1,"liver, spleen",2,0.02626315041766546,3_vital
XAGE1A,testis,1,,1b_testis_CT
XAGE1B,testis,1,,1b_testis_CT
XAGE2,placenta,1,,2_restricted
XAGE3,placenta,1,,2_restricted
XAGE5,testis,1,,1b_testis_CT
XBP1,"pancreas, salivary gland",2,,3_vital
XCL1,"spleen, thymus",2,0.005266045721758184,1a_lymphoid
XCL2,"bone marrow, spleen",2,7.002260584848413e-05,1a_lymphoid
XCR1,"lymph node, thymus",2,1.0981150337827982e-05,1a_lymphoid
XDH,"liver, small intestine",2,,3_vital
XG,skin,1,,2_restricted
XIAP,,0,,4_broad
XIRP1,"heart muscle, skeletal muscle",2,,3_vital
XIRP2,skeletal muscle,1,,3_vital
XK,bone marrow,1,0.02192866266534901,1a_lymphoid
XKR3,testis,1,,1b_testis_CT
XKR4,cerebral cortex,1,,3_vital
XKR5,cervix,1,,2_restricted
XKR6,testis,1,,1b_testis_CT
XKR7,cerebellum,1,,3_vital
XKR8,"bone marrow, choroid plexus",2,0.01100847002397896,3_vital
XKR9,"small intestine, testis",2,,2_restricted
XKRX,skin,1,,2_restricted
XNDC1N,retina,1,,3_vital
XPA,,0,,4_broad
XPC,,0,,4_broad
XPNPEP1,"pancreas, small intestine",2,,3_vital
XPNPEP2,"kidney, small intestine",2,,3_vital
XPNPEP3,duodenum,1,,2_restricted
XPO1,,0,,4_broad
XPO4,skeletal muscle,1,,3_vital
XPO5,testis,1,,1b_testis_CT
XPO6,spleen,1,9.40542352877648e-05,1a_lymphoid
XPO7,bone marrow,1,0.0002644925609630763,1a_lymphoid
XPOT,thyroid gland,1,,2_restricted
XPR1,heart muscle,1,,3_vital
XRCC1,"ovary, pituitary gland",2,,3_vital
XRCC2,bone marrow,1,0.0002840986020430031,1a_lymphoid
XRCC3,"bone marrow, skin",2,0.013050349318765475,1a_lymphoid
XRCC4,,0,,4_broad
XRCC5,thymus,1,0.01741521655062984,1a_lymphoid
XRCC6,skeletal muscle,1,,3_vital
XRN1,bone marrow,1,0.005061902967505043,1a_lymphoid
XRN2,bone marrow,1,0.0034341961110191705,1a_lymphoid
XRRA1,testis,1,,1b_testis_CT
XXYLT1,,0,,4_broad
XYLB,liver,1,,3_vital
XYLT1,,0,,4_broad
XYLT2,stomach,1,,2_restricted
YAE1,,0,,4_broad
YAF2,"heart muscle, skeletal muscle",2,,3_vital
YAP1,,0,,4_broad
YARS1,pancreas,1,,3_vital
YARS2,,0,,4_broad
YBEY,testis,1,,1b_testis_CT
YBX1,skeletal muscle,1,,3_vital
YBX2,testis,1,,1b_testis_CT
YBX3,skeletal muscle,1,,3_vital
YDJC,,0,,4_broad
YEATS2,,0,,4_broad
YEATS4,"bone marrow, testis",2,4.680929227543759e-06,1a_lymphoid
YES1,liver,1,,3_vital
YIF1A,liver,1,,3_vital
YIF1B,bone marrow,1,0.011162960459323272,1a_lymphoid
YIPF1,thyroid gland,1,,2_restricted
YIPF2,"pancreas, pituitary gland, salivary gland",3,,3_vital
YIPF3,"choroid plexus, pancreas",2,,3_vital
YIPF4,choroid plexus,1,,3_vital
YIPF5,,0,,4_broad
YIPF6,,0,,4_broad
YIPF7,skeletal muscle,1,,3_vital
YJEFN3,"basal ganglia, hippocampal formation",2,,3_vital
YJU2,bone marrow,1,1.3398698454548156e-05,1a_lymphoid
YJU2B,,0,,4_broad
YKT6,,0,,4_broad
YLPM1,,0,,4_broad
YME1L1,skeletal muscle,1,,3_vital
YOD1,bone marrow,1,4.0526924286155444e-16,1a_lymphoid
YPEL1,testis,1,,1b_testis_CT
YPEL2,retina,1,,3_vital
YPEL3,"cerebellum, cerebral cortex",2,,3_vital
YPEL4,"cerebellum, cerebral cortex",2,,3_vital
YPEL5,bone marrow,1,8.758970062227886e-28,1a_lymphoid
YRDC,bone marrow,1,2.245833975257008e-17,1a_lymphoid
YTHDC1,bone marrow,1,1.9714707531992583e-06,1a_lymphoid
YTHDC2,retina,1,,3_vital
YTHDF1,"bone marrow, skeletal muscle",2,0.0373358491701394,3_vital
YTHDF2,bone marrow,1,0.003509346519948837,1a_lymphoid
YTHDF3,bone marrow,1,7.089782209930506e-12,1a_lymphoid
YWHAB,cerebral cortex,1,,3_vital
YWHAE,skeletal muscle,1,,3_vital
YWHAG,"cerebral cortex, skeletal muscle",2,,3_vital
YWHAH,"amygdala, cerebral cortex",2,,3_vital
YWHAQ,,0,,4_broad
YWHAZ,esophagus,1,,2_restricted
YY1,bone marrow,1,0.0237003889314339,1a_lymphoid
YY1AP1,skeletal muscle,1,,3_vital
YY2,testis,1,,1b_testis_CT
ZACN,colon,1,,2_restricted
ZAN,testis,1,,1b_testis_CT
ZAP70,"lymph node, thymus",2,1.738454303237972e-07,1a_lymphoid
ZAR1,"ovary, testis",2,,2_restricted
ZAR1L,testis,1,,1b_testis_CT
ZBBX,"fallopian tube, testis",2,,2_restricted
ZBED1,skeletal muscle,1,,3_vital
ZBED2,"thymus, thyroid gland",2,0.005096354392308911,1a_lymphoid
ZBED3,,0,,4_broad
ZBED4,"bone marrow, thymus",2,0.0017684428924563565,1a_lymphoid
ZBED5,,0,,4_broad
ZBED6,,0,,4_broad
ZBED8,cerebellum,1,,3_vital
ZBED9,testis,1,,1b_testis_CT
ZBP1,bone marrow,1,0.010212336099320837,1a_lymphoid
ZBTB1,bone marrow,1,4.11328313582257e-08,1a_lymphoid
ZBTB10,bone marrow,1,0.0026586728437166312,1a_lymphoid
ZBTB11,bone marrow,1,4.978267473441581e-08,1a_lymphoid
ZBTB12,,0,,4_broad
ZBTB14,lymph node,1,0.013020431285233466,1a_lymphoid
ZBTB16,tongue,1,,2_restricted
ZBTB17,,0,,4_broad
ZBTB18,cerebellum,1,,3_vital
ZBTB2,thyroid gland,1,,2_restricted
ZBTB20,testis,1,,1b_testis_CT
ZBTB21,"adrenal gland, bone marrow",2,1.8330864651532054e-06,3_vital
ZBTB22,,0,,4_broad
ZBTB24,bone marrow,1,3.052801559962089e-13,1a_lymphoid
ZBTB25,,0,,4_broad
ZBTB26,retina,1,,3_vital
ZBTB3,"skin, stomach",2,,2_restricted
ZBTB32,testis,1,,1b_testis_CT
ZBTB33,,0,,4_broad
ZBTB34,"bone marrow, retina",2,2.6703446182041887e-06,3_vital
ZBTB37,"retina, testis",2,,3_vital
ZBTB38,,0,,4_broad
ZBTB39,testis,1,,1b_testis_CT
ZBTB4,,0,,4_broad
ZBTB40,,0,,4_broad
ZBTB41,cerebellum,1,,3_vital
ZBTB42,pancreas,1,,3_vital
ZBTB43,bone marrow,1,1.4012158754188236e-12,1a_lymphoid
ZBTB44,"skeletal muscle, testis",2,,3_vital
ZBTB45,,0,,4_broad
ZBTB46,cerebellum,1,,3_vital
ZBTB47,skeletal muscle,1,,3_vital
ZBTB48,testis,1,,1b_testis_CT
ZBTB49,bone marrow,1,0.0026242777713367097,1a_lymphoid
ZBTB5,esophagus,1,,2_restricted
ZBTB6,,0,,4_broad
ZBTB7A,,0,,4_broad
ZBTB7B,"esophagus, skin",2,,2_restricted
ZBTB7C,esophagus,1,,2_restricted
ZBTB8A,,0,,4_broad
ZBTB8B,hypothalamus,1,,3_vital
ZBTB8OS,,0,,4_broad
ZBTB9,pituitary gland,1,,3_vital
ZC2HC1A,,0,,4_broad
ZC2HC1B,testis,1,,1b_testis_CT
ZC2HC1C,testis,1,,1b_testis_CT
ZC3H10,testis,1,,1b_testis_CT
ZC3H11A,,0,,4_broad
ZC3H11B,testis,1,,1b_testis_CT
ZC3H12A,bone marrow,1,3.105266506633459e-10,1a_lymphoid
ZC3H12B,,0,,4_broad
ZC3H12C,"skeletal muscle, tongue",2,,3_vital
ZC3H12D,"lymph node, tonsil",2,1.6234021315818536e-05,1a_lymphoid
ZC3H13,liver,1,,3_vital
ZC3H14,testis,1,,1b_testis_CT
ZC3H15,bone marrow,1,8.411999154192913e-13,1a_lymphoid
ZC3H18,,0,,4_broad
ZC3H3,liver,1,,3_vital
ZC3H4,,0,,4_broad
ZC3H6,retina,1,,3_vital
ZC3H7A,,0,,4_broad
ZC3H7B,,0,,4_broad
ZC3H8,cerebellum,1,,3_vital
ZC3HAV1,bone marrow,1,6.503356200822112e-17,1a_lymphoid
ZC3HAV1L,placenta,1,,2_restricted
ZC3HC1,"skeletal muscle, tongue",2,,3_vital
ZC4H2,parathyroid gland,1,,2_restricted
ZCCHC10,bone marrow,1,0.003978520548677497,1a_lymphoid
ZCCHC12,fallopian tube,1,,2_restricted
ZCCHC13,testis,1,,1b_testis_CT
ZCCHC14,testis,1,,1b_testis_CT
ZCCHC17,spinal cord,1,,3_vital
ZCCHC18,"cerebellum, hypothalamus",2,,3_vital
ZCCHC2,"bone marrow, salivary gland",2,0.028147229208913296,1a_lymphoid
ZCCHC24,spinal cord,1,,3_vital
ZCCHC3,thymus,1,0.02664743164259196,1a_lymphoid
ZCCHC4,skeletal muscle,1,,3_vital
ZCCHC7,"lymph node, tonsil",2,0.0008358538836402277,1a_lymphoid
ZCCHC8,bone marrow,1,3.794496816247238e-17,1a_lymphoid
ZCCHC9,liver,1,,3_vital
ZCRB1,spinal cord,1,,3_vital
ZCWPW1,testis,1,,1b_testis_CT
ZCWPW2,"skeletal muscle, testis",2,,3_vital
ZDBF2,"cerebellum, ovary",2,,3_vital
ZDHHC1,,0,,4_broad
ZDHHC11,"cerebellum, choroid plexus",2,,3_vital
ZDHHC11B,cerebellum,1,,3_vital
ZDHHC12,"esophagus, pancreas",2,,3_vital
ZDHHC13,esophagus,1,,2_restricted
ZDHHC14,"endometrium, spinal cord",2,,3_vital
ZDHHC15,salivary gland,1,,2_restricted
ZDHHC16,,0,,4_broad
ZDHHC17,"cerebellum, retina",2,,3_vital
ZDHHC18,bone marrow,1,4.9351168464764684e-20,1a_lymphoid
ZDHHC19,testis,1,,1b_testis_CT
ZDHHC2,retina,1,,3_vital
ZDHHC20,stomach,1,,2_restricted
ZDHHC21,,0,,4_broad
ZDHHC22,"cerebral cortex, hypothalamus",2,,3_vital
ZDHHC23,testis,1,,1b_testis_CT
ZDHHC24,,0,,4_broad
ZDHHC3,,0,,4_broad
ZDHHC4,,0,,4_broad
ZDHHC5,,0,,4_broad
ZDHHC6,kidney,1,,3_vital
ZDHHC7,bone marrow,1,0.026008410466118622,1a_lymphoid
ZDHHC8,,0,,4_broad
ZDHHC9,spinal cord,1,,3_vital
ZEB1,tongue,1,,2_restricted
ZEB2,spinal cord,1,,3_vital
ZER1,"cerebral cortex, skeletal muscle",2,,3_vital
ZFAND1,thyroid gland,1,,2_restricted
ZFAND2A,"bone marrow, liver",2,0.04296072352739723,3_vital
ZFAND2B,liver,1,,3_vital
ZFAND3,"skeletal muscle, testis",2,,3_vital
ZFAND4,testis,1,,1b_testis_CT
ZFAND5,skeletal muscle,1,,3_vital
ZFAND6,"skeletal muscle, testis",2,,3_vital
ZFAT,placenta,1,,2_restricted
ZFC3H1,bone marrow,1,0.02243149672960183,1a_lymphoid
ZFHX2,testis,1,,1b_testis_CT
ZFHX3,blood vessel,1,,2_restricted
ZFHX4,testis,1,,1b_testis_CT
ZFP1,,0,,4_broad
ZFP14,retina,1,,3_vital
ZFP2,retina,1,,3_vital
ZFP28,,0,,4_broad
ZFP3,,0,,4_broad
ZFP30,retina,1,,3_vital
ZFP36,adipose tissue,1,,2_restricted
ZFP36L1,,0,,4_broad
ZFP36L2,,0,,4_broad
ZFP37,"ovary, retina",2,,3_vital
ZFP41,,0,,4_broad
ZFP42,testis,1,,1b_testis_CT
ZFP57,"midbrain, spinal cord",2,,3_vital
ZFP62,,0,,4_broad
ZFP64,skin,1,,2_restricted
ZFP69,,0,,4_broad
ZFP69B,cerebral cortex,1,,3_vital
ZFP82,,0,,4_broad
ZFP90,,0,,4_broad
ZFP91,testis,1,,1b_testis_CT
ZFP92,,0,,4_broad
ZFPL1,,0,,4_broad
ZFPM1,stomach,1,,2_restricted
ZFPM2,"cerebellum, ovary",2,,3_vital
ZFR,,0,,4_broad
ZFR2,pituitary gland,1,,3_vital
ZFTA,ovary,1,,2_restricted
ZFTRAF1,"skeletal muscle, testis",2,,3_vital
ZFX,bone marrow,1,3.36687202447882e-05,1a_lymphoid
ZFY,bone marrow,1,0.037324625703852574,1a_lymphoid
ZFYVE1,,0,,4_broad
ZFYVE16,,0,,4_broad
ZFYVE19,spinal cord,1,,3_vital
ZFYVE21,,0,,4_broad
ZFYVE26,tongue,1,,2_restricted
ZFYVE27,,0,,4_broad
ZFYVE28,cerebellum,1,,3_vital
ZFYVE9,,0,,4_broad
ZG16,"colon, rectum",2,,2_restricted
ZG16B,salivary gland,1,,2_restricted
ZGLP1,cerebellum,1,,3_vital
ZGPAT,liver,1,,3_vital
ZGRF1,bone marrow,1,6.788311286087142e-07,1a_lymphoid
ZHX1,liver,1,,3_vital
ZHX1-C8orf76,bone marrow,1,2.987173025210481e-09,1a_lymphoid
ZHX2,skeletal muscle,1,,3_vital
ZHX3,testis,1,,1b_testis_CT
ZIC1,cerebellum,1,,3_vital
ZIC2,cerebellum,1,,3_vital
ZIC3,cerebellum,1,,3_vital
ZIC4,cerebellum,1,,3_vital
ZIC5,cerebellum,1,,3_vital
ZIK1,,0,,4_broad
ZIM2,"ovary, testis",2,,2_restricted
ZIM3,"skeletal muscle, testis",2,,3_vital
ZKSCAN1,liver,1,,3_vital
ZKSCAN2,tongue,1,,2_restricted
ZKSCAN3,,0,,4_broad
ZKSCAN4,"spleen, testis",2,0.027402251955376773,1a_lymphoid
ZKSCAN5,testis,1,,1b_testis_CT
ZKSCAN7,,0,,4_broad
ZKSCAN8,,0,,4_broad
ZMAT1,pituitary gland,1,,3_vital
ZMAT2,basal ganglia,1,,3_vital
ZMAT3,cerebral cortex,1,,3_vital
ZMAT4,"cerebral cortex, thyroid gland",2,,3_vital
ZMAT5,skeletal muscle,1,,3_vital
ZMIZ1,,0,,4_broad
ZMIZ2,cerebral cortex,1,,3_vital
ZMPSTE24,parathyroid gland,1,,2_restricted
ZMYM1,,0,,4_broad
ZMYM2,testis,1,,1b_testis_CT
ZMYM3,ovary,1,,2_restricted
ZMYM4,testis,1,,1b_testis_CT
ZMYM5,testis,1,,1b_testis_CT
ZMYM6,bone marrow,1,0.0005352980779646664,1a_lymphoid
ZMYND10,testis,1,,1b_testis_CT
ZMYND11,parathyroid gland,1,,2_restricted
ZMYND12,testis,1,,1b_testis_CT
ZMYND15,testis,1,,1b_testis_CT
ZMYND19,retina,1,,3_vital
ZMYND8,"adrenal gland, epididymis",2,,3_vital
ZNF10,pituitary gland,1,,3_vital
ZNF100,testis,1,,1b_testis_CT
ZNF101,"lymph node, thymus, tonsil",3,0.0016538420532181079,1a_lymphoid
ZNF106,"skeletal muscle, tongue",2,,3_vital
ZNF107,"lymph node, thymus",2,0.0057558044983268344,1a_lymphoid
ZNF112,testis,1,,1b_testis_CT
ZNF114,thyroid gland,1,,2_restricted
ZNF117,adrenal gland,1,,3_vital
ZNF12,parathyroid gland,1,,2_restricted
ZNF121,bone marrow,1,5.5098104982333136e-05,1a_lymphoid
ZNF124,,0,,4_broad
ZNF131,testis,1,,1b_testis_CT
ZNF132,parathyroid gland,1,,2_restricted
ZNF133,choroid plexus,1,,3_vital
ZNF134,bone marrow,1,0.04844073851740235,1a_lymphoid
ZNF135,,0,,4_broad
ZNF136,bone marrow,1,0.00014148922471836063,1a_lymphoid
ZNF138,,0,,4_broad
ZNF14,,0,,4_broad
ZNF140,,0,,4_broad
ZNF141,"adrenal gland, cerebellum, retina",3,,3_vital
ZNF142,cerebellum,1,,3_vital
ZNF143,,0,,4_broad
ZNF146,,0,,4_broad
ZNF148,thyroid gland,1,,2_restricted
ZNF154,thymus,1,0.03521746748031591,1a_lymphoid
ZNF155,,0,,4_broad
ZNF157,epididymis,1,,2_restricted
ZNF16,ovary,1,,2_restricted
ZNF160,spleen,1,0.005349823720191633,1a_lymphoid
ZNF165,testis,1,,1b_testis_CT
ZNF169,,0,,4_broad
ZNF17,retina,1,,3_vital
ZNF174,parathyroid gland,1,,2_restricted
ZNF175,retina,1,,3_vital
ZNF177,,0,,4_broad
ZNF18,"bone marrow, testis",2,0.023699797099079392,1a_lymphoid
ZNF180,parathyroid gland,1,,2_restricted
ZNF181,"skeletal muscle, tongue",2,,3_vital
ZNF182,cerebellum,1,,3_vital
ZNF184,thymus,1,0.027503056961379866,1a_lymphoid
ZNF185,"epididymis, esophagus",2,,2_restricted
ZNF189,epididymis,1,,2_restricted
ZNF19,testis,1,,1b_testis_CT
ZNF195,cerebellum,1,,3_vital
ZNF197,,0,,4_broad
ZNF2,,0,,4_broad
ZNF20,"fallopian tube, testis",2,,2_restricted
ZNF200,testis,1,,1b_testis_CT
ZNF202,,0,,4_broad
ZNF205,,0,,4_broad
ZNF207,bone marrow,1,6.203956910670884e-11,1a_lymphoid
ZNF208,parathyroid gland,1,,2_restricted
ZNF211,choroid plexus,1,,3_vital
ZNF212,esophagus,1,,2_restricted
ZNF213,testis,1,,1b_testis_CT
ZNF214,retina,1,,3_vital
ZNF215,"lymph node, tonsil",2,0.001151328815709719,1a_lymphoid
ZNF217,,0,,4_broad
ZNF219,colon,1,,2_restricted
ZNF22,thymus,1,5.611942002562705e-05,1a_lymphoid
ZNF221,retina,1,,3_vital
ZNF222,testis,1,,1b_testis_CT
ZNF223,,0,,4_broad
ZNF224,,0,,4_broad
ZNF225,testis,1,,1b_testis_CT
ZNF226,choroid plexus,1,,3_vital
ZNF227,thymus,1,2.4091702672173508e-06,1a_lymphoid
ZNF229,retina,1,,3_vital
ZNF23,"choroid plexus, retina",2,,3_vital
ZNF230,,0,,4_broad
ZNF232,choroid plexus,1,,3_vital
ZNF233,testis,1,,1b_testis_CT
ZNF234,,0,,4_broad
ZNF235,thymus,1,0.0014717974041611973,1a_lymphoid
ZNF236,testis,1,,1b_testis_CT
ZNF239,testis,1,,1b_testis_CT
ZNF24,,0,,4_broad
ZNF248,cerebellum,1,,3_vital
ZNF25,cerebellum,1,,3_vital
ZNF250,,0,,4_broad
ZNF251,cerebellum,1,,3_vital
ZNF253,retina,1,,3_vital
ZNF254,thyroid gland,1,,2_restricted
ZNF256,"bone marrow, retina",2,0.0003584049501405462,3_vital
ZNF257,bone marrow,1,0.0007483645179403745,1a_lymphoid
ZNF26,bone marrow,1,0.04291897281925307,1a_lymphoid
ZNF260,parathyroid gland,1,,2_restricted
ZNF263,,0,,4_broad
ZNF264,,0,,4_broad
ZNF266,epididymis,1,,2_restricted
ZNF267,bone marrow,1,0.00015563672721269578,1a_lymphoid
ZNF268,,0,,4_broad
ZNF273,cerebellum,1,,3_vital
ZNF274,choroid plexus,1,,3_vital
ZNF275,adrenal gland,1,,3_vital
ZNF276,spleen,1,0.034445092969949194,1a_lymphoid
ZNF277,,0,,4_broad
ZNF28,,0,,4_broad
ZNF280A,adrenal gland,1,,3_vital
ZNF280B,testis,1,,1b_testis_CT
ZNF280C,testis,1,,1b_testis_CT
ZNF280D,thymus,1,7.365118638468319e-05,1a_lymphoid
ZNF281,bone marrow,1,2.5988105914201305e-08,1a_lymphoid
ZNF282,,0,,4_broad
ZNF283,retina,1,,3_vital
ZNF284,skin,1,,2_restricted
ZNF285,cerebellum,1,,3_vital
ZNF286A,,0,,4_broad
ZNF287,parathyroid gland,1,,2_restricted
ZNF292,"bone marrow, retina",2,0.0018374780986167983,3_vital
ZNF296,esophagus,1,,2_restricted
ZNF3,fallopian tube,1,,2_restricted
ZNF30,"cerebellum, retina",2,,3_vital
ZNF300,ovary,1,,2_restricted
ZNF302,"cerebellum, retina",2,,3_vital
ZNF304,parathyroid gland,1,,2_restricted
ZNF311,testis,1,,1b_testis_CT
ZNF316,,0,,4_broad
ZNF317,,0,,4_broad
ZNF318,"lymph node, testis, tonsil",3,0.026099928201178135,1a_lymphoid
ZNF319,bone marrow,1,1.4584842122710614e-07,1a_lymphoid
ZNF32,,0,,4_broad
ZNF320,,0,,4_broad
ZNF322,,0,,4_broad
ZNF324,cerebellum,1,,3_vital
ZNF324B,,0,,4_broad
ZNF326,retina,1,,3_vital
ZNF329,,0,,4_broad
ZNF330,heart muscle,1,,3_vital
ZNF331,"adrenal gland, ovary",2,,3_vital
ZNF333,,0,,4_broad
ZNF334,,0,,4_broad
ZNF335,bone marrow,1,0.013884536628577878,1a_lymphoid
ZNF337,cerebellum,1,,3_vital
ZNF33A,,0,,4_broad
ZNF33B,pancreas,1,,3_vital
ZNF34,cerebellum,1,,3_vital
ZNF341,,0,,4_broad
ZNF343,,0,,4_broad
ZNF345,testis,1,,1b_testis_CT
ZNF346,cerebellum,1,,3_vital
ZNF347,"bone marrow, retina",2,4.27175017397367e-06,3_vital
ZNF35,testis,1,,1b_testis_CT
ZNF350,"bone marrow, prostate",2,8.545726452052535e-05,1a_lymphoid
ZNF354A,,0,,4_broad
ZNF354B,,0,,4_broad
ZNF354C,,0,,4_broad
ZNF358,skeletal muscle,1,,3_vital
ZNF362,blood vessel,1,,2_restricted
ZNF365,cerebral cortex,1,,3_vital
ZNF366,placenta,1,,2_restricted
ZNF367,bone marrow,1,4.134357424354204e-14,1a_lymphoid
ZNF37A,retina,1,,3_vital
ZNF382,"cerebellum, retina",2,,3_vital
ZNF383,tongue,1,,2_restricted
ZNF384,bone marrow,1,0.008998095606199432,1a_lymphoid
ZNF385A,retina,1,,3_vital
ZNF385B,retina,1,,3_vital
ZNF385C,"cerebellum, testis",2,,3_vital
ZNF385D,blood vessel,1,,2_restricted
ZNF391,,0,,4_broad
ZNF394,bone marrow,1,5.821399481475228e-29,1a_lymphoid
ZNF395,,0,,4_broad
ZNF396,,0,,4_broad
ZNF397,retina,1,,3_vital
ZNF398,testis,1,,1b_testis_CT
ZNF404,retina,1,,3_vital
ZNF407,,0,,4_broad
ZNF408,"bone marrow, liver",2,0.03121914651868607,3_vital
ZNF41,"skeletal muscle, tongue",2,,3_vital
ZNF410,bone marrow,1,0.0011717565209870028,1a_lymphoid
ZNF414,,0,,4_broad
ZNF415,testis,1,,1b_testis_CT
ZNF416,,0,,4_broad
ZNF417,epididymis,1,,2_restricted
ZNF418,retina,1,,3_vital
ZNF419,,0,,4_broad
ZNF420,testis,1,,1b_testis_CT
ZNF423,skeletal muscle,1,,3_vital
ZNF425,,0,,4_broad
ZNF426,esophagus,1,,2_restricted
ZNF428,,0,,4_broad
ZNF429,,0,,4_broad
ZNF43,,0,,4_broad
ZNF430,,0,,4_broad
ZNF431,"esophagus, ovary",2,,2_restricted
ZNF432,"pancreas, retina",2,,3_vital
ZNF433,testis,1,,1b_testis_CT
ZNF436,,0,,4_broad
ZNF438,skeletal muscle,1,,3_vital
ZNF439,"parathyroid gland, retina",2,,3_vital
ZNF44,retina,1,,3_vital
ZNF440,parathyroid gland,1,,2_restricted
ZNF441,cerebellum,1,,3_vital
ZNF442,ovary,1,,2_restricted
ZNF443,,0,,4_broad
ZNF444,liver,1,,3_vital
ZNF445,cerebellum,1,,3_vital
ZNF446,,0,,4_broad
ZNF449,adrenal gland,1,,3_vital
ZNF45,thymus,1,0.031677491899277516,1a_lymphoid
ZNF451,bone marrow,1,2.9417369984798817e-20,1a_lymphoid
ZNF454,,0,,4_broad
ZNF460,"adrenal gland, bone marrow",2,7.965390314423936e-07,3_vital
ZNF461,cerebellum,1,,3_vital
ZNF462,skeletal muscle,1,,3_vital
ZNF467,spleen,1,0.016959370186121595,1a_lymphoid
ZNF468,thyroid gland,1,,2_restricted
ZNF469,ovary,1,,2_restricted
ZNF470,,0,,4_broad
ZNF471,retina,1,,3_vital
ZNF473,testis,1,,1b_testis_CT
ZNF474,fallopian tube,1,,2_restricted
ZNF479,testis,1,,1b_testis_CT
ZNF48,,0,,4_broad
ZNF480,,0,,4_broad
ZNF483,cerebellum,1,,3_vital
ZNF484,retina,1,,3_vital
ZNF485,pancreas,1,,3_vital
ZNF486,thyroid gland,1,,2_restricted
ZNF487,testis,1,,1b_testis_CT
ZNF488,spinal cord,1,,3_vital
ZNF490,,0,,4_broad
ZNF491,retina,1,,3_vital
ZNF492,"bone marrow, testis",2,2.875453234394867e-08,1a_lymphoid
ZNF493,cerebellum,1,,3_vital
ZNF496,thymus,1,0.004566528897465886,1a_lymphoid
ZNF497,,0,,4_broad
ZNF500,,0,,4_broad
ZNF501,,0,,4_broad
ZNF502,,0,,4_broad
ZNF503,ovary,1,,2_restricted
ZNF506,thyroid gland,1,,2_restricted
ZNF507,testis,1,,1b_testis_CT
ZNF510,"cerebellum, retina",2,,3_vital
ZNF511,skeletal muscle,1,,3_vital
ZNF511-PRAP1,"duodenum, small intestine",2,,2_restricted
ZNF512,ovary,1,,2_restricted
ZNF512B,,0,,4_broad
ZNF513,liver,1,,3_vital
ZNF514,,0,,4_broad
ZNF516,testis,1,,1b_testis_CT
ZNF517,,0,,4_broad
ZNF518A,testis,1,,1b_testis_CT
ZNF518B,,0,,4_broad
ZNF519,cerebellum,1,,3_vital
ZNF521,cerebellum,1,,3_vital
ZNF524,pancreas,1,,3_vital
ZNF525,parathyroid gland,1,,2_restricted
ZNF526,,0,,4_broad
ZNF527,retina,1,,3_vital
ZNF528,retina,1,,3_vital
ZNF529,retina,1,,3_vital
ZNF530,skeletal muscle,1,,3_vital
ZNF532,,0,,4_broad
ZNF534,"basal ganglia, cerebellum",2,,3_vital
ZNF536,spinal cord,1,,3_vital
ZNF540,"cerebellum, retina",2,,3_vital
ZNF541,testis,1,,1b_testis_CT
ZNF543,ovary,1,,2_restricted
ZNF544,epididymis,1,,2_restricted
ZNF546,testis,1,,1b_testis_CT
ZNF547,cerebellum,1,,3_vital
ZNF548,"bone marrow, lymph node",2,0.0032457821064112644,1a_lymphoid
ZNF549,"cerebellum, retina",2,,3_vital
ZNF550,,0,,4_broad
ZNF551,"bone marrow, cerebellum",2,0.02965380363117804,3_vital
ZNF552,breast,1,,2_restricted
ZNF554,cerebellum,1,,3_vital
ZNF555,,0,,4_broad
ZNF556,"ovary, tongue",2,,2_restricted
ZNF557,bone marrow,1,0.00021950803362768404,1a_lymphoid
ZNF558,,0,,4_broad
ZNF559,ovary,1,,2_restricted
ZNF559-ZNF177,"retina, testis",2,,3_vital
ZNF560,testis,1,,1b_testis_CT
ZNF561,smooth muscle,1,,2_restricted
ZNF562,esophagus,1,,2_restricted
ZNF563,"liver, testis",2,,3_vital
ZNF564,,0,,4_broad
ZNF565,testis,1,,1b_testis_CT
ZNF566,cerebellum,1,,3_vital
ZNF567,testis,1,,1b_testis_CT
ZNF568,retina,1,,3_vital
ZNF569,"retina, testis",2,,3_vital
ZNF57,"skin, testis",2,,2_restricted
ZNF570,testis,1,,1b_testis_CT
ZNF571,thyroid gland,1,,2_restricted
ZNF572,testis,1,,1b_testis_CT
ZNF573,epididymis,1,,2_restricted
ZNF574,testis,1,,1b_testis_CT
ZNF575,,0,,4_broad
ZNF576,,0,,4_broad
ZNF577,choroid plexus,1,,3_vital
ZNF578,testis,1,,1b_testis_CT
ZNF579,"cerebellum, skeletal muscle",2,,3_vital
ZNF580,,0,,4_broad
ZNF581,ovary,1,,2_restricted
ZNF582,retina,1,,3_vital
ZNF583,testis,1,,1b_testis_CT
ZNF584,,0,,4_broad
ZNF585A,,0,,4_broad
ZNF585B,,0,,4_broad
ZNF586,bone marrow,1,2.6436553483753017e-08,1a_lymphoid
ZNF587,rectum,1,,2_restricted
ZNF587B,"bone marrow, skeletal muscle",2,0.024514421846587274,3_vital
ZNF589,spleen,1,0.009356255565542029,1a_lymphoid
ZNF592,skeletal muscle,1,,3_vital
ZNF593,skeletal muscle,1,,3_vital
ZNF593OS,retina,1,,3_vital
ZNF594,retina,1,,3_vital
ZNF595,placenta,1,,2_restricted
ZNF596,"retina, testis",2,,3_vital
ZNF597,testis,1,,1b_testis_CT
ZNF598,pancreas,1,,3_vital
ZNF599,,0,,4_broad
ZNF600,,0,,4_broad
ZNF605,cerebellum,1,,3_vital
ZNF606,thyroid gland,1,,2_restricted
ZNF607,testis,1,,1b_testis_CT
ZNF608,retina,1,,3_vital
ZNF609,"retina, testis",2,,3_vital
ZNF610,testis,1,,1b_testis_CT
ZNF611,fallopian tube,1,,2_restricted
ZNF613,prostate,1,,2_restricted
ZNF614,retina,1,,3_vital
ZNF615,prostate,1,,2_restricted
ZNF616,adrenal gland,1,,3_vital
ZNF618,,0,,4_broad
ZNF619,retina,1,,3_vital
ZNF620,retina,1,,3_vital
ZNF621,spinal cord,1,,3_vital
ZNF622,"heart muscle, pancreas",2,,3_vital
ZNF623,,0,,4_broad
ZNF624,testis,1,,1b_testis_CT
ZNF625,retina,1,,3_vital
ZNF626,"ovary, thyroid gland",2,,2_restricted
ZNF627,ovary,1,,2_restricted
ZNF628,testis,1,,1b_testis_CT
ZNF629,parathyroid gland,1,,2_restricted
ZNF630,,0,,4_broad
ZNF638,cerebellum,1,,3_vital
ZNF639,bone marrow,1,4.7457368235212637e-05,1a_lymphoid
ZNF641,adrenal gland,1,,3_vital
ZNF644,,0,,4_broad
ZNF646,testis,1,,1b_testis_CT
ZNF648,"liver, testis",2,,3_vital
ZNF649,prostate,1,,2_restricted
ZNF652,"breast, skeletal muscle",2,,3_vital
ZNF653,"cerebellum, testis",2,,3_vital
ZNF654,retina,1,,3_vital
ZNF655,esophagus,1,,2_restricted
ZNF658,skin,1,,2_restricted
ZNF66,"bone marrow, ovary",2,0.04955879050583923,1a_lymphoid
ZNF660,"ovary, retina",2,,3_vital
ZNF662,,0,,4_broad
ZNF664,"parathyroid gland, spinal cord",2,,3_vital
ZNF665,ovary,1,,2_restricted
ZNF667,pituitary gland,1,,3_vital
ZNF668,,0,,4_broad
ZNF669,bone marrow,1,2.7734564035462842e-05,1a_lymphoid
ZNF670,,0,,4_broad
ZNF671,cerebellum,1,,3_vital
ZNF672,skeletal muscle,1,,3_vital
ZNF674,retina,1,,3_vital
ZNF675,,0,,4_broad
ZNF676,"parathyroid gland, testis",2,,2_restricted
ZNF677,testis,1,,1b_testis_CT
ZNF678,,0,,4_broad
ZNF679,testis,1,,1b_testis_CT
ZNF680,thyroid gland,1,,2_restricted
ZNF681,thymus,1,0.009097408558836602,1a_lymphoid
ZNF682,,0,,4_broad
ZNF683,testis,1,,1b_testis_CT
ZNF684,liver,1,,3_vital
ZNF687,bone marrow,1,7.284250070202174e-10,1a_lymphoid
ZNF688,testis,1,,1b_testis_CT
ZNF689,testis,1,,1b_testis_CT
ZNF69,parathyroid gland,1,,2_restricted
ZNF691,liver,1,,3_vital
ZNF692,cerebellum,1,,3_vital
ZNF695,bone marrow,1,0.0002865805081365006,1a_lymphoid
ZNF696,,0,,4_broad
ZNF697,"kidney, placenta",2,,3_vital
ZNF699,,0,,4_broad
ZNF7,cerebellum,1,,3_vital
ZNF70,ovary,1,,2_restricted
ZNF700,,0,,4_broad
ZNF701,,0,,4_broad
ZNF703,skeletal muscle,1,,3_vital
ZNF704,,0,,4_broad
ZNF705A,epididymis,1,,2_restricted
ZNF705B,testis,1,,1b_testis_CT
ZNF705D,epididymis,1,,2_restricted
ZNF705G,testis,1,,1b_testis_CT
ZNF706,pancreas,1,,3_vital
ZNF707,"spleen, testis",2,0.01010162847541533,1a_lymphoid
ZNF708,spinal cord,1,,3_vital
ZNF709,testis,1,,1b_testis_CT
ZNF71,,0,,4_broad
ZNF710,"pancreas, skeletal muscle",2,,3_vital
ZNF711,testis,1,,1b_testis_CT
ZNF713,testis,1,,1b_testis_CT
ZNF714,"ovary, thyroid gland",2,,2_restricted
ZNF716,testis,1,,1b_testis_CT
ZNF717,epididymis,1,,2_restricted
ZNF718,thyroid gland,1,,2_restricted
ZNF721,,0,,4_broad
ZNF722,testis,1,,1b_testis_CT
ZNF723,testis,1,,1b_testis_CT
ZNF724,"bone marrow, esophagus",2,8.023890608977808e-05,1a_lymphoid
ZNF726,,0,,4_broad
ZNF727,,0,,4_broad
ZNF728,testis,1,,1b_testis_CT
ZNF729,testis,1,,1b_testis_CT
ZNF730,testis,1,,1b_testis_CT
ZNF732,"cerebellum, testis",2,,3_vital
ZNF735,,0,,4_broad
ZNF736,retina,1,,3_vital
ZNF737,"ovary, thyroid gland",2,,2_restricted
ZNF738,bone marrow,1,0.005912709785833303,1a_lymphoid
ZNF74,,0,,4_broad
ZNF740,thymus,1,0.023593147938522532,1a_lymphoid
ZNF746,bone marrow,1,5.796987880359486e-05,1a_lymphoid
ZNF747,parathyroid gland,1,,2_restricted
ZNF749,retina,1,,3_vital
ZNF750,"esophagus, skin",2,,2_restricted
ZNF75A,,0,,4_broad
ZNF75D,"adrenal gland, spleen",2,0.03383886300303278,3_vital
ZNF76,skeletal muscle,1,,3_vital
ZNF761,prostate,1,,2_restricted
ZNF763,retina,1,,3_vital
ZNF764,,0,,4_broad
ZNF765,"ovary, parathyroid gland",2,,2_restricted
ZNF766,testis,1,,1b_testis_CT
ZNF768,skeletal muscle,1,,3_vital
ZNF77,cerebellum,1,,3_vital
ZNF770,"epididymis, thyroid gland",2,,2_restricted
ZNF771,,0,,4_broad
ZNF772,retina,1,,3_vital
ZNF773,,0,,4_broad
ZNF774,,0,,4_broad
ZNF775,,0,,4_broad
ZNF776,"epididymis, retina",2,,3_vital
ZNF777,,0,,4_broad
ZNF778,parathyroid gland,1,,2_restricted
ZNF780A,,0,,4_broad
ZNF780B,retina,1,,3_vital
ZNF782,retina,1,,3_vital
ZNF783,,0,,4_broad
ZNF784,skeletal muscle,1,,3_vital
ZNF785,cerebellum,1,,3_vital
ZNF786,skin,1,,2_restricted
ZNF787,liver,1,,3_vital
ZNF789,prostate,1,,2_restricted
ZNF79,,0,,4_broad
ZNF790,testis,1,,1b_testis_CT
ZNF791,"bone marrow, retina",2,0.03495013898143736,3_vital
ZNF792,,0,,4_broad
ZNF793,"cerebellum, retina",2,,3_vital
ZNF799,placenta,1,,2_restricted
ZNF8,"cerebellum, retina",2,,3_vital
ZNF80,lymph node,1,1.0700568946747186e-13,1a_lymphoid
ZNF800,bone marrow,1,9.983236420820396e-19,1a_lymphoid
ZNF804A,,0,,4_broad
ZNF804B,thyroid gland,1,,2_restricted
ZNF805,bone marrow,1,1.3070216705019773e-14,1a_lymphoid
ZNF808,bone marrow,1,0.024767229741195964,1a_lymphoid
ZNF81,retina,1,,3_vital
ZNF813,prostate,1,,2_restricted
ZNF814,,0,,4_broad
ZNF816,,0,,4_broad
ZNF816-ZNF321P,"prostate, rectum",2,,2_restricted
ZNF821,"cerebellum, testis",2,,3_vital
ZNF823,,0,,4_broad
ZNF827,prostate,1,,2_restricted
ZNF829,testis,1,,1b_testis_CT
ZNF83,,0,,4_broad
ZNF830,spleen,1,0.02923167478393018,1a_lymphoid
ZNF831,"lymph node, tonsil",2,1.1324089735715333e-07,1a_lymphoid
ZNF835,cerebellum,1,,3_vital
ZNF836,adrenal gland,1,,3_vital
ZNF837,liver,1,,3_vital
ZNF839,testis,1,,1b_testis_CT
ZNF84,,0,,4_broad
ZNF841,,0,,4_broad
ZNF843,,0,,4_broad
ZNF844,retina,1,,3_vital
ZNF845,,0,,4_broad
ZNF846,seminal vesicle,1,,2_restricted
ZNF85,testis,1,,1b_testis_CT
ZNF850,bone marrow,1,4.863844546749642e-10,1a_lymphoid
ZNF852,,0,,4_broad
ZNF853,,0,,4_broad
ZNF860,tonsil,1,0.0005944311364412596,1a_lymphoid
ZNF862,"cerebellum, skin",2,,3_vital
ZNF865,skeletal muscle,1,,3_vital
ZNF875,retina,1,,3_vital
ZNF878,bone marrow,1,9.966729330468718e-05,1a_lymphoid
ZNF879,"retina, testis",2,,3_vital
ZNF880,,0,,4_broad
ZNF888,cervix,1,,2_restricted
ZNF891,"retina, testis",2,,3_vital
ZNF90,thyroid gland,1,,2_restricted
ZNF91,,0,,4_broad
ZNF92,bone marrow,1,3.379393648940804e-05,1a_lymphoid
ZNF93,,0,,4_broad
ZNF98,pancreas,1,,3_vital
ZNF99,testis,1,,1b_testis_CT
ZNFX1,bone marrow,1,4.372675846969456e-05,1a_lymphoid
ZNG1A,kidney,1,,3_vital
ZNG1B,"skeletal muscle, tongue",2,,3_vital
ZNG1C,choroid plexus,1,,3_vital
ZNG1E,liver,1,,3_vital
ZNG1F,liver,1,,3_vital
ZNHIT1,liver,1,,3_vital
ZNHIT2,testis,1,,1b_testis_CT
ZNHIT3,,0,,4_broad
ZNHIT6,,0,,4_broad
ZNRD2,skeletal muscle,1,,3_vital
ZNRF1,"esophagus, skeletal muscle",2,,3_vital
ZNRF2,,0,,4_broad
ZNRF3,epididymis,1,,2_restricted
ZNRF4,testis,1,,1b_testis_CT
ZP1,"pituitary gland, thymus",2,0.03948301274015279,3_vital
ZP2,cerebellum,1,,3_vital
ZP3,ovary,1,,2_restricted
ZP4,ovary,1,,2_restricted
ZPBP,testis,1,,1b_testis_CT
ZPBP2,testis,1,,1b_testis_CT
ZPLD1,"gallbladder, retina",2,,3_vital
ZPR1,bone marrow,1,0.0008791232032740867,1a_lymphoid
ZRANB1,"skeletal muscle, tongue",2,,3_vital
ZRANB2,,0,,4_broad
ZRANB3,retina,1,,3_vital
ZRSR2,bone marrow,1,0.0035411535838363356,1a_lymphoid
ZSCAN1,pituitary gland,1,,3_vital
ZSCAN10,"cerebellum, skin",2,,3_vital
ZSCAN12,retina,1,,3_vital
ZSCAN16,,0,,4_broad
ZSCAN18,,0,,4_broad
ZSCAN2,pancreas,1,,3_vital
ZSCAN20,,0,,4_broad
ZSCAN21,,0,,4_broad
ZSCAN22,pituitary gland,1,,3_vital
ZSCAN23,retina,1,,3_vital
ZSCAN25,thymus,1,0.002147378439176841,1a_lymphoid
ZSCAN26,"cerebellum, ovary, retina",3,,3_vital
ZSCAN29,"retina, testis",2,,3_vital
ZSCAN30,"cerebellum, retina",2,,3_vital
ZSCAN31,,0,,4_broad
ZSCAN32,,0,,4_broad
ZSCAN4,stomach,1,,2_restricted
ZSCAN5A,testis,1,,1b_testis_CT
ZSCAN5B,testis,1,,1b_testis_CT
ZSCAN5C,,0,,4_broad
ZSCAN9,testis,1,,1b_testis_CT
ZSWIM1,skeletal muscle,1,,3_vital
ZSWIM2,testis,1,,1b_testis_CT
ZSWIM3,,0,,4_broad
ZSWIM4,"esophagus, salivary gland",2,,2_restricted
ZSWIM5,adrenal gland,1,,3_vital
ZSWIM6,,0,,4_broad
ZSWIM7,skeletal muscle,1,,3_vital
ZSWIM8,,0,,4_broad
ZSWIM9,basal ganglia,1,,3_vital
ZUP1,bone marrow,1,6.113221701398325e-05,1a_lymphoid
ZW10,,0,,4_broad
ZWILCH,testis,1,,1b_testis_CT
ZWINT,"bone marrow, thymus",2,0.008144536033735049,1a_lymphoid
ZXDA,,0,,4_broad
ZXDB,liver,1,,3_vital
ZXDC,bone marrow,1,9.874609898003002e-14,1a_lymphoid
ZYG11A,"kidney, testis",2,,3_vital
ZYG11B,"skeletal muscle, tongue",2,,3_vital
ZYX,endometrium,1,,2_restricted
ZZEF1,small intestine,1,,2_restricted
ZZZ3,,0,,4_broad
